status,value,alphaAddresses,retailAddresses
alpha-only,     ,0x0020347C | 0x002060F1,
alpha-only,                                  -- no parameters = no parameters,0x001F0278,
alpha-only,           vertices:,0x0020BFD4,
alpha-only,     - all ridges:,0x0020CA74,
alpha-only,     - r%d,0x0020C000,
alpha-only,     at offset: ,0x00207BA9,
alpha-only,     halfspace: ,0x00207BBD,
alpha-only,    %s,0x001FCB7C,
alpha-only,    - center: ,0x0020C844,
alpha-only,    - coplanar set:,0x0020C76C,
alpha-only,    - coplanar set:  %d points.,0x0020C74C,
alpha-only,    - flags:,0x0020CA2C,
alpha-only,    - neighboring facets: ,0x0020C700,
alpha-only,    - normal: ,0x0020C86C,
alpha-only,    - outside set:,0x0020C7F0,
alpha-only,    - outside set:  %d points.,0x0020C7D0,
alpha-only,    - ridges (ids may be garbage):,0x0020CAA0,
alpha-only,    - vertices:,0x0020C71C,
alpha-only,    maximum,0x00208A88,
alpha-only,    maximum (includes initial simplex),0x002089F0,
alpha-only,    maximum vertices deleted per iteration,0x00208D74,
alpha-only,   ave. number found per vertex,0x0020989C,
alpha-only,   distance tests for these partitions,0x00208E18,
alpha-only,   max. found for a vertex,0x00209880,
alpha-only,   Size Count     Min     Max  Caller,0x00200F78,
alpha-only,"  ""None""                        -- no parameters",0x001F0240,
alpha-only,"  ""Object"", ""TagName""         -- for the first object in tag to be the argument",0x001F0158,
alpha-only,"  ""Path"", path                  -- for a table of x,y,z entries",0x001F0118,
alpha-only,"  ""Position.Point"", xPos, yPos, zPos  -- position is the given x, y, z point",0x001F01F0,
alpha-only,"  ""Position.Region"", ""RegionName""   -- position is center of region",0x001F01A8,
shared,  %.20s is %d but read %d,0x001FED0D,0x0023FDA5
alpha-only,"  (%f, %f, %f)",0x001F07CC,
shared,  <%.70s: line %d>,0x001FE051,0x0023F10D
alpha-only,  [%s (%s)] => [%s (%s)],0x001ED280,
alpha-only,  additional non-convex ridges,0x0020950C,
alpha-only,  ave. additional non-convex ridges per iteration,0x0020957C,
alpha-only,  ave. angle to ridge,0x00209C74,
alpha-only,  ave. distance of midpoint to ridge,0x00209CD4,
alpha-only,  ave. distance tests per check,0x002087D8,
alpha-only,  ave. distance to ridge,0x00209D28,
alpha-only,  ave. facets deleted per iteration,0x00208A94,
alpha-only,  ave. facets per cycle,0x00209388,
alpha-only,  ave. new facets created (may be deleted),0x00209BC4,
alpha-only,  ave. number of ridges per tested vertex,0x00209854,
alpha-only,  ave. visible facets without an horizon neighbor,0x00208AB8,
alpha-only,  average merge distance,0x00209710,
alpha-only,  could not be built with [%s],0x001ED260,
alpha-only,  deleted,0x0020994C,
alpha-only,  duplicate ridges detected,0x00209A34,
alpha-only,  facets deleted because of no neighbors,0x00209988,
alpha-only,  freelists (bytes->count):,0x002030B4,
alpha-only,  Furthest,0x0020C7C4,
alpha-only,  inside points kept with a facet,0x00208BF4,
alpha-only,  inside points that were coplanar with a facet,0x00208BC4,
alpha-only,  Last merge was #%d.,0x0020B4C0,
alpha-only,  Last point added p%d visitid %d.,0x0020B0A4,
alpha-only,  Last point added to hull was p%d.,0x0020B4D8,
alpha-only,  Last point added was p%d.,0x0020B378,
shared,  last token read: `%.30s' at line %d in %.80s,0x001FEF73,0x0023F953
alpha-only,  max. angle to ridge,0x00209C5C,
alpha-only,  max. distance of midpoint to ridge,0x00209CAC,
alpha-only,  max. distance to ridge,0x00209D0C,
alpha-only,  max. facets,0x00209378,
alpha-only,  max. new facets created,0x00209BA8,
alpha-only,  max. number of ridges per tested vertex,0x00209828,
alpha-only,  max. random joggle,0x00208B30,
alpha-only,  maximum,0x002095B0,
alpha-only,  maximum additional in one pass,0x00209558,
alpha-only,  maximum angle (cosine) of facet normals across a ridge,0x002084E0,
alpha-only,  Maximum distance of %spoint above facet: %2.2g,0x0020A388,
alpha-only,  Maximum distance of %svertex below facet: %2.2g,0x0020A348,
alpha-only,  maximum facet area,0x00208474,
alpha-only,  maximum merge distance,0x002096F4,
alpha-only,  maximum merges for a facet (at most 511),0x00208554,
alpha-only,  minimum angle (cosine) of facet normals across a ridge,0x002084A4,
alpha-only,  minimum facet area,0x0020845C,
alpha-only,  neighbors:,0x0020BD6C,
alpha-only,  number of trials,0x0020898C,
shared,  read %.16g; expected %.16g,0x001FED4A,0x0023FDE2
shared,  read version %d.%d; expected at least %d.%d,0x001FEDE5,0x0023FE7D
shared,  read version %d.%d; expected at most %d.%d,0x001FEE25,0x0023FEBD
alpha-only,  repartitioned coplanar points for flipped orientation,0x00208C28,
alpha-only,  standard deviation,0x002089BC,
alpha-only,  testhorizon? %d noupper? %d,0x0020B394,
alpha-only,  vertices (new %d):,0x002060D9,
alpha-only,  zero diagonal for Gauss: ,0x00209ECA,
shared," !""#$",0x00189653,0x001BEF2B
shared," !""#$%",0x0018970B,0x001BEFE3
shared," !""#$%&'(",0x001898DD,0x001BF1B5
shared," !""#$%&'()*+",0x001893F8,0x001BECD0
retail-only," !""#$%&'/.-,+*)(01234567?>=<;:98",,0x0023D4E8
shared," !$""",0x001CF293,0x0020592B
shared, % 5 U,0x00185757,0x001BB02F
alpha-only, %2.2g,0x00203470,
alpha-only, %5.2g,0x0020BD98,
alpha-only, %6.2g,0x00207C2C,
alpha-only, %8.4g,0x0020BD54,
alpha-only, %d->%d,0x002030AC,
alpha-only, '%s' size mismatch (%d vs %d),0x001EF9D8,
alpha-only, 'good',0x0020A9EC,
shared, *)%,0x001CE793,0x00204E2B
alpha-only, *0 cnt*,0x00209E24,
alpha-only, - [%s] [%s],0x001F0584,
alpha-only, - [%s] [%s] [%d],0x001F05EC,
alpha-only, - add failed for [%s],0x001F247C,
alpha-only, - data size [%d] of [%d],0x001F2284,
alpha-only, - failed,0x001ED500,
alpha-only, - failed or not found,0x001F2394,
alpha-only, - failed!,0x001F2278,
alpha-only, - not present,0x001E9D84,
alpha-only, - success,0x001ED50C,
alpha-only, - tag [not found],0x001F0718,
alpha-only, - tag1 [%s],0x001F06CC,
alpha-only, - tag2 [%s],0x001F06BC,
alpha-only, - test : %d cycles,0x001F3378,
shared, : ',0x0020E88C,0x0023D94C
retail-only, @_health0_stop,,0x0022E40A
shared, [%.170s],0x001F9950,0x00238570
alpha-only, and at-infinity,0x0020AAA8,
alpha-only, and distance: ,0x00207B98,
shared, at line %d,0x001F995C,0x0023857C
alpha-only, AThought taken for %f concentration points,0x001E98B6,
alpha-only, ave. clearly better,0x00208CF0,
alpha-only, ave. coplanar search,0x00208D20,
alpha-only, ave. facets tested,0x00208D4C,
alpha-only, bottom,0x0020CA1C,
alpha-only, calls due to qh_sharpnewfacets,0x00208CD0,
alpha-only, coplanar,0x0020C9C0,
alpha-only, degenerate,0x0020C940,
alpha-only, deleted,0x0020BD8C,
alpha-only, DUP,0x0020C6F0,
alpha-only, dupridge,0x0020C994,
alpha-only, every frame,0x002023D0,
alpha-only, f%d,0x0020BD64,
alpha-only, flipped,0x0020C95C,
alpha-only, horizon facets better than bestfacet,0x00208C90,
alpha-only, keepcentrum,0x0020C9A0,
alpha-only, max. facets tested,0x00208D38,
alpha-only, MERGE,0x0020C6F8,
alpha-only, mergehorizon,0x0020C9B0,
alpha-only, mergeridge1,0x0020C984,
alpha-only, mergeridge2,0x0020C974,
alpha-only, neighbors:,0x00206071,
alpha-only, new,0x0020C9DC,
alpha-only, newmerge,0x0020C968,
alpha-only, nonconvex,0x0020BFEC,
alpha-only, notfurthest,0x0020C94C,
alpha-only, notG,0x0020C9D4,
alpha-only, p%d,0x0020792C,
alpha-only, p%d (v%d),0x0020BDC0,
alpha-only, p%d: ,0x0020BD5C,
alpha-only, r%d,0x0020CA98,
alpha-only, redundant,0x0020C934,
alpha-only, ridgedeleted,0x0020BD7C,
alpha-only, seen,0x0020C9CC,
alpha-only, Sending geometry of type ,0x002026D0,
alpha-only, Sending sub geometry of type ,0x0020273C,
alpha-only, simplicial,0x0020CA10,
alpha-only, sub geometery(s) and is located at position ,0x002027A0,
alpha-only, tested,0x0020BFF8,
alpha-only, top,0x0020CA24,
alpha-only, triangles.,0x00202778,
alpha-only, tricoplanar,0x0020CA00,
alpha-only, upperDelaunay,0x0020C9F0,
alpha-only, vertices and ,0x00202768,
alpha-only, visible,0x0020C9E4,
shared, with default tag,0x001FE670,0x0023F67C
alpha-only, with new client,0x002028C8,
shared,!#!3!T,0x00186695,0x001BBF6D
shared,!%!5!R,0x00185799,0x001BB071
shared,"!%.%""",0x001CEF12,0x002055AA
shared,!'!!,0x0018A16E,0x001BFA46
shared,!'.$,0x001CEF53,0x002055EB
alpha-only,!(*i).IsSafe(),0x00200D7C,
alpha-only,!(id&TEXTURE_SYSTEM),0x001F6B2C,
shared,!*(&,0x001CE7D3,0x00204E6B
alpha-only,!arrayPtr,0x001F63F8,
alpha-only,!bodyEnabled,0x001EDC10,
alpha-only,!bufferManager.IsFull(),0x001F848C,
alpha-only,!chainedStack.IsEmpty(),0x001FF25C,
alpha-only,!classMaterialHash.IsPresent(crcClassName),0x001F7BF8,
alpha-only,!controller,0x001EDCBC,
alpha-only,!currentMode,0x002002E4,
alpha-only,!deferStateChange,0x001EDE18,
alpha-only,!directory.loadGroupTable[id].isLoaded,0x00201E10,
alpha-only,"!dispatchers.IsPresent(ActorBehaviorParameter(actorType, behaviorType, parameterType))",0x001F2BD0,
alpha-only,!doneEvent,0x002021E4,
alpha-only,!dTracker,0x001FB10C,
alpha-only,!eventQueue,0x001FF174,
alpha-only,!FAILED(hr),0x001F5DC8,
alpha-only,"!FindObjective(objective.GetName(), TRUE)",0x001EFFB4,
alpha-only,!handle.file.IsOpen(),0x00200CFC,
alpha-only,!idToObject.IsPresent(itemId),0x001FAAA0,
alpha-only,!initialized,0x001FB820,
alpha-only,!instance,0x001EFF10,
alpha-only,!interfaces.GetSize(),0x001FFF10,
alpha-only,!IsHoldingActor(),0x001E8F00,
alpha-only,!IsOpen(),0x00201878,
alpha-only,!issuedIds.IsPresent(id),0x001FC1D0,
alpha-only,!keys,0x001FF708,
alpha-only,!lanes.IsEmpty(),0x001ECF8C,
alpha-only,!laneSequence.IsEmpty(),0x001ECFC4,
alpha-only,!language,0x001FF710,
alpha-only,!mtl,0x001F5E0C,
alpha-only,!mtl->IsFlag(FL_MTL_INVISIBLE),0x001F75D4,
alpha-only,!nodeStorage.IsFull(),0x001E9610,
alpha-only,!profile,0x001F2470,
alpha-only,!recordCountF32,0x001F22D0,
alpha-only,!recordCountKey,0x001F22E0,
alpha-only,!recordCountStr,0x001F22C0,
alpha-only,!regions.IsFull(),0x001EFE3C,
alpha-only,!requestEvent,0x002021F0,
alpha-only,!residentList.IsPresentPtr(loadGroup),0x00200514,
alpha-only,!respawnManagedIds.IsPresent(id),0x001EF3B4,
alpha-only,!respawnManager,0x001EF470,
alpha-only,!root,0x001F6404,
alpha-only,!segmentTable.IsEmpty(),0x001EEBAC,
alpha-only,!smallTagDataStorage.IsFull(),0x001FB438,
alpha-only,!soundManager,0x001F87B8,
alpha-only,!system,0x001EF018,
alpha-only,!system.handlerRoot,0x001FFBFC,
alpha-only,!system.loaded,0x001FF730,
alpha-only,!systemState,0x001FF338,
alpha-only,!tags.IsFull(),0x001EFE98,
alpha-only,!thread,0x002021DC,
alpha-only,!toInstantiate,0x001EF460,
alpha-only,!type.geometryCrcs.reference.IsEmpty(),0x001FAA60,
alpha-only,!userManaged,0x001E9168,
alpha-only,!weapon->IsHoldingActor(),0x001EDE58,
alpha-only,!weaponBays.IsEmpty(),0x001EEAB8,
shared,""" #$",0x001CF253,0x002058EB
shared,"""!+'",0x001CED13,0x002053AB
shared,"""*'&",0x001CE813,0x00204EAB
alpha-only,"""?rigidBody",0x001EC152,
shared,"""SO ",0x001C7D78,0x001FE410
shared,# #&,0x001CF213,0x002058AB
shared,#####3#3#S,0x00186E19,0x001BC6F1
shared,"#%,$ ",0x001CEED2,0x0020556A
shared,#*&',0x001CE853,0x00204EEB
alpha-only,#<d:\builder-src\code\projects\ufo\ufo_building.h,0x001EA916,
retail-only,#gui.common.continue_oneword,,0x0022EB1C
retail-only,#gui.common.no,,0x0022EB4C
retail-only,#gui.common.yes,,0x0022EB3C
retail-only,#gui.progress.xbox.boot.freespace,,0x0022EAF8
retail-only,#gui.progress.xbox.load.failure,,0x0022E9B8
retail-only,#gui.progress.xbox.load.success,,0x0022E998
retail-only,#gui.progress.xbox.save.abort,,0x0022EA64
retail-only,#gui.progress.xbox.save.dashboardconfirm,,0x0022EAA8
retail-only,#gui.progress.xbox.save.failure,,0x0022E9D8
retail-only,#gui.progress.xbox.save.freespace,,0x0022EAD4
retail-only,#gui.progress.xbox.save.overwrite,,0x0022EA84
retail-only,#gui.progress.xbox.save.successauto,,0x0022EA20
retail-only,#gui.progress.xbox.save.successmanual,,0x0022E9F8
retail-only,#gui.progress.xbox.save.writing,,0x0022EA44
shared,$ ((,0x001CED93,0x0020542B
retail-only,$ u#,,0x00128DEB
shared,$#$3$R,0x0018690D,0x001BC1E5
shared,$$XSIMAGE,0x001F381C,0x00230AB4
shared,$$XTIMAGE,0x001F3828,0x00230AC0
shared,$$XTINFO,0x001F3834,0x00230ACC
shared,$%$%$5$5$E$E$V,0x00185A43,0x001BB31B
retail-only,"$%,-&'./45<=67>?",,0x0023D2F0
shared,"$(-""",0x001CEF93,0x0020562B
shared,$)%',0x001CE8D3,0x00204F6B
shared,$)&',0x001CE893,0x00204F2B
retail-only,"$,4<=>?7/'&%-56. (089:;3+#""!)12*",,0x0023D5E8
shared,"$Authors: W. Celes, R. Ierusalimschy & L. H. de Figueiredo $",0x001FD561,0x0023E879
shared,$C\*,0x001F3604 | 0x001F37CC | 0x001F395C | 0x001F3B0C,0x00230730 | 0x002308B4 | 0x00230A64 | 0x00230C3C
retail-only,$f95Di(,,0x001401B7
alpha-only,$h y ,0x001446C8,
alpha-only,"$h,| ",0x00144F82,
alpha-only,$h0d ,0x00141140,
alpha-only,$h0L ,0x0013BF33,
alpha-only,$h4| ,0x00144F5F,
alpha-only,$h8\ ,0x0013F0D5,
retail-only,$hh\#,,0x0010B9EE
alpha-only,$hhc ,0x00141298,
alpha-only,$hpr ,0x00142A3A,
alpha-only,$hxa ,0x00140BC6,
alpha-only,$Pht,0x000589E7,
alpha-only,$Qh\] ,0x0013F46B,
alpha-only,$WWh8{ ,0x00144CD8,
alpha-only,% 3+,0x001E2B1E | 0x001E5A8B | 0x001E5AEE | 0x001E5CBE,
retail-only,% G$,,0x00013FA1
shared,"%""#..",0x001CE9D2,0x0020506A
retail-only,"%""m(",,0x0021FAE9
shared,%#%3%C%T,0x0018696D,0x001BC245
retail-only,%$s$,,0x0004C2C1 | 0x0004C301
shared,%($(,0x001CE913,0x00204FAB
retail-only,"%(\""",,0x000133A6 | 0x0003E498 | 0x0004645C | 0x00046509 | 0x0004F069 | 0x0004F23C | 0x0004FE3E | 0x000695FA | 0x0007E952 | 0x0007FECA | 0x000906D0 | 0x00098882 | 0x000C0DD0 | 0x000C6657 | 0x000C694D | 0x000F4971 | 0x000FD541 | 0x0010275A | 0x001196EE | 0x00119707 | 0x0011971B | 0x0011E693 | 0x0011E6C4 | 0x0011F6CD | 0x0011F6F7 | 0x001207A0 | 0x001207D1 | 0x001214FF | 0x00121522 | 0x0012199B | 0x001219BE | 0x00121BAF | 0x00121BCF | 0x0012BBD0 | 0x0014D968 | 0x0014DBD8 | 0x0014E10E | 0x00184983 | 0x001849C5 | 0x00184A07 | 0x00184A45 | 0x00185D36 | 0x001AA49A | 0x001AA4DC | 0x001AA51A | 0x001AA558 | 0x001AA9D1 | 0x001AAA0F | 0x001AAA59 | 0x001E35E7 | 0x001F0118 | 0x001F58D6
alpha-only,%*3+,0x001E2ACA,
alpha-only,"%, +",0x0014633E | 0x00146381,
shared,"%,3:;4-&'./5<=67>?",0x0018308E,0x001B8966
alpha-only,%.02f,0x001FAE74,
shared,%.16g,0x001FE334,0x0023F38C
shared,%.70s,0x001F997C,0x0023859C
shared,"%.8s expected, got %.8s",0x001FD654,0x0023E954
retail-only,%03d-%03d.bin,,0x0022EB80
shared,%08lx,0x001F3840,0x002307F8
retail-only,%08X,,0x002355BC
shared,%08x,0x001F9A00,0x00235C6C
alpha-only,%2.2g ,0x0020B40C,
shared,%4d:  ,0x001F99DC,0x002385FC
alpha-only,%6.2e ,0x00209E30,
alpha-only,%6.3g ,0x00207920,
alpha-only,%6.8g ,0x00207BD0,
alpha-only,%7.2g,0x00209E1C,
alpha-only,%7.3g,0x00209E10,
alpha-only,%7d %5d,0x00200F24,
alpha-only,%7d %5d %7d %7d  %s%s,0x00200ED8,
alpha-only,%8 +,0x00145C20,
alpha-only,%8.4g ,0x0020BD04,
alpha-only,%8.4g %8.4g %8.4g # ,0x0020BEF4,
alpha-only,%8.4g %8.4g %8.4g %8.4g # ,0x0020BED8,
retail-only,"%8\""",,0x000906C4 | 0x0018DA98
retail-only,"%8n""",,0x0001A03F | 0x0001A068 | 0x000563B4 | 0x00176FDB
retail-only,%8t$,,0x0004E84D | 0x0004E9A5 | 0x0004EA43
retail-only,"%<\""",,0x0001171E | 0x00032F98 | 0x000379DF | 0x00059A5C | 0x000773FE | 0x0007743B | 0x00077478 | 0x0008CE8B | 0x000A515E | 0x000AB828 | 0x000AB83F | 0x000AB8CA | 0x000AB8DC | 0x000AB91F | 0x000AB93E | 0x000AB959 | 0x000ABD30 | 0x000ABD4A | 0x000ABD66 | 0x000ACCF6 | 0x000ACD57 | 0x000ACD70 | 0x000ACDD1 | 0x000ACDEB | 0x000ACF9D | 0x000ACFB6 | 0x000AD7BC | 0x000AD7D5 | 0x000AD845 | 0x000AD85F | 0x000AD896 | 0x000AD8A8 | 0x000AE256 | 0x000AE26F | 0x000AE2A3 | 0x000AE2B7 | 0x000AE32B | 0x000AE33D | 0x000AE35E | 0x000AEB6E | 0x000AEB87 | 0x000AEBC1 | 0x000AEBD3 | 0x000AEBF4 | 0x000AEC62 | 0x000E1549 | 0x001A03A7 | 0x001D8240 | 0x001D8248 | 0x001D8E63 | 0x001D8E6B
retail-only,"%@\""",,0x000321A3
retail-only,%\`$,,0x00028452 | 0x00028881
retail-only,%\s$,,0x0004CF8D
alpha-only,%d %d %d,0x0020BDD8,
alpha-only,%d %d %d ,0x0020BDCC,
shared,%d is not a valid tag,0x001FE5D4,0x0023F5E0
alpha-only,%d is responding to %d,0x001ED518,
retail-only,%d/%m/%Y,,0x002337B8
retail-only,"%DZ""",,0x0022362C
retail-only,"%L[""",,0x000B6D9B
alpha-only,%LD!,0x000A630B,
retail-only,"%Lh""",,0x0001ACB5 | 0x0006735B
retail-only,"%LZ""",,0x000B6D83
retail-only,%m/%d/%Y,,0x002337C4
retail-only,"%P[""",,0x0014369B
retail-only,"%p[""",,0x001EFAB1
retail-only,"%PZ""",,0x000B6D89
alpha-only,%s %d (%d),0x001F62E4,
retail-only,%s %X,,0x0022B05C
alpha-only,%s - Tag [%s] unknown,0x001F0468,
alpha-only,%s - tag name expected,0x001F0480,
alpha-only,%s [%5.1f%%],0x002015F4,
alpha-only,%s flag not supported,0x001FC6A8,
alpha-only,%s set=%p maxsize=%d size=%d elems=,0x00205298,
alpha-only,%s%03d.BMP,0x001F715C,
shared,%s%s,0x001F38BC,0x00230B0C
alpha-only,%s%s %s,0x001FF0C4,
alpha-only,"%s%s %s S[%.0f,%.0f] P[%.0f,%.0f] AA[%s]",0x001FF448,
alpha-only,%s(%d): ,0x002014A0,
alpha-only,%s(%s),0x001FF0BC,
alpha-only,%s. Script function [%08X] not handled,0x001FC398,
shared,%s.completed,0x001F00CC,0x0022BB0C
shared,%s.end,0x001FFAEC,0x002352B4
alpha-only,%s.Spawn(%s) - Tag unknown,0x001FC32C,
alpha-only,%s.SpawnType - type [%s] not present in engine block (do you need to AddAsset?),0x001FC348,
shared,%s.start,0x001FFAF4,0x002352BC
alpha-only,%s: %d us,0x002017A4,
alpha-only,%s: %d us (%.2f frames),0x00200640,
shared,%s:%s,0x001B1B70,0x001E76F0
alpha-only,%s[%1.2f] ,0x001F138C,
shared,%sDestroyed,0x001FBE08,0x00235814
retail-only,"%TZ""",,0x000B6D8F
retail-only,%t~$,,0x00058AF1
retail-only,"%xa""",,0x0009B44A | 0x0014D5F4 | 0x001591C1
retail-only,%Y/%m/%d,,0x002337AC
shared,&!(&,0x001CEDD3,0x0020546B
shared,"&%,329:;4-'.5<=6/7>?",0x0018304C,0x001B8924
shared,"&&""*.",0x001CE992,0x0020502A
retail-only,"&'./67>?<=45,-$%""#*+23:;8901() !",,0x0023D568
shared,&(#(,0x001CE953,0x00204FEB
alpha-only,&(object.GetType()),0x001FCA90,
alpha-only,&matA != &matB,0x00201544,
alpha-only,&matA != &matC,0x00201534,
alpha-only,&matA!=&matB,0x00201524,
alpha-only,&matA!=&matC,0x00201514,
alpha-only,&parent,0x001E9238,
alpha-only,&vecA != &vecB,0x00201554,
alpha-only,'%s' is not an environment setting,0x001F2C5C,
shared,"'&%,3:;4-./765<=>?",0x001830CE,0x001B89A6
retail-only,"'&/.76?>=<54-,%$#""+*32;:9810)(! ",,0x0023D428
shared,'.5<=6/7>?,0x00183016,0x001B88EE
retail-only,"'/&.%-$,#+""*!) (1089:2;3<4=567?>",,0x0023D4A8
retail-only,'8]01#,,0x00233249
shared,'`%`&e,0x001854AB,0x001BAD83
retail-only,'sS`,,0x0028FDD6
alpha-only,(&v0!=&v1) && (&v0!=&v2),0x00201464,
shared,((+!,0x001CEFD3,0x0020566B
alpha-only,(*destructionPerGroup)[group]>0,0x001FB830,
alpha-only,(*k).value.GetSize() <= U8_MAX,0x001F22A0,
alpha-only,(?skeleton,0x001EA66A,
shared,(@Pj,0x0009FEAF | 0x0009FFFF | 0x000A02C2 | 0x000A041C | 0x000A058F,0x001617CF | 0x0016193F | 0x00161AAC | 0x00161C52 | 0x00161DCC | 0x00161F6F | 0x001620EC
alpha-only,(Abs(_tgtIn.x))<32.f && (Abs(_tgtIn.y))<32.f && (Abs(_tgtIn.z))<32.f,0x001F5BB8,
alpha-only,(Abs(_value.x))<32.f && (Abs(_value.y))<32.f && (Abs(_value.z))<32.f,0x001F5C00,
alpha-only,(activeSpawnTable_ && activeSpawnTableOperatingConditions_) || (!activeSpawnTable_ && !activeSpawnTableOperatingConditions_),0x001EF4D0,
alpha-only,(column>=0) && (column<columns),0x001FB85C,
alpha-only,(eventListener->GetObjectInterface() == NULL) || (Object::GetPtr(eventListener->GetObjectInterface()) != NULL),0x001FA8D0,
retail-only,(f9U,,0x00177626
shared,(limit),0x001FEAFC,0x0023FBC4
shared,(no message),0x001F9928,0x00238548
shared,(null),0x001F8200 | 0x0020D1E4,0x0023891C | 0x0023D750
alpha-only,(previousFrame->Common&0x780000)==0,0x0020E5F8,
alpha-only,(previousFrameSurf->Common&0x780000)==0,0x0020E5D0,
alpha-only,(row>=0) && (row<rows),0x001FB87C,
alpha-only,(slotDescriptor[slot] & IN_USE_FLAG) != 0,0x001F8444,
alpha-only,(slotDescriptor[slot] & IN_USE_FLAG) == 0,0x001F83FC,
shared,(step),0x001FEAF4,0x0023FBBC
alpha-only,(subMesh.indexBuffer->Common&0x780000)==0,0x001F6BC8,
alpha-only,(subMesh.vertexBuffer->Common&0x780000)==0,0x001F6BF4,
alpha-only,(SUVWj,0x000C4402,
shared,(table),0x001FEB04,0x0023FBCC
alpha-only,(terrainMesh->vertexBuffer->Common&0x780000)==0,0x001F76B0,
alpha-only,(textureLookup->Common&0x780000)==0,0x001F7508,
alpha-only,(U32)contacts.getSize(),0x001F9FC0,
alpha-only,(vertexBuffer->Common&0x780000)==0,0x001F74E4,
alpha-only,(vertexBuffer[i]->Common&0x780000)==0,0x001F795C,
shared,) !(,0x001CF193,0x0020582B
shared,): [,0x0020E880,0x0023D940
alpha-only,)\$$h,0x00131743 | 0x00131BFF | 0x00131C73,
alpha-only,)\$Dh,0x001318FD,
alpha-only,)D$(h,0x00131AC9,
alpha-only,)D$xh,0x00131409,
retail-only,)qX0#,,0x002332E6
shared,)tZ=,0x001AE9E3,0x001E4563
shared,*$*S,0x001868C1,0x001BC199
shared,** Havok libs built with version [,0x001F41BC,0x00231718
retail-only,*>Integer divide by zero,,0x002337EA
alpha-only,*>numSegments,0x00201A8E,
alpha-only,*newPos == DTRACK_EMPTY,0x00201A50,
alpha-only,*trackPos == DTRACK_EMPTY,0x002018F4,
shared,"+%(""",0x001CF013,0x002056AB
retail-only,+G4Php9#,,0x000D9DA1
alpha-only,+parent,0x001F636B,
shared,",""'$",0x001CF053,0x002056EB
retail-only,",80#",,0x002332FF
alpha-only,-  +,0x00143660,
alpha-only,- [Current] %d,0x001F1010,
alpha-only,- [Delay] %.2f,0x001F118C,
alpha-only,- [Distance] %.2f,0x001F1104,
alpha-only,- [Distance] Unavailable,0x001F10E8,
alpha-only,- [FistPersonTest] %s,0x001F0D4C,
alpha-only,- [FocusMode] Active,0x001F0F34,
alpha-only,- [FocusMode] Alien,0x001F0F4C,
alpha-only,- [FocusMode] UFO,0x001F0F60,
alpha-only,- [Group] 0x%08X,0x001F0E08,
alpha-only,- [Id] %d,0x001F1004,
alpha-only,- [Mode] %s,0x001F0E1C,
alpha-only,- [Notify] %s,0x001F117C,
alpha-only,- [Objective] %s (%s),0x001F0E58,
alpha-only,- [Region] %s,0x001F10A0,
alpha-only,- [Remaining] %.2f,0x001F1168,
alpha-only,- [Subtarget] 0x%08X,0x001F10D0,
alpha-only,- [Tag1] 0x%08X (%s),0x001F1130,
alpha-only,- [Tag2] 0x%08X (%s),0x001F1118,
alpha-only,- [Tag] 0x%08X (%s),0x001F1020,
alpha-only,- [Type] Custom,0x001F0DC0,
alpha-only,- [Type] FirstPerson,0x001F0D64,
alpha-only,- [Type] Group,0x001F0E28,
alpha-only,- [Type] Logic,0x001F0E70,
alpha-only,- [Type] Player,0x001F0F74,
alpha-only,- [Type] TagDestroyed,0x001F1068,
alpha-only,- [Type] TagRegion,0x001F10BC,
alpha-only,- [Type] Timer,0x001F119C,
alpha-only,- p%d (v%d):,0x0020BDA0,
shared,-!!),0x001CF113,0x002057AB
alpha-only,-$(+,0x00147843,
retail-only,"-(\""",,0x0001A1B1 | 0x00033822 | 0x000346F1 | 0x00034929 | 0x0003D756 | 0x0004A9AB | 0x0004C2CD | 0x0004FE65 | 0x0005463B | 0x0005714E | 0x00077D2C | 0x000799E5 | 0x00079A48 | 0x00079E4C | 0x0007A03A | 0x00092F1E | 0x00099BDE | 0x000A0CF1 | 0x000A0D13 | 0x000A0D54 | 0x000A0E7C | 0x000A0E8C | 0x000AC684 | 0x000AC9B1 | 0x000ACA5F | 0x000ACB1C | 0x000ACBCC | 0x000AE128 | 0x000AF00F | 0x000AF051 | 0x000AF097 | 0x000AF0DB | 0x000AF1BF | 0x000AF368 | 0x000B86FF | 0x000B872D | 0x000B875E | 0x000B8A63 | 0x000C19A4 | 0x000C1A1C | 0x000C1AC4 | 0x000C1B3C | 0x000C2D04 | 0x000C2D9C | 0x000C2E49 | 0x000C2EE3 | 0x000D45C6 | 0x000ED299 | 0x000ED2B2 | 0x000ED2CB | 0x000ED2E5 | 0x000F4C3D | 0x000F4C56 | 0x000F4C6F | 0x000F4C89 | 0x0011E776 | 0x0011E7D9 | 0x0011E86F | 0x0011F244 | 0x0011F830 | 0x0011F88D | 0x0011F91D | 0x0011F936 | 0x0011F967 | 0x0011F9A4 | 0x0011F9BD | 0x0012087A | 0x001208B6 | 0x001214D1 | 0x0012196D | 0x00121B84 | 0x001DFB0B | 0x001F030E | 0x001F039A
alpha-only,"-,""+",0x00138B56,
alpha-only,-- Fear Grid ----------------------------------,0x001F13B8,
alpha-only,----------------------------------------------------------------------,0x00200F30,
alpha-only,"-0""+",0x00138B5C,
retail-only,-48(,,0x000F511D | 0x000F51AA
alpha-only,-8(+,0x001479B2,
alpha-only,-<#+,0x00149F56,
retail-only,"-<\""",,0x000AB0E7 | 0x000E5993 | 0x000EC75D
alpha-only,"-@""+",0x00152ECB,
alpha-only,-`!+,0x00138B2F,
alpha-only,"-D""+",0x00145307,
alpha-only,-D#+,0x00143FDE | 0x00143FEC,
alpha-only,-H(+,0x001478DE,
alpha-only,-L$+,0x00148FF7,
retail-only,-LP#,,0x000F7712
alpha-only,-p!+,0x00136F34,
retail-only,-P6#,,0x000D5585
retail-only,-PR#,,0x000FF6CC
retail-only,-px#,,0x001F54B4 | 0x001F54C6 | 0x001F552C | 0x001F5541
alpha-only,-T#+,0x00157AD8 | 0x00157AE6,
alpha-only,-T$+,0x00148FFD,
alpha-only,-X$+,0x00149003,
alpha-only,-|!+,0x00143233,
alpha-only,. It has ,0x0020275C,
alpha-only,. Its half extents are ,0x00202710,
alpha-only,. Its radius is ,0x00202728,
alpha-only,. Min Extent =  ,0x002026EC,
shared,.&.6.F.V.f.S,0x001856DB,0x001BAFB3
shared,"...""",0x001FE300,0x0023F358
alpha-only,".... ""behaviorName"" must be followed by:",0x001F02BC,
alpha-only,..\..\lib\core/core_array.h,0x001E9188,
alpha-only,..\..\lib\core/core_containerstandard.h,0x001EAC2C,
alpha-only,..\..\lib\core/core_containerstandardarray.h,0x001E8D24,
alpha-only,..\..\lib\core/core_containerstandardarrayiterator.h,0x001E8CB0,
alpha-only,..\..\lib\core/core_containerstandardhash.h,0x001ED010,
alpha-only,..\..\lib\core/core_containerstandardhashiterator.h,0x001ED22C,
alpha-only,..\..\lib\core/core_containerstandardlist.h,0x001E95E4,
alpha-only,..\..\lib\core/core_containerstandardlistiterator.h,0x001E9044,
alpha-only,..\..\lib\core/core_dtrack.h,0x001E8F54,
alpha-only,..\..\lib\core/core_hash.h,0x001ED074,
alpha-only,..\..\lib\core/core_listpointer.h,0x001E9628,
alpha-only,..\..\lib\core/core_listvalue.h,0x001EED7C,
alpha-only,..\..\lib\core/core_singleton.h,0x001E9018,
alpha-only,..\..\lib\core/core_statemachine.h,0x001EA5A0,
alpha-only,..\..\lib\core/core_storage.h,0x001E9550,
alpha-only,..\..\lib\driver/driver_overlap.h,0x001F34D8,
alpha-only,..\..\lib\graphics/graphics_terrain.h,0x001EC2B4,
alpha-only,..\..\lib\interface/gui_display_keytable.h,0x001EEE40,
alpha-only,..\..\lib\mango/sim.h,0x001E8DB4,
alpha-only,..\..\lib\mango/sim_model.h,0x001EA4B4,
alpha-only,..\..\lib\mango/sim_particle_shape_spline.h,0x001E90F4,
alpha-only,..\..\lib\mango/sim_world.h,0x001EC6F4,
alpha-only,..\..\lib\physics/physics_havok_collision_manager.h,0x001F3184,
alpha-only,..\..\lib\physics/physics_havok_trimesh.h,0x001EC228,
alpha-only,..\animation/PlayAnim.h,0x001FA7B4,
alpha-only,..\core/core_bitarray.h,0x001FB7C4,
alpha-only,..\core/core_containerstandard.h,0x001F84A4,
alpha-only,..\core/core_containerstandardarray.h,0x001F5EAC,
alpha-only,..\core/core_containerstandardhashiterator.h,0x001F5D18,
alpha-only,..\core/core_containerstandardlistiterator.h,0x001F7BBC,
alpha-only,..\core/core_containerstandardtree.h,0x001FB3A4,
alpha-only,..\core/core_containerstandardtreeiterator.h,0x001FB358,
alpha-only,..\core/core_engine_block_streaming.h,0x0020031C,
alpha-only,..\core/core_hash.h,0x001F6888,
alpha-only,..\core/core_listpointer.h,0x001FA724,
alpha-only,..\core/core_listvalue.h,0x001FF11C,
alpha-only,..\core/core_memory.h,0x002004FC,
alpha-only,..\core/core_singleton.h,0x001FAA44,
alpha-only,..\driver/driver_section.h,0x00200624,
alpha-only,..\graphics/graphics_particlemanager.h,0x001F6F90,
alpha-only,..\graphics/graphics_particlemanagerpoint.h,0x001F6270,
alpha-only,..\graphics/graphics_particlemanagerquad.h,0x001F6244,
alpha-only,..\graphics/graphics_particlemanagerribbon.h,0x001F72E0,
alpha-only,..\graphics/graphics_particles.h,0x001F6E80,
alpha-only,..\graphics/graphics_renderer.h,0x001F69D8,
alpha-only,..\interface/gui_display_handler.h,0x001FF400,
alpha-only,..\interface/gui_display_keytable.h,0x001FF424,
alpha-only,..\mango/sim.h,0x001F87A8,
alpha-only,..\mango/sim_id_mapper.h,0x001FAAC8,
alpha-only,..\mango/sim_task.h,0x001FCAD8,
alpha-only,..\mango/sim_world.h,0x001FA788,
alpha-only,..\physics/physics_havok_box.h,0x001FA19C,
alpha-only,..\sound/sound_idmanager.h,0x001F8428,
shared,.dir,0x00201BCC,0x0023FF48
shared,.eBPI,0x001FDB31,0x0023EC01
retail-only,.eBSetBodyTwist,,0x00229CC9
shared,.pkg,0x001F9834,0x00233BD0
alpha-only,.str,0x00202080,
shared,.text,0x00202104,0x002338B8
shared,/$/T,0x00186FB9,0x001BC891
shared,/@0g,0x0018E05F,0x001C3937
alpha-only,0 <= slot && slot < SLOTS,0x001F8470,
alpha-only,0 <= soundDescriptor.numVoices && soundDescriptor.numVoices <= MAX_BUFFERS_IN_GROUP,0x001F9698,
alpha-only,0 <= surfaceType && surfaceType < (S32) ((sizeof(surfaceNameCrc) / sizeof(surfaceNameCrc[0]))),0x001EC5B8,
shared,0'P'U,0x00183E8E,0x001B9766
retail-only,0.0.0.0,,0x0023FF74
shared,0TtPenetration,0x001F5A6F,0x0023A97B
shared,0x%.8X,0x0020132D | 0x00201339 | 0x00201345,0x00233715 | 0x00233721 | 0x0023372D
shared,0x%02X,0x001FEFBC,0x0023F99C
shared,0x%x,0x0020E894,0x0023D958
shared,1#IND,0x0020DDF4,0x00239374
shared,1#INF,0x0020DDEC,0x0023936C
shared,1#QNAN,0x0020DDE4,0x00239364
shared,1#SNAN,0x0020DDFC,0x0023937C
shared,1$141D1T1d1R,0x00186FF5,0x001BC8CD
alpha-only,1.00.5849.1,0x001B1B78,
retail-only,1.00.5849.15,,0x001E76F8
retail-only,18:35:10,,0x0024A084
shared,"1A=311.""",0x001C5D58,0x001FC3F0
shared,2$242D2T2d2S,0x00186C73,0x001BC54B
shared,2&262F2V2f2S,0x00186051,0x001BB929
retail-only,2005-05-04,,0x0024A078
shared,2A@-,0x001D0499,0x00206B31
shared,"2B>411/""",0x001C5D19,0x001FC3B1
retail-only,2H=#,,0x00233D3B
retail-only,3t9j,,0x0003B6D2
shared,4$4T,0x00186D4D,0x001BC625
shared,4)D)T)d)T,0x00186878,0x001BC150
shared,4*D*T*d*T,0x00186834,0x001BC10C
alpha-only,4_wide-facet,0x00207F67,
retail-only,4BRemoveAllActiveOrdnance,,0x0022BB9A
alpha-only,4Error-roundoff,0x002080A3,
alpha-only,5  +,0x001390E0 | 0x0013C6D9,
alpha-only,5 3+,0x001E5AE3 | 0x001E6373,
alpha-only,5$ +,0x001390EC,
retail-only,"5$[""",,0x000B573A
retail-only,5$r(,,0x0021424E
alpha-only,5$s(,0x000E1A56,
alpha-only,5( +,0x001390F2,
alpha-only,"5(""+",0x00145971,
alpha-only,5($+,0x0014FE67 | 0x0014FE73,
retail-only,"5(\""",,0x000D593C | 0x000D7A0C | 0x000F4A39
alpha-only,5(F!,0x000C48E8 | 0x000CC261 | 0x0016C336,
alpha-only,"5,:+",0x0015CE0B | 0x0015CE4D,
retail-only,"5,M#",,0x000EC403
retail-only,"5,Z""",,0x000B13F6
retail-only,"5,}(",,0x00139B67 | 0x00139BA9
alpha-only,50'+,0x00148604,
retail-only,50)),,0x0020EC05
retail-only,50s$,,0x0004C2C7
retail-only,54)),,0x0020ECD3
retail-only,54s$,,0x0004C307
alpha-only,"58""+",0x00141213,
retail-only,58m(,,0x00223A9D
alpha-only,58q(,0x000D25D2,
retail-only,"5<\""",,0x0012BC68
alpha-only,"5@""+",0x001390F8 | 0x0014E014,
retail-only,"5@Z""",,0x000B30EF
alpha-only,5\1+,0x001E3720,
alpha-only,5\5+,0x00175067,
retail-only,5\m(,,0x002238EC | 0x00223977 | 0x00223C0D | 0x002240BC
retail-only,5\r(,,0x00213C92
alpha-only,5\Z#,0x000BBA21 | 0x000BBA31 | 0x000BBA61 | 0x000BBA71 | 0x000BBA81 | 0x000BBAC1 | 0x000BBAD1 | 0x000BBB01 | 0x000BBB11 | 0x000BBB21 | 0x000BBB31,
retail-only,5_fire,,0x00228CF7
alpha-only,5`1+,0x001E3759 | 0x001E38D1,
retail-only,5`r(,,0x001828F2
alpha-only,5d +,0x001390E6,
alpha-only,"5D""+",0x001390FE | 0x00143C74 | 0x0014DEE1 | 0x0014DF44,
alpha-only,5D#+,0x00143C62 | 0x00143C6E,
alpha-only,5D'+,0x0014858B,
retail-only,"5D[""",,0x000B6B1A
retail-only,5Dw(,,0x001A4F88
alpha-only,"5H""+",0x00139199,
alpha-only,5h$+,0x00150C27,
retail-only,"5H[""",,0x002236B8
retail-only,5H](,,0x000F8C12 | 0x000F927E | 0x000F9FF4
retail-only,5hg(,,0x0005C93A | 0x0008138C | 0x001055E3 | 0x00111522
alpha-only,5Hv(,0x00109602,
alpha-only,5l$+,0x00150C08,
alpha-only,5LC#,0x000B5382 | 0x000B53C4 | 0x000B5429 | 0x000B547F | 0x000B54E4 | 0x000B5546,
retail-only,5lk(,,0x0013CBF4
retail-only,5Lr(,,0x00214283
alpha-only,5n1+,0x001E5402,
alpha-only,5p!+,0x0013898E | 0x00138A8B | 0x00138AAF | 0x0013F4F0 | 0x0013FA0A | 0x0013FF6F | 0x00140275 | 0x001427CF | 0x00142820 | 0x00142892 | 0x001428B8 | 0x001428EA | 0x0014291F | 0x0014911B | 0x00149FA5 | 0x0014AD00 | 0x0014B1D4 | 0x0014BC33 | 0x0015890C,
alpha-only,"5P""+",0x001391AB,
retail-only,5pr(,,0x0018289E
alpha-only,5Pv(,0x00109B9A,
alpha-only,"5T""+",0x0013919F,
alpha-only,5T3+,0x001D47D3,
retail-only,5tg(,,0x000309B6 | 0x000418AC | 0x00041AC6 | 0x00041B93 | 0x00042021 | 0x0006A168 | 0x0006C6A2 | 0x00071539 | 0x000715B5 | 0x00071753 | 0x00071821 | 0x00071AB6 | 0x00071B7E | 0x00071D0C | 0x00071DB1 | 0x00071E81 | 0x00072AB9 | 0x00072B39 | 0x00072D80 | 0x0007321E | 0x00073892
retail-only,5tk(,,0x0014148A
retail-only,5Tr(,,0x00214692
alpha-only,5TtCapsCaps,0x001F528F,
alpha-only,5Tv(,0x00109BAC,
alpha-only,5x!+,0x001427DB | 0x0014ABF1 | 0x0014ACDA | 0x0014AD76 | 0x0014AE05,
alpha-only,5x)+,0x00147543,
retail-only,5xr(,,0x00151EF4 | 0x00151F19 | 0x00156481 | 0x001564A2 | 0x00158A18 | 0x00158A3C | 0x00158AAE | 0x00158AD2 | 0x0015E114 | 0x0015E135 | 0x0015E193 | 0x0015E1B7 | 0x0015E2F4 | 0x0015E315 | 0x0015E37D | 0x0015E3A1
retail-only,"5XZ""",,0x000B1792 | 0x000B6B86
alpha-only,5|!+,0x00138A91 | 0x0013DEE2 | 0x0013EE1F | 0x00140578 | 0x00141CFA | 0x0014C900 | 0x001522C1 | 0x00152933,
alpha-only,5|$+,0x00150AD2,
alpha-only,5|'+,0x001486F6,
retail-only,5|g(,,0x00041E18 | 0x0004212A | 0x00115544
retail-only,64L(@!,,0x00251BF6
alpha-only,64P(p ,0x0021F1F6,
alpha-only,64PHp ,0x0021F206,
shared,6CD?5463!,0x001C1B79,0x001F8211
alpha-only,6DP(p ,0x0022483E | 0x0022524E,
alpha-only,6DPHp ,0x0022484E | 0x0022525E,
alpha-only,8&o1 != &o2,0x001EAD6F,
alpha-only,8buttonMap[b].map < 8,0x001FF843,
retail-only,8DiscardMultipleEvents,,0x00235253
shared,8JG5,0x001CFBF8,0x00206290
alpha-only,8t6=,0x00061A43,
alpha-only,9-X!+,0x0013AE7B,
alpha-only,95`1+,0x001E3B07,
retail-only,95dl(,,0x00220999
retail-only,9=lk(,,0x0013CA4A
shared,9Y>)F,0x0020DEBB,0x0023944B
alpha-only,:(Abs(_tgtOut.x))<32.f && (Abs(_tgtOut.y))<32.f && (Abs(_tgtOut.z))<32.f,0x001F5B6F,
retail-only,:0sdH0#,,0x002332F0
alpha-only,:human,0x001EBCBF,
retail-only,:hvt,,0x0023028B
retail-only,:xq(,,0x0025A79F
alpha-only,;5 3+,0x001E5CAA,
alpha-only,;5t!+,0x0014ACDF,
retail-only,;5|r(,,0x00158A1D | 0x00158AB3 | 0x0015E198 | 0x0015E382
alpha-only,;=t!+,0x0014B6DA,
retail-only,;=|r(,,0x001579C8 | 0x00157B38
retail-only,;QLuZj,,0x000442DD
retail-only,"<4,$%&'/7?>=5.-680( !""#+3;:91*)2",,0x0023D668
alpha-only,<bufferCache[activeBuffer].usage<capacity,0x001F64B3,
shared,<eof>,0x001FEEF8,0x0023F8E0
shared,<eof> expected,0x001FEC84,0x0023FD1C
shared,<expression> expected,0x001FEC00,0x0023FCC8
alpha-only,<focusDepthStart<focusDepthEnd,0x001F755B,
shared,<name> expected,0x001FEA14,0x0023FAFC
shared,<name> or `...' expected,0x001FEB48,0x0023FC10
shared,<name> or `[' expected,0x001FEB6C,0x0023FC34
alpha-only,<program name unknown>,0x0020D2CC,
shared,<statement> expected,0x001FEC3C,0x0023FD04
alpha-only,<string not found>,0x0020E8C0,
alpha-only,"= ""+",0x00143502 | 0x00149E96 | 0x00151223 | 0x0015122C,
alpha-only,= #+,0x0014F8A7 | 0x0014F8B2,
alpha-only,= .+,0x0016402C,
alpha-only,= 3+,0x001E5ACB,
alpha-only,= :+,0x00160797 | 0x0016085A | 0x001608B0 | 0x00162D04 | 0x00164398,
alpha-only,= s(,0x000E16D1,
retail-only,= }(,,0x0013C9AF | 0x0013CB54 | 0x0013CBAA | 0x0013F761 | 0x001414F9
alpha-only,"=$""+",0x0013BA42,
retail-only,=$m(,,0x0021FB1F
alpha-only,=$s(,0x000F19D7,
retail-only,"=$Z""",,0x000B6C85
retail-only,"=(\""",,0x000155AE | 0x000155F8 | 0x0001A4AD | 0x00045D5A | 0x000463B2 | 0x0004658F | 0x000611F4 | 0x00079C7A | 0x00092DE1 | 0x00092F0E | 0x000A0644 | 0x000A07D2 | 0x000A98F2 | 0x000B8A6B | 0x000BA151 | 0x000BA969 | 0x000BB87C | 0x000BF843 | 0x000C67D2 | 0x000C9AF5 | 0x000D238C | 0x000D273E | 0x000D5BEF | 0x000E3C4E | 0x000E3C61 | 0x000ED056 | 0x000F7A1C | 0x00104A42 | 0x0010F948 | 0x0012B436 | 0x0012BAF9 | 0x0014F8C3 | 0x001502D3 | 0x00150DC3 | 0x00151833 | 0x00152273 | 0x00152C63 | 0x0015794D | 0x00157ABD | 0x00157E59 | 0x00167C39 | 0x00168334 | 0x0016836F | 0x0016864F | 0x00168662 | 0x00168676 | 0x0017486C | 0x00174BD5 | 0x00175288 | 0x0017545D | 0x00184C39 | 0x00184D16 | 0x001A7666 | 0x001A790A | 0x001A7A87 | 0x001A815D | 0x001A892C | 0x001A8BB7 | 0x001E2B0B | 0x001EDF19
retail-only,=(t(,,0x0018DD6E
alpha-only,"=,3+",0x001E2B00,
alpha-only,=0:+,0x0016462A,
retail-only,=0}(,,0x0014178B
retail-only,=2m(,,0x00220031
alpha-only,=4'+,0x001485DB,
alpha-only,=4.+,0x0015D474 | 0x0015D7DE | 0x00161B51,
retail-only,=4q$,,0x00046189
retail-only,=4v$,,0x00056DED
alpha-only,=84+,0x0016E1C1,
retail-only,=87(,,0x0011F5EB
retail-only,=88(,,0x000EDB53
retail-only,=8q$,,0x0004617A
retail-only,=<m(,,0x00223CDA
retail-only,=<q$,,0x00046172
alpha-only,=<u(,0x001085EE,
retail-only,==m(,,0x00223CE7
alpha-only,"=@""+",0x00143E0D | 0x0014DEC4,
alpha-only,=[1+,0x001E400A,
retail-only,=\l(,,0x002210DD
alpha-only,"=D""+",0x0013C811 | 0x0013C81D | 0x0013C829 | 0x0013C836 | 0x0013C843 | 0x0013C850 | 0x0013C85D | 0x0013C86A,
alpha-only,=d#+,0x0014E6B3 | 0x0014E6BF,
alpha-only,=D$+,0x00149195,
alpha-only,=D.+,0x0016453E,
alpha-only,=e1+,0x001E3F07,
alpha-only,=GmomentoManager.HasBasicMomento(id),0x001EF326,
alpha-only,=H'+,0x00148562,
retail-only,"=H[""",,0x001DF6A9
retail-only,=hg(,,0x00081447 | 0x0009E934
retail-only,=holobobed,,0x0022FDDB
alpha-only,"=l""+",0x001434EA,
alpha-only,=L$+,0x00149228 | 0x00149234,
retail-only,=lk(,,0x0014151A
retail-only,=lr(,,0x00181EF1
alpha-only,=Lv(,0x0010ACEE,
retail-only,"=lZ""",,0x000B1DE3
retail-only,=mr(,,0x001815A1
retail-only,=Out of memory.,,0x0023ABDB
alpha-only,=p!+,0x0013FA83 | 0x0013FDD3 | 0x001409FA | 0x00141151,
alpha-only,=p1+,0x001E3FF8 | 0x001E401A,
alpha-only,=p3+,0x001D9D7C,
alpha-only,=phantoms[collideId].collisions>=0,0x001EBF4B,
alpha-only,=Step,0x001F9C17,
alpha-only,=t++,0x001470D9,
retail-only,=tg(,,0x000305F9 | 0x00030C49 | 0x00069DD9 | 0x0006A4C2 | 0x0006A76E | 0x0006AA61 | 0x0006AAEB | 0x00071C2F | 0x00071F65 | 0x0007203F | 0x000724AF | 0x00072F55 | 0x00073502
retail-only,=tr(,,0x00182B31
alpha-only,=ufo_character_move_jump.cpp,0x001EC533,
alpha-only,=v++,0x00146F05,
alpha-only,=X!+,0x00158823 | 0x001588A1,
alpha-only,=x++,0x00146EA9,
alpha-only,=X3+,0x001DEA51 | 0x001DEAEB,
retail-only,=xk(,,0x0014157D
retail-only,=xr(,,0x001578A1 | 0x001578C3 | 0x001579C3 | 0x001579E7 | 0x00157A11 | 0x00157A33 | 0x00157B33 | 0x00157B57 | 0x00182B3D
alpha-only,=z++,0x00146F5A,
alpha-only,=|!+,0x0013DA36 | 0x0013E29B | 0x0013ECD0 | 0x0013ED25 | 0x00140458 | 0x0014B6D5 | 0x0014B9EC | 0x001505C7 | 0x00152311,
retail-only,=|g(,,0x000419B4 | 0x0006E63D | 0x0006F905 | 0x000710BF | 0x00072065 | 0x000AF895
retail-only,=|k(,,0x0014216C
retail-only,=|r(,,0x00182B43
alpha-only,>%.10s,0x001FD9C4,
retail-only,>33s?,,0x00248EB7
retail-only,>?FG&,,0x0029179E
alpha-only,>_zero-centrum,0x0020506F,
alpha-only,>Active grenade!,0x001E9FAB,
alpha-only,>Building:%d basic momento should be damaged but isn't,0x001EA6E7,
retail-only,>Distance: ,,0x00225C43
alpha-only,>fall_pedestrian_aware,0x001EEB4B,
alpha-only,>Holobob weapon attached to object other than crypto,0x001E9D37,
alpha-only,>htv,0x001F1D7B,
alpha-only,>move,0x001EC277,
alpha-only,>node.GetGeometry(),0x001F5F13,
alpha-only,>numCells > 0,0x001F1403,
alpha-only,>Snl,0x001F9A18,
alpha-only,?!IsEmpty(),0x001E9543,
alpha-only,?!IsFull(),0x001E922B,
shared,?(knN,0x001D3A8F,0x001F7877
alpha-only,?33s?ReloadAmmo,0x001E969B,
retail-only,"?>67/.-5=<4,$%&'8019:2*)( !""#+3;",,0x0023D6A8
shared,?\Device\Harddisk0\Partition1\devkit\xbmovie.dat,0x0022BB27,0x0025A727
retail-only,?\SaveMeta.xbx,,0x0023069F
alpha-only,?angle < Core::PI + F32_EPSILON,0x001ED817,
alpha-only,?core_binaryutil.cpp,0x00201753,
alpha-only,?currentLock.IsAlive(),0x001E965B,
shared,?GetStrength,0x001FFFCF,0x0023556F
alpha-only,?hkCollisionFilter,0x001F4C0F,
alpha-only,?hkSphereRepShape,0x001F5A87,
retail-only,"?hLn""",,0x00108226
alpha-only,?lane,0x001ED7E7,
alpha-only,?laneDistance >= 0.0f,0x001ED94F,
alpha-only,?Pad [%d] disconnected,0x001FF767,
shared,?pow,0x0022ACC7,0x00259827
alpha-only,?Render::EndDraw,0x001F7313,
retail-only,?SunMonTueWedThuFriSat,,0x00238F47
shared,?TtBoxBox,0x001F53FB,0x00239B67
retail-only,?TtCapsuleTri,,0x002399C3
retail-only,?we_effects//we_leaf.BMATERIAL,,0x002304C3
retail-only,?we_effects//we_paper.BMATERIAL,,0x00230527
shared,@$@4@D@T@d@S,0x001869E9,0x001BC2C1
retail-only,"@$Ln""",,0x000D75A6
retail-only,@<X8#,,0x000D927C
alpha-only,@?beamPoints.GetSize()&&beamControls.GetSize(),0x001E9122,
retail-only,@?blockDestroyedPhysics,,0x002294AA
shared,@@)*,0x001E3335,0x00220655
alpha-only,@@@@@@@@@@@@@@@@,0x00218D10,
retail-only,@_wet,,0x002357EB
alpha-only,@Abmpl,0x001EC6A6,
retail-only,@ANone,,0x0022AD2E
alpha-only,@Can't get targetable interface,0x001E9207,
retail-only,@ff&@%s%i,,0x002305EF
alpha-only,@h(\ ,0x0013F105,
alpha-only,@hP7 ,0x0013B223,
alpha-only,@PhpS ,0x0013CF72,
alpha-only,@Prepare for landing without active zone,0x001F189B,
shared,@t7=,0x001E538D,0x00221801
alpha-only,[%c],0x002000B4,
alpha-only,[%s] (%s) (%.2f) ,0x001F0C50,
alpha-only,[%s] Failed to add objective [%s],0x001F0EDC,
alpha-only,[%s] Failed to change material (already have one!),0x001FF5AC,
alpha-only,[%s] Failed to find mask material [%s],0x001FFF5C,
alpha-only,[%s] Failed to find region [%s],0x001F1080,
alpha-only,[%s] Failed to remove objective [%s],0x001F0EB4,
alpha-only,[%s] Key [%s] has invalid arg index [%d],0x001FFE94,
alpha-only,[%s] Key [%s] needs arg at index [%d],0x001FFEC0,
alpha-only,[%s] Missing [%d] (%c),0x001FFF34,
alpha-only,[%s] Missing char [%04d] (%c) [%d],0x002000BC,
alpha-only,[%s] Missing language key (arg %d) [%s],0x001FFEE8,
alpha-only,[%s] Missing language key [%s],0x001FFE50,
alpha-only,[%s] Size set by percentage but no material set,0x001FFABC,
alpha-only,[%s] Text exceeds max storage [%d],0x001FFE70,
alpha-only,[%s] Text exceeds max storage [%d] [%s],0x001FFE28,
alpha-only,[%s] Unable to pop [%d] items from stack of [%d],0x001FF228,
alpha-only,[%s] Unknown flag [%s],0x001FF518,
alpha-only,[%s] Unknown size flag [%s],0x001FF530,
shared,[-+ #0]*(%d*)%.?(%d*),0x001FDD44,0x0023EE0C
alpha-only,[0;0H,0x00200EB9,
alpha-only,[Active] %s,0x001EFAC4,
alpha-only,[ActorPedestrian::Simulate] requesting culling because gone under water,0x001EE560,
alpha-only,[AttachModifier::AttachChild] No attach point given!,0x001FB628,
alpha-only,[BeamHelper::Attach] Unable to find beamAttachPoint in playerFocus,0x001E91A8,
alpha-only,[BehaviorPhysics::Simulate] 'collision_water' sound failed to play,0x001EDCC8,
alpha-only,[Known] %d,0x001EFAB8,
alpha-only,[Sim::Actor::OnFootstep] Couldn't load effect 0x%08X for model:'%s',0x001FBDB0,
retail-only,\$ j,,0x0010A581
shared,\$$j,0x0010933F | 0x0010940F,0x00082085
shared,\000,0x001FDCF0,0x0023EDB8
shared,\??\D:,0x001F3734,0x0023081C
shared,\??\N:,0x001F3A14,0x002307E8
shared,\??\T:,0x001F36FC,0x0023099C
shared,\??\U:,0x001F36D0,0x00230970
shared,\??\W:,0x001F3A0C,0x002307E0
shared,\??\X:,0x001F3A04,0x002307D8
shared,\??\Y:,0x001F3888,0x00230AD8
shared,\??\Z:,0x001F3A1C,0x002307F0
shared,\ContentMeta.xbx,0x001F35C4 | 0x001F378C | 0x001F391C | 0x001F3ACC,0x002306F0 | 0x00230874 | 0x00230A24 | 0x00230BFC
shared,\Device\CdRom0,0x001F3724,0x002309C4
shared,\Device\Cdrom0,0x001F3874 | 0x001F389C,0x00230808 | 0x00230AEC
shared,\Device\Harddisk0\Partition%d\,0x001F39BC,0x00230790
shared,\Device\Harddisk0\partition0,0x001F39E4,0x002307B8
shared,\Device\Harddisk0\partition1\,0x001F3704,0x002309A4
shared,\Device\Harddisk0\partition1\TDATA,0x001F36D8,0x00230978
shared,\Device\Harddisk0\Partition1\TDATA\%08x\$u\%s,0x00214338,0x0024B10C
shared,\Device\Harddisk0\partition1\UDATA,0x001F36AC,0x0023094C
shared,\Device\Harddisk0\Partition2\,0x00214318,0x0024B0EC
shared,\SaveImage.xbx,0x001F35B0 | 0x001F3778 | 0x001F3908 | 0x001F3AB8,0x002306DC | 0x00230860 | 0x00230A10 | 0x00230BE8
shared,\SaveMeta.xbx,0x001F3574 | 0x001F373C | 0x001F38CC | 0x001F3A7C,0x00230824 | 0x002309D4 | 0x00230BAC
shared,\TitleImage.xbx,0x001F359C | 0x001F3764 | 0x001F38F4 | 0x001F3AA4,0x002306C8 | 0x0023084C | 0x002309FC | 0x00230BD4
shared,\TitleMeta.xbx,0x001F3588 | 0x001F3750 | 0x001F38E0 | 0x001F3A90,0x002306B4 | 0x00230838 | 0x002309E8 | 0x00230BC0
alpha-only,] for the new client connection as it is not in the viewer list,0x002028F8,
alpha-only,] viewer for the new client connection,0x00202950,
shared,"], used with code built with [",0x001F41E0,0x0023173C
shared,]. **,0x001F4200,0x0023175C
retail-only,]_[j,,0x00061F7F
shared,^$*+?.([%-,0x001FDCC8,0x0023ED90
shared,^$9u,0x001E6B15,0x00222E35
retail-only,_1k ,,0x0029FA6F
alpha-only,_][h,0x001D7802,
alpha-only,_^]j,0x001407FA,
alpha-only,_activate,0x001EDE00,
retail-only,_activating,,0x0022F838
retail-only,_additive,,0x00235F04
shared,_ALERT,0x001F9948,0x00238568
retail-only,"_bR,",,0x0029256A
retail-only,_broken_constraint,,0x002293BC
shared,_cabs,0x0020D134,0x00238834
retail-only,_charging_activate,,0x0022F8DC
retail-only,_charging_deactivate,,0x0022F884
retail-only,_damage,,0x002297DC
shared,_deactivate,0x001EDE0C,0x0022736C
retail-only,_deactivating,,0x0022F954
retail-only,_death,,0x00225FB0
alpha-only,_default,0x001FBDF4,
shared,_ERRORMESSAGE,0x001F9A54,0x00238630
retail-only,_firing_activate,,0x0022F8F0
retail-only,_firing_deactivate,,0x0022F940
retail-only,_gun_lower,,0x0022D2E4
retail-only,_gun_upper,,0x0022D2C8
retail-only,_health0,,0x0022E43C
retail-only,_health0_start,,0x0022E42C
retail-only,_health1,,0x0022E458
retail-only,_health1_start,,0x0022E448
retail-only,_health1_stop,,0x0022E41C
retail-only,_health2_start,,0x0022E474
retail-only,_health2_stop,,0x0022E464
retail-only,_hit,,0x0022C2F8
retail-only,_holobob,,0x00229964
retail-only,_hulk,,0x0022EDC4
shared,_hypot,0x0020D12C,0x0023882C
retail-only,_idle_activate,,0x0022F874
retail-only,_idle_deactivate,,0x0022F860
alpha-only,_joggle-seed,0x002080C0,
shared,_logb,0x0020D110,0x00238808
retail-only,_lower,,0x0022D2F0
alpha-only,_max-width,0x002080B4,
retail-only,_move,,0x002291EC
alpha-only,_mtl,0x001F5E04,
retail-only,_multiplicative,,0x00235EF4
alpha-only,_narrow-hull,0x002073A0,
alpha-only,_near-inside,0x0020800C,
shared,_nextafter,0x0020D104,0x002387FC
retail-only,_noammo,,0x0022F5A0
retail-only,_nogun_lower,,0x0022D2D4
alpha-only,_one-merge,0x0020801C,
retail-only,_powerup,,0x0022E8C0
alpha-only,_pre-merge,0x00205108,
alpha-only,_run,0x0020AF08,
retail-only,_soft,,0x002357F4
retail-only,_trigger_start,,0x0022A848
retail-only,_trigger_stop,,0x0022A838
retail-only,_upper,,0x0022D2F8
shared,_VERSION,0x001FE228,0x0023F2E4
alpha-only,_water,0x001FBE00,
shared,`%.20s' expected,0x001FE9D0,0x0023FAB8
shared,`%.20s' expected (to close `%.20s' at line %d),0x001FE9E4,0x0023FACC
shared,`%.50s' is not a valid event name,0x001FE55C,0x0023F568
shared,`%.50s' tag method,0x001F9994,0x002385B4
shared,`%.99s' apparently contains more than one chunk,0x001FEE54,0x0023FEEC
retail-only,`3yu'j,,0x0006B2EC
shared,`8p ,0x00221018,0x00251DC0
shared,"`=' or `,' expected",0x001FEB20,0x0023FBE8
shared,`dostring' cannot run pre-compiled code,0x001FE138,0x0023F1F4
shared,`for' index must be a number,0x001FE3A8,0x0023F3F0
shared,`for' initial value must be a number,0x001FE3E8,0x0023F410
shared,`for' limit must be a number,0x001FE410,0x0023F438
shared,`for' step must be a number,0x001FE430,0x0023F458
shared,`for' table must be a table,0x001FE38C,0x0023F3D4
shared,`h````,0x0020D1C1,0x002388F9
shared,`in' expected,0x001FEB0C,0x0023FBD4
shared,`item groups' in a list initializer,0x001FEB84,0x0023FC4C
shared,`tostring' must return a string to `print',0x001FE068,0x0023F124
alpha-only,A big bad thing happened into the graphics ordering... Save your log and contact eric as soon as possible,0x001F77B0,
alpha-only,"A movie is already playing, please call stop before starting a new movie",0x001F5E18,
alpha-only,A new network client has been received (host name not availibe at present),0x00202498,
alpha-only,a ridge with more than two neighbors,0x002058F0,
alpha-only,A vertex appears twice in a edge list.  May occur during merging.,0x00206DF3,
retail-only,A$9E,,0x0002E03D
shared,A$A4ADATAdAS,0x00186A5B,0x001BC333
alpha-only,"a&(x-1) == a%x, for x power of 2",0x001FE6B4,
retail-only,A<l8#,,0x000D925E
shared,abducto,0x001EDCB4,0x00225C74
alpha-only,abducto_pedestrian,0x001EE5C4,
alpha-only,abducto_pedestrian_aware,0x001EE5A8,
shared,AbductoBeam,0x001EB944,0x0022D9C0
alpha-only,abilityModel,0x001E9240,
retail-only,AbilityPress,,0x0022AB28
retail-only,Abort,,0x0022AD68
alpha-only,absDelta >= 0.0F && absDelta <= (Core::PI * 2.0F),0x002000FC,
alpha-only,AbuildingDestroyedLarge,0x001EA463,
shared,Access violation,0x00201268,0x00233878
retail-only,Accumulate,,0x0022A044
shared,acos,0x001FDB04 | 0x0022AC50,0x00238888 | 0x002597B0
shared,Activate,0x001EAA28,0x00229560
shared,ActivateAll,0x001EAA1C,0x00229554
shared,ActivateCamera,0x001EB82C,0x0022D868
shared,ACTIVATED,0x001FFBDC,0x00235218
alpha-only,ActivateDefault,0x001F2F14,
retail-only,ActivateSubWorld,,0x0023663C
shared,Active,0x001F0C2C,0x0022AA80
retail-only,active,,0x0023E550
alpha-only,Actor,0x001EE1E0,
shared,actor,0x001FC5FC,0x002366D4
alpha-only,Actor (type:'%s') didn't go into physics state!,0x001EA14C,
alpha-only,Actor (type:'%s') doesn't have a physics controller!,0x001EA114,
alpha-only,Actor::IsTargetSuitable,0x001EDFF4,
alpha-only,ActorCar,0x001EE468,
alpha-only,ActorPedestrian,0x001EE768,
alpha-only,actors.IsEmpty(),0x001ECDE8,
alpha-only,ActorSamSite,0x001EE8E0,
alpha-only,actualIndex < boxArray->GetSize(),0x001FD060,
alpha-only,actualIndex<boxArray->GetSize(),0x001FCA28,
retail-only,AddAmbient,,0x002330E4
retail-only,AddAmbientVolume,,0x002330B8
retail-only,AddDenomination,,0x0022A064
shared,AddF32,0x001F2504,0x0022EC3C
alpha-only,AddFear,0x001F161C,
retail-only,AddFearLevel,,0x0022A554
shared,AddGroup,0x001EEFD0,0x0022AA14
retail-only,AddIdToTag,,0x0022BC64
alpha-only,Adding force to physics state without a body,0x001EDC54,
alpha-only,Adding torque to physics state without a body,0x001EDC84,
shared,AddKey,0x001F2520,0x0022EC58
retail-only,AddNonPositionalAmbient,,0x002330CC
shared,AddRegion,0x001EEFEC,0x0022AA30
shared,AddRegionMarker,0x001F09C8,0x0022BE94
retail-only,AddS32,,0x0022EC20
shared,AddStr,0x001F24E8,0x0022EC04
shared,AddTag,0x001EF004,0x0022AA48
shared,AddTagMarker,0x001F09A4,0x0022BE70
retail-only,AddTriggerVolume,,0x002330A4
retail-only,AddVOEffect,,0x0022CBD8
alpha-only,aGsize + extraItems <= capacityMask + 1,0x001EF2DA,
retail-only,ahpv,,0x002262F0
retail-only,airstrike,,0x00225FA4
alpha-only,alien,0x001F32D4,
shared,AlignCamera,0x001EBCA4,0x0022CF38
alpha-only,Alive(),0x001E8F4C,
alpha-only,allocator.size != 0,0x001E974C,
alpha-only,allocator.size + countInserted <= allocator.GetCapacity(),0x001E8CE8,
alpha-only,allocator.size > 0,0x001E95C4,
retail-only,am/pm,,0x002387BC
retail-only,Ambience,,0x0022ABA4
shared,ambiguous syntax (decimal point x string concatenation),0x001FEFD8,0x0023F9B8
shared,Ammo,0x001EFD24,0x0022B830
retail-only,ANAMORPHIC,,0x00234368
alpha-only,angle tests for repartitioned coplanar points,0x00208C60,
alpha-only,Angle-postmerge,0x002046F4,
alpha-only,Angle-postmerge-with-random,0x00208068,
alpha-only,Angle-premerge-,0x00204704,
alpha-only,Angle-premerge-with-random,0x00208084,
alpha-only,angles computed for ridge convexity,0x002090BC,
shared,angularDamping,0x001F3E2C,0x00231928
shared,angularVelocity,0x001F3E74,0x00231970
alpha-only,Anim Posted events,0x001FAF6C,
alpha-only,AnimateEvent event,0x001EA580,
alpha-only,animationController,0x001EE548,
alpha-only,AnimationManager.cpp,0x001F5CE4,
alpha-only,AnimationMaterial.cpp,0x001F5D6C,
alpha-only,AnimationMorph.cpp,0x0020E324,
retail-only,AnimationProgram: ,,0x00226DD4
retail-only,AnimationSegment: ,,0x00226DC0
alpha-only,"AnimationTag (""end""); found - THIS IS REALLY BAD! (fix the art asset)",0x001FA940,
alpha-only,AnimObject,0x001FB2E8,
alpha-only,animSpeed > 0.f,0x001EC694,
shared,AppendRule,0x001F27FC,0x0022B4B4
shared,ApplyDamage,0x001F0ACC,0x0022C05C
alpha-only,Approximate,0x0020A404,
retail-only,April,,0x00238704
alpha-only,args >= 0,0x001F0CD0,
alpha-only,arguments >= 0,0x001F0CB0,
alpha-only,armed_aware_pedestrian_shot,0x001EE4D8,
alpha-only,armed_pedestrian_shot,0x001EE4C0,
alpha-only,arrayPtr,0x001EA600,
retail-only,arT1#,,0x00233232
shared,ascii,0x001FDBB8,0x0023EC80
alpha-only,Asim_particle_emitter_quad.cpp,0x001FD2DB,
shared,asin,0x001FDB0C | 0x0022AC60,0x00238890 | 0x002597C0
shared,Asizeof(Number),0x001FED6F,0x0023FE07
shared,assert,0x001FDEC0,0x0023EF88
shared,assertion failed!  %.90s,0x001FE1C8,0x0023F284
alpha-only,asset->registerableInterface == NULL || asset->registerableInterface == iface,0x00200560,
alpha-only,asset.loadGroupIndex == loadGroupId,0x002003B8,
shared,asvh,0x001F30F0,0x0022A68C
alpha-only,ASVh N,0x000B93E3,
retail-only,ASWh N,,0x000E5523
alpha-only,aswv,0x001EAEE4,
alpha-only,aswvmbp,0x001EDC40,
shared,AsyncTexture,0x001F67C4,0x00234628
alpha-only,"At a premature exit due to 'TVn', 'TCn', 'TRn', or precision error.",0x0020AB49,
alpha-only,At4Wj,0x0004582E,
shared,atan,0x001FDAFC,0x00238880
shared,atan2,0x001FDAF4,0x00238878
retail-only,AtDj,,0x0001A658
shared,Attach,0x001F2E94,0x00236160
alpha-only,attach,0x001EE9FC,
alpha-only,attach point not found,0x001EBC64,
alpha-only,attachCam && attachCam->GetGeometryType() == Graphics::GEOM_TYPE_CAMERA,0x001F2DD8,
alpha-only,Attachment,0x001FC148,
alpha-only,attachTargetNode,0x001F2DC0,
retail-only,AttachWorldObject,,0x0022BCFC
shared,attempt to %.30s %.20s `%.40s' (a %.10s value),0x001FD794,0x0023EA18
shared,attempt to %.30s a %.10s value,0x001FD774,0x0023E9F8
alpha-only,Attempt to add a duplicate id to a tag Id(%08x) Size(%d),0x001FCEF0,
alpha-only,Attempt to add an id to a tag which is full Id(%08x) Size(%d) Capacity(%d),0x001FCF30,
alpha-only,Attempt to add id [%08x] to static tag,0x001FCE74,
shared,attempt to compare %.10s with %.10s,0x001FD7D8,0x0023EA48
shared,attempt to compare two %.10s values,0x001FD7FC,0x0023EA6C
alpha-only,attempt to construct instance of something of unknown type,0x001EF284,
alpha-only,attempt to construct unknown ordnance type [%08x],0x001F1CB8,
alpha-only,Attempt to create tag which already exists!  Crc [%08x],0x001FB598,
alpha-only,Attempt to crete tag when tag directory is full,0x001FB568,
alpha-only,Attempt to crete tag when tag storage is full,0x001FB538,
alpha-only,Attempt to delete tag which is part of the engine block! [%08x],0x001FB5D0,
alpha-only,Attempt to execute unknown OnCompleteAction %d [%08x],0x001ED2F0,
alpha-only,Attempt to play 2d sound from a 3d emitter Skin [%08x] Event [%08x],0x001FA830,
alpha-only,Attempt to remove a non-present id from a tag Id(%08x) Size(%d),0x001FCF90,
alpha-only,Attempt to remove id [%08x] from static tag,0x001FCEB0,
alpha-only,Attempt to set sam site to lane following behaviour! - Ignored!,0x001EE908,
alpha-only,attempt to SetPersistent on an object which was not placed in studio id(%d),0x001EF368,
retail-only,Au!j,,0x00011786
retail-only,"AuCh$\""",,0x00059850
retail-only,August,,0x002386EC
retail-only,Auth,,0x00033F28
alpha-only,Auto selecting the [,0x00202938,
alpha-only,ave. distance of a new vertex to a facet (not 0s),0x00208410,
alpha-only,ave. horizon facets per iteration,0x00208A40,
alpha-only,ave. initial non-convex ridges per iteration,0x002095BC,
alpha-only,ave. new or merged facets per iteration,0x00208A18,
alpha-only,ave. visible facets per iteration,0x00208AEC,
alpha-only,ave. visible vertices per iteration,0x00208A64,
alpha-only,average angle (cosine) of facet normals for all ridges,0x0020851C,
alpha-only,average merges per facet (at most 511),0x00208580,
alpha-only,average new facet balance,0x002089D4,
alpha-only,average number of neighbors per facet,0x002086C4,
alpha-only,average number of neighbors per vertex,0x0020863C,
alpha-only,average number of ridges per facet,0x00208708,
alpha-only,average number of tests per subridge,0x00209154,
alpha-only,average number of tests to match a ridge,0x002091B4,
alpha-only,average number of vertices per facet,0x00208680,
alpha-only,average partition balance,0x002089A0,
retail-only,avswhmbip,,0x0022923C
alpha-only,aware_pedestrian_engage,0x001EE058,
alpha-only,aware_pedestrian_shot,0x001EE4A8,
alpha-only,aware_pedestrian_stop,0x001ED214,
alpha-only,awarenessThoughts[i].thoughts,0x001F2624,
retail-only,axis,,0x0023E56C
alpha-only,axis.Length()>EPSILON_FLOAT,0x002013A8,
shared,AXIS_LEFT_X,0x001FFCF8,0x00235680
shared,AXIS_LEFT_Y,0x001FFCEC,0x00235674
shared,AXIS_RIGHT_X,0x001FFCDC,0x00235664
shared,AXIS_RIGHT_Y,0x001FFCCC,0x00235654
retail-only,axleInA,,0x00240574
retail-only,axleInB,,0x0024056C
retail-only,b-2C,,0x0029DD5F
alpha-only,B..\graphics/graphics_array.h,0x001F5C5B,
retail-only,B<88#,,0x000D92A6
retail-only,B<x8#,,0x000D9240
shared,backstepAllowPenetrationDepth,0x001F4824,0x002324C0
shared,backstepIncrementalPenetration,0x001F4804,0x002324A0
alpha-only,Bad alignment: %lx,0x00201FC8,
shared,bad argument #%d to `%.50s' (%.100s),0x001FD62C,0x0023E928
shared,bad code in `%.99s',0x001FECB8,0x0023FD50
alpha-only,Bad free bit,0x00202030,
alpha-only,Bad free list,0x00201FDC,
alpha-only,Bad heap links,0x00201F5C,
alpha-only,Bad heap size,0x00201F90,
alpha-only,Bad pointer: %p,0x00201FB8,
shared,bad signature in `%.99s',0x001FECCC,0x0023FD64
alpha-only,bad size,0x001F9A38,
alpha-only,Bad split pointer,0x00201F28,
alpha-only,Bad split sizes,0x00201F3C,
retail-only,Bank,,0x0022A018
alpha-only,Base,0x002002D4,
shared,base out of range,0x001FE094,0x0023F150
alpha-only,beamModel,0x001E925C,
alpha-only,beamTarget,0x001E9250,
alpha-only,BeginFrame,0x001FB02C,
alpha-only,Behavior - Position - Failed to find spawn region [%s],0x001F0794,
shared,Behavior: ,0x001EDF54,0x00225C68
alpha-only,BehaviorClass: ,0x001EDF34,
alpha-only,BehaviorParametersNone,0x001E9E20,
alpha-only,BehaviorParametersObject,0x001F00FC,
alpha-only,BehaviorParametersPath,0x001F077C,
alpha-only,BehaviorParametersPosition,0x001E9E44,
alpha-only,BehaviorParametersTargetable,0x001EDF14,
alpha-only,behaviorType,0x001EDDDC,
shared,BehaviorType: ,0x001EDF44,0x00225C50
alpha-only,best merges used centrum instead of vertices,0x0020908C,
alpha-only,BF::Simulate,0x001EAC60,
alpha-only,BF::Update,0x001EA978,
alpha-only,Bh(\ ,0x0013F315,
retail-only,bimhtvp,,0x0022C228
alpha-only,blockCount == 1,0x00200614,
shared,blockDamagedPhysics,0x001EACF8,0x002293F4
shared,blockDestroyedCanned,0x001EAD0C,0x00229490
retail-only,BlockDirectory,,0x00233E58
alpha-only,blocks.GetSize() * blockSize >= stateInfo.items,0x002019E8,
alpha-only,blocks.GetSize() > 0,0x00201A68,
retail-only,blocks\audio\%c,,0x00233B8C
alpha-only,blocks\startup,0x002006CC,
retail-only,blocks\startup\%c,,0x00233B9C
shared,BlockSize,0x002009F4,0x00233D9C
retail-only,BlockStimulus,,0x0022BBC8
alpha-only,bmasp,0x001F1C3C,
alpha-only,BmaterialSet,0x001F6633,
retail-only,bmnp,,0x00227968
retail-only,bmpv,,0x00227960
alpha-only,bmvp,0x001EC6B0,
alpha-only,BNbPrimitives = %d,0x001F6307,
shared,body,0x001EC254,0x00240688
alpha-only,body->IsTriMesh(),0x001EC214,
shared,bodyA,0x001F4950,0x00232728
retail-only,bodyArray,,0x0023E304
shared,bodyB,0x001F4948,0x00232720
alpha-only,bodyEnabled,0x001EDC48,
retail-only,Boot,,0x0022AD90
alpha-only,bounded ridges,0x00209CFC,
alpha-only,bounded ridges with near-zero normal,0x00209C34,
alpha-only,bounded ridges with ok normal,0x00209C8C,
shared,boundingVolumeShape,0x00202ED4,0x0023A1D4
shared,boxBoxUseAggresiveCompletion,0x001F4730,0x002323CC
retail-only,bpmhv,,0x00227970
retail-only,bpmnhv,,0x002280E4
shared,bQTu,0x0021D1F4 | 0x002204EC,0x002546E4 | 0x002559B4
retail-only,brainextraction,,0x0022B03C
alpha-only,Brainray hit an invalid object!,0x001E9334,
shared,break,0x001FEF60,0x0022DF74
shared,Breakpoint,0x0020125C,0x0023386C
retail-only,BRestore,,0x0023439F
retail-only,BROAD_PHASE_ENTITY,,0x00231F1C
retail-only,BROAD_PHASE_INVALID,,0x00231F30
retail-only,BROAD_PHASE_MAX_ID,,0x00231EF4
retail-only,BROAD_PHASE_PHANTOM,,0x00231F08
alpha-only,Broadphase,0x001F9C2C,
shared,broadPhaseNumMarkers,0x001F4884,0x00232538
shared,broadPhaseQuerySize,0x001F48C4,0x00232578
retail-only,BroadPhaseType,,0x00231EE4
shared,broadPhaseType,0x001F42D8,0x00231EAC
shared,broadPhaseWorldMax,0x001F489C,0x00232550
shared,broadPhaseWorldMin,0x001F48B0,0x00232564
alpha-only,buffer,0x00201740,
alpha-only,Buffer overrun detected!,0x0020D388,
alpha-only,build hull statistics,0x00208B80,
alpha-only,Building,0x001EA800,
shared,building,0x001EAC54,0x0022A790
alpha-only,BuildingBlock,0x001EADC4,
alpha-only,BuildingDestroyed,0x001EADF8,
retail-only,buildingDestroyedLarge,,0x002291F4
shared,buildingDestroyedMedium,0x001EA47C,0x0022920C
shared,buildingDestroyedSmall,0x001EA494,0x00229224
alpha-only,BuildingFixture,0x001EAE5C,
alpha-only,BuildingPiece,0x001EAEC4,
alpha-only,buildingTypeEB,0x001EA570,
alpha-only,BuildSortKey,0x001F78F4,
retail-only,butterfly,,0x00230610
shared,BUTTON_PRESS,0x001FF940,0x00235314
shared,BUTTON_RELEASE,0x001FF920,0x002352F4
shared,BUTTON_REPEAT,0x001FF930,0x00235304
alpha-only,BVTree,0x001F9CF8,
shared,C%C5CECT,0x00186551,0x001BBE29
retail-only,c9#1,,0x0029CCD8
alpha-only,cache.activeContextId>=0,0x001F6CD0,
alpha-only,cache.groupId<MAX_GROUP,0x001F7170,
alpha-only,cache.numContextSlots<MAX_CONTEXT_SLOTS,0x001F6D18,
alpha-only,cache.numLightingSlots<MAX_CONTEXT_SLOTS,0x001F6CA4,
alpha-only,cache.numPrimitiveSlots<MAX_PRIMITIVE_SLOTS,0x001F6DB8,
alpha-only,cache.numProjectionSlots<MAX_PROJECTION_SLOTS,0x001F6D40,
alpha-only,cache.numReflectionSlots<MAX_CONTEXT_SLOTS,0x001F6CEC,
alpha-only,cache.stackCounter<DataCache::MAX_DO_STACK_SIZE,0x001F6D70,
alpha-only,cache.stackCounter>0,0x001F6DA0,
alpha-only,cacheCount,0x00201A18,
alpha-only,cacheCount <= cacheSize,0x002018DC,
alpha-only,CacheEndFrame,0x001F791C,
shared,Call,0x001EFC98,0x0022B774
shared,call,0x001FD85C,0x0023EAB0
shared,Call stack:,0x0020131C,0x00233704
shared,CallEffectEvent,0x001FABC4,0x0022CBF4
shared,CallEventFunc,0x001EA9F0,0x00228570
shared,CallRemote,0x001EFCA0,0x0022B77C
alpha-only,calls to findbest,0x00208D60,
alpha-only,calls to findbestnew,0x00208D08,
alpha-only,calls to findhorizon,0x00208CB8,
shared,callstack,0x00202140,0x00233904
shared,CallTagEffect,0x001F08EC,0x0022BDA4
retail-only,CallVOEffect,,0x0022CBC8
alpha-only,Camera,0x001F2DB8,
shared,camera,0x001E936C,0x002361A0
alpha-only,camera %s not found,0x001F2E30,
alpha-only,Camera01,0x001FB97C,
alpha-only,cameraCount > 0,0x001FBA08,
alpha-only,cameraNode,0x001E9360,
alpha-only,CameraObject,0x001FB9F0,
retail-only,CanFireWeapon,,0x0022CE44
shared,cannot access a variable in outer scope,0x001FEA34,0x0023FB1C
shared,cannot access upvalue in main,0x001FEAA4,0x0023FB8C
alpha-only,Cannot add memory to heap,0x0020111C,
alpha-only,Cannot alloc user memory,0x00201194,
alpha-only,Cannot auto select viewer [,0x002028DC,
shared,cannot change `%.20s' tag method for type `%.20s'%.20s,0x001FE638,0x0023F644
alpha-only,cannot change hash,0x001FE704,
shared,cannot change the tag of a %.20s,0x001FD5F8,0x0023E900
alpha-only,cannot combine -- < 2 contacts,0x001FA038,
alpha-only,cannot combine -- different owners,0x001FA014,
alpha-only,cannot combine -- normal is zero,0x001F9FF0,
alpha-only,Cannot initialise heap,0x00201FA0,
retail-only,CanSetWeapon,,0x0022CE64
alpha-only,capacity == 0,0x001E9178,
alpha-only,capacity > 0 && capacity < MAX_REGISTERED_EFFECTS,0x001FC800,
alpha-only,capacity>bufferCache[activeBuffer].usage + length,0x001F64E0,
alpha-only,ccw>=0.f && cw>=0.f,0x001FC070,
alpha-only,CCylinder,0x001FA260,
shared,ceil,0x001FDAEC,0x0023885C
alpha-only,"Cells(%d, %d) CellSize (%f, %f)",0x001F1398,
alpha-only,center : ,0x002026B8,
shared,centerOfMass,0x001F3E54,0x00231950
alpha-only,CentreOfMass,0x00202B84,
alpha-only,Centrum-postmerge,0x00204684,
alpha-only,Centrum-postmerge-with-random,0x00208028,
alpha-only,Centrum-premerge-,0x00204698,
alpha-only,Centrum-premerge-with-random,0x00208048,
alpha-only,centrums frozen due to a wide merge,0x00209468,
alpha-only,centrums frozen due to extra vertices,0x00209440,
retail-only,Changed,,0x0022A958
alpha-only,changeFilter>=0.f && changeFilter<=1.f,0x001E9724,
alpha-only,channel < MAX_MIX_ANIMATION,0x001FA988,
alpha-only,channel >= 0 && channel < MAX_CHANNELS,0x001FBAF4,
alpha-only,character,0x001E957C,
alpha-only,CharacterCamera,0x001EBF14,
alpha-only,CharacterMove,0x001EC464,
retail-only,characterRadius,,0x0023E200
alpha-only,ChargeWeapon,0x001E9408,
alpha-only,checkBvShape,0x001F57D0,
shared,childShape,0x002029F8,0x0023A1C8
shared,childShapeFilterInfo,0x00202F7C,0x0023A724
shared,childShapes,0x00202F94,0x0023A73C
retail-only,Chinese,,0x00233928
retail-only,Cinematics,,0x0022ABBC
retail-only,CinfoFunctions,,0x00231298
retail-only,cinfoFunctions,,0x0023121C
alpha-only,Class allready registered,0x001F5CC8,
alpha-only,classId != INVALID_CLASSID,0x001F5D48,
alpha-only,classId!=INVALID_CLASSID,0x001F5CFC,
shared,Clear,0x001FC458,0x002364A4
shared,ClearAccess,0x001FF980,0x00235374
shared,ClearColorBuffer,0x001F658C,0x002344B8
alpha-only,ClearLastMagGroup,0x001F08FC,
shared,ClearLastTagThought,0x001F0938,0x0022BDCC
shared,ClearLastTypeThought,0x001F0920,0x0022BDB4
retail-only,ClearStats,,0x00236D90
retail-only,ClearVOEffects,,0x0022CBB8
alpha-only,"Client has died, cleaning up (host name not available at present)",0x00202450,
shared,clock,0x00201780,0x002337A4
alpha-only,Clone,0x001FBCAC,
shared,ClosestPoints,0x001F5562,0x00239CE2
shared,code,0x0020EE70,0x0023A8E0
shared,code size overflow,0x001FE90C,0x0023F858
shared,collectgarbage,0x001FDFB4,0x0023F070
alpha-only,Collide,0x001F4253,
alpha-only,Collide tris=%d,0x001FBB98,
alpha-only,Collided with non actor!,0x001F3088,
alpha-only,collideId<NUM_PHANTOMS,0x001EBF70,
alpha-only,collider,0x001EAD40,
alpha-only,Collision already enabled on [%s],0x001FBB58,
alpha-only,Collision Object: Base world object not initialised. Ensure you've called GetData after Instantiating your Collision Object.,0x001FA378,
alpha-only,Collision Object: Base world object not initialised. Ensure you've called SetData after Instantiating your CollisionObject.,0x001FA2D8,
alpha-only,Collision Object: Base world object not initialised. Ensure you've called this function after Instantiating your CollisionObject.,0x001FA3F8,
alpha-only,Collision Object: Collision Filter null! What! This should not happen.,0x001FA480,
shared,collisionFilterInfo,0x001F42F0,0x00231EC4
retail-only,collisionFilters,,0x00240288
retail-only,collisionGroups,,0x0023E6C0
retail-only,collisionLookupTable,,0x00240370
alpha-only,CollisionObject,0x001F9B44,
shared,collisionResponse,0x001F4348,0x00231FD4
shared,collisionTolerance,0x001F47D4,0x00232470
alpha-only,Color table [%s] already exists,0x001FF6BC,
alpha-only,compoundShapeToBeWelded,0x0020EB4C,
alpha-only,computeConvexHullTriangles 3.1 2001/10/19,0x0022ABF4,
shared,concat,0x001FE35C,0x0023F3B4
alpha-only,concave half ridges in output,0x002082E0,
alpha-only,concave ridge,0x00205C28,
alpha-only,concave ridges in getmergeset,0x00208FAC,
retail-only,Concrete,,0x00229B54
alpha-only,condition,0x001F2838,
retail-only,coneMinAngle,,0x0023DF04
retail-only,conservativeWalking,,0x0023E1E0
alpha-only,console,0x00200B68,
alpha-only,console.lua,0x001FFC44,
shared,constant table overflow,0x001FE8C4,0x0023F82C
alpha-only,Constraint,0x00202ADC,
retail-only,constraint,,0x0023DD60
alpha-only,ContactPoints,0x00202B30,
alpha-only,contacts.getSize() > 0,0x001F9FD8,
shared,contentmeta.xbx,0x001F38AC,0x00230AFC
alpha-only,"context == LoadGroupEntryToId(engineBlockStreaming, &lgte)",0x002004C0,
alpha-only,context >= 0 && context < MaxPackages,0x002008BC,
shared,ContextLocked,0x001EECE8,0x0022ACB0
alpha-only,contextStack.IsEmpty(),0x001FF310,
shared,control structure too long,0x001FE884,0x0023F7EC
shared,convexManifoldDriftTolerance,0x001F4790,0x0023242C
shared,convexManifoldWeldTolerance,0x001F47B0,0x0023244C
shared,convexWelderAcosTolerance,0x001F4750,0x002323EC
shared,convexWelderCullingPlaneTolerance,0x001F476C,0x00232408
alpha-only,coplanar,0x0020A6A4,
alpha-only,coplanar and interior,0x0020A6BC,
alpha-only,coplanar angles in getmergeset,0x00208FF0,
alpha-only,coplanar centrums in getmergeset,0x00208FCC,
alpha-only,coplanar half ridges in output,0x00208300,
alpha-only,coplanar horizon facets for new vertices,0x002082A4,
alpha-only,coplanar or concave ridge,0x00205C80,
alpha-only,coplanar points during partitioning,0x00208280,
alpha-only,coplanar ridge,0x00205BC4,
alpha-only,coplanar/concave merges due to avoiding old merge,0x00209680,
alpha-only,coplanarset for f,0x00206CD4,
shared,CopyRects,0x001B1CC8,0x001E7848
shared,CopyTag,0x001F0A28,0x0022BF14
alpha-only,"CopyTag(%s, %s) - failed to create / modify destination",0x001F054C,
alpha-only,"CopyTag(%s, %s) - failed to find source",0x001F0524,
shared,copytagmethods,0x001FDFA4,0x0023F060
alpha-only,Core::FAbs(lookAt.Length()-1.f)<F32_MIN_MOD,0x002014E8,
alpha-only,Core::Memory::GetHeap() == &heap,0x00200848,
alpha-only,Core::Memory::GetHeap() == &startupHeap,0x002006F0,
alpha-only,core_bspline.cpp,0x00201A9C,
alpha-only,core_clock.cpp,0x002017B0,
alpha-only,core_debugsymbol_symfile.cpp,0x00202220,
alpha-only,core_dtrack.cpp,0x0020191C,
alpha-only,core_engine_block_streaming.cpp,0x00201BAC,
alpha-only,core_engine_block_streaming_internals.cpp,0x00201EAC,
alpha-only,core_engineblock.cpp,0x00202068,
alpha-only,core_error.cpp,0x00201304,
alpha-only,core_filedisk.cpp,0x0020184C,
alpha-only,core_heap.cpp,0x00201F4C,
alpha-only,core_init.cpp,0x00201804,
alpha-only,core_log.cpp,0x00201488,
alpha-only,core_matrix.cpp,0x002014D8,
alpha-only,core_memory.cpp,0x0020100C,
alpha-only,core_perfstats.cpp,0x002015D8,
alpha-only,core_quat.cpp,0x002013C4,
alpha-only,core_string.cpp,0x002016F8,
alpha-only,core_system.cpp,0x00201B74,
alpha-only,core_thread.cpp,0x002020B8,
alpha-only,core_vector.cpp,0x00201418,
retail-only,corrupt,,0x0022EB9C
alpha-only,Corrupt symbol file [%s],0x00202240,
shared,cosh,0x0020D154 | 0x0022BBE3,0x002388A0 | 0x0025AABB
alpha-only,Could not open package file [%s],0x00201D70,
alpha-only,Couldn't get animation program 0x%08X (model:'%s'),0x001EEBC4,
alpha-only,Couldn't load startup image,0x002006B0,
alpha-only,count,0x001EA6D4,
alpha-only,count > 0,0x00201734,
retail-only,CountActorsByBehaviorName,,0x002284E0
retail-only,CountActorsByBehaviorPedestrianEngage,,0x0022847C
retail-only,CountActorsByBehaviorPriority,,0x002284A4
retail-only,CountActorsByBehaviorType,,0x002284C4
alpha-only,cpu seconds for qhull after input,0x00208618,
shared,CrcStr,0x001FC4F0,0x0023653C
retail-only,created,,0x0022E8E4
alpha-only,CreateEmitter3D,0x001F8664,
alpha-only,CreateEmitter3D FAILED - create called on an invalid group,0x001F9208,
alpha-only,CreateEmitterAmbient,0x001F864C,
alpha-only,CreateEmitterAmbient FAILED - create called on an invalid group,0x001F9248,
alpha-only,CreateEmitterNonPositional,0x001F8630,
alpha-only,CreateEmitterQueued FAILED - create called on an invalid group,0x001F92C8,
alpha-only,CreateEmitterStatic,0x001F861C,
alpha-only,CreateEmitterStatic FAILED - create called on an invalid group,0x001F9288,
retail-only,createFunc,,0x0023128C
alpha-only,createFunction,0x001F8340,
alpha-only,CreateGroup,0x001F8684,
retail-only,CreateIdFromNumber,,0x0022BC40
shared,CreateMode,0x00200C20,0x00233FD8
alpha-only,CreateMode: not found '%s',0x00200C4C,
retail-only,CreateNumberFromId,,0x0022BC2C
retail-only,CreateObject,,0x0022B1A4
alpha-only,CreateState,0x001F2C94,
alpha-only,CreateSubGroup,0x001F8674,
retail-only,crX\,,0x0029F984
alpha-only,Csound_mappermanager.cpp,0x001F880B,
retail-only,CullAllDirectedSpawns,,0x0022B0CC
alpha-only,Culled load group not found in LRU list,0x00200390,
retail-only,CullLayer,,0x0022B1C8
retail-only,cullPenetratingPoints,,0x002324E0
alpha-only,curAnim.curTime<maxTime,0x0020E268,
alpha-only,curAnim.keyIdAnim.morphKeyId.GetSize()==nb,0x0020E1D4,
alpha-only,curAnim.keyIdAnim.mtlKeyId.GetSize()==nb,0x0020E200,
alpha-only,curAnim.keyIdAnim.nodeKeyId.GetSize()==nb,0x0020E22C,
alpha-only,curEle<elems.GetSize(),0x001F7A08,
alpha-only,curEle<quadElems.GetSize(),0x001F79EC,
alpha-only,curIndex+nbVertex<MAX_VERTEXBUFFER_SIZE,0x001F71EC,
alpha-only,curIndex2D+nbVertex<MAX_VERTEXBUFFER_SIZE,0x001F7188,
retail-only,currency,,0x0022A714
alpha-only,currentline,0x001FD964,
alpha-only,currentProgram,0x001EEB9C,
alpha-only,currentState,0x001EDFB0,
alpha-only,currentTable,0x001F2684,
alpha-only,currentType,0x001EEC18,
alpha-only,currSection,0x001F34CC,
alpha-only,currSection->blockCount,0x00200728,
alpha-only,currSection->scriptState,0x001F34B0,
alpha-only,currState,0x001EA594,
alpha-only,currState || nextState,0x001EA5D0,
alpha-only,currState.state,0x001EAF7C,
alpha-only,curSphId<maxSph,0x001FD308,
alpha-only,curSphId>=0,0x001FD2FC,
alpha-only,Cxbox\graphics_rendererdebug_xbox.cpp,0x001F7133,
alpha-only,cycles of facets merged into coplanar horizon,0x002093A0,
retail-only,"CZK4""",,0x00223F8D
retail-only,D$  u#,,0x0013802C
retail-only,"D$ ,s(",,0x0018DB7B
alpha-only,D$ 8I#,0x000B99FA,
shared,D$ h,0x000C1C41 | 0x0010E047 | 0x00131C0F,0x00091F59 | 0x000E8D01 | 0x00100577
retail-only,d$ h,,0x0018202C
retail-only,"D$ h$\""",,0x000379C4
shared,D$ j,0x0012ACE2 | 0x00141B7C | 0x00142E9C | 0x00169A57,0x001A0632
shared,D$ Pj,0x00012D18,0x000E5E96 | 0x0014A06E
retail-only,D$$ ,,0x00139A0E
shared,D$$h,0x001270B5,0x000CAAC5 | 0x001041B1
shared,D$$j,0x0012388C,0x0007A190
alpha-only,D$$Pj,0x00141C80,
alpha-only,D$$Vj,0x00156294,
alpha-only,D$&Pj,0x0010D043,
shared,D$( ,0x00083AC3,0x000D2D18 | 0x00143EB3
retail-only,D$(j,,0x000A6581
alpha-only,D$(Ph09 ,0x0013B059,
alpha-only,D$(Pj,0x0014A6E3,
shared,"D$, ",0x000B8180,0x000A32C9
retail-only,"D$,(",,0x00139A16
retail-only,"D$,h$\""",,0x000110C7
retail-only,"D$,Lw(",,0x0018DC03
retail-only,"D$,Pj",,0x000CEB56
retail-only,D$0(u#,,0x00166D65 | 0x00167147
retail-only,D$0@,,0x000F196D
alpha-only,D$0@I#,0x000B99F2,
shared,D$0h,0x001A9E1A,0x001DE65A
alpha-only,D$0Vj,0x001566A3,
retail-only,D$40,,0x00139A24
retail-only,D$42,,0x000AD2CE
shared,D$4Ph,0x000C87D8,0x0003F45A
alpha-only,D$4Pj,0x000BCC44,
retail-only,D$<8,,0x00139A2C
retail-only,D$<j,,0x0003F454
retail-only,D$@4q#,,0x00124151
retail-only,D$@j,,0x000A5C46
retail-only,D$\h,,0x00102ACA
alpha-only,D$\Pj,0x001595B0,
shared,D$`@,0x001AEACD,0x001E464D
retail-only,D$`h,,0x0007771C
retail-only,D$`j,,0x0008D4E4
retail-only,D$`VWj,,0x00079B54
retail-only,D$D@,,0x00139A34
shared,D$Dj,0x001A9EFB,0x001DE73B
alpha-only,D$H ,0x000D40F3,
retail-only,D$hj,,0x000159ED
alpha-only,D$LF,0x000C6FE3,
retail-only,D$LH,,0x00139A3C
retail-only,D$Lh,,0x000A928D
retail-only,D$P(u#,,0x0013835A
shared,D$PPh,0x001271A1,0x000CABB1
shared,D$T@,0x001AE928,0x001E44A8
alpha-only,D$Tj,0x000E958D,
retail-only,D$TP,,0x00139A4A
shared,D$X(,0x001AE7CC,0x001E434C
alpha-only,D$XT,0x0016BF53,
retail-only,D0$j,,0x000884EF
retail-only,D:\%s%03d.BMP,,0x00234B60
alpha-only,d:\builder-src\code\lib\animation\AnimationManager.h,0x0020E19C,
alpha-only,d:\builder-src\code\lib\animation\Key.h,0x0020E350,
alpha-only,d:\builder-src\code\lib\core\core_memory.h,0x002011B0,
alpha-only,d:\builder-src\code\lib\driver\driver_overlap.h,0x00200344,
alpha-only,d:\builder-src\code\lib\graphics\graphics_array.h,0x001EA60C,
alpha-only,d:\builder-src\code\lib\graphics\graphics_lod.h,0x001F73F0,
alpha-only,d:\builder-src\code\lib\graphics\graphics_materialflag.h,0x001EC618,
alpha-only,d:\builder-src\code\lib\graphics\graphics_node.h,0x001FA754,
alpha-only,d:\builder-src\code\lib\graphics\graphics_particles.h,0x001F6F00,
alpha-only,d:\builder-src\code\lib\graphics\resource_object.h,0x001F6A0C,
alpha-only,d:\builder-src\code\lib\graphics\xbox\graphics_cachemanager_xbox.h,0x001F6C60,
alpha-only,d:\builder-src\code\lib\mango\sim.h,0x001FA700,
alpha-only,d:\builder-src\code\lib\mango\sim_damage_table.h,0x001FB894,
alpha-only,d:\builder-src\code\lib\mango\sim_particle_effect_factory.h,0x001FAEA8,
alpha-only,d:\builder-src\code\lib\mango\sim_task.h,0x001FAE7C,
alpha-only,d:\builder-src\code\lib\physics\physics_havok_rigid_body.inl,0x001EB5BC,
alpha-only,d:\builder-src\code\projects\ufo\output\Xbox\Dev\ufo.pdb,0x0020EF4C,
alpha-only,d:\builder-src\code\projects\ufo\traffic_actor.h,0x001F295C,
alpha-only,d:\builder-src\code\projects\ufo\traffic_behaviourpedestrianengage.h,0x001ED9B8,
alpha-only,d:\builder-src\code\projects\ufo\traffic_mathutils.h,0x001ED434,
alpha-only,d:\builder-src\code\projects\ufo\traffic_roadnetwork.h,0x001ECCB8,
alpha-only,d:\builder-src\code\projects\ufo\traffic_state.h,0x001EDFC0,
alpha-only,d:\builder-src\code\projects\ufo\ufo_building_factory.h,0x001F3114,
alpha-only,d:\builder-src\code\projects\ufo\ufo_character_camera.h,0x001EA0C0,
alpha-only,d:\builder-src\code\projects\ufo\ufo_havok_collision_manager.h,0x001F31B8,
alpha-only,d:\builder-src\code\projects\ufo\ufo_mission_markers.h,0x001F0304,
alpha-only,d:\builder-src\code\projects\ufo\ufo_mission_objective.h,0x001EFF34,
alpha-only,d:\builder-src\code\projects\ufo\ufo_move_state_machine.h,0x001EAF00,
alpha-only,d:\builder-src\code\projects\ufo\ufo_ordnance_discrete.h,0x001F1C00,
alpha-only,d:\builder-src\code\projects\ufo\ufo_player_factory.h,0x001F314C,
alpha-only,d:\builder-src\code\projects\ufo\ufo_player_focus.h,0x001E8C74,
alpha-only,d:\builder-src\code\projects\ufo\ufo_player_object.h,0x001E8E44,
alpha-only,d:\builder-src\code\projects\ufo\ufo_player_ship.h,0x001ECAC4,
alpha-only,d:\builder-src\code\projects\ufo\ufo_player_type.h,0x001EC1BC,
alpha-only,d:\builder-src\code\projects\ufo\ufo_ship_thirdpersoncamera.h,0x001E8DFC,
alpha-only,d:\builder-src\code\projects\ufo\ufo_weapon.h,0x001E9A30,
alpha-only,dah.%03d,0x001F2528,
alpha-only,Damage to building with unknown damage shape,0x001EA898,
alpha-only,damage.GetDamageShape() != Sim::Damage::SHAPE_NONE,0x001EA8CC,
alpha-only,damage.GetDamageType() != Sim::Damage::TYPE_ZAPOMATIC,0x001EE4F4,
retail-only,damaged_large,,0x00229408
retail-only,damaged_medium,,0x00229418
retail-only,damaged_small,,0x00229428
alpha-only,DAnimationNodeComp.cpp,0x0020E37B,
alpha-only,data,0x001F220C,
alpha-only,dataEB,0x001F6A04,
retail-only,"dddd, MMMM dd, yyyy",,0x00238698
shared,DE9-,0x001CAB7D,0x00201215
retail-only,Deactivate,,0x0022E06C
shared,DEACTIVATED,0x001FFBD0,0x0023520C
retail-only,DEACTIVATOR_INVALID,,0x00231AC4
retail-only,DEACTIVATOR_MAX_ID,,0x00231A88
retail-only,DEACTIVATOR_NEVER,,0x00231AB0
retail-only,DEACTIVATOR_SPATIAL,,0x00231A9C
retail-only,DeactivatorType,,0x00231A78
retail-only,deathray,,0x0022B020
shared,debug,0x001F684C,0x002346C8
alpha-only,DebugCache not initialized,0x001F5ED4,
alpha-only,DebugDisplay,0x00202290,
shared,DebugPhysics,0x001FC530,0x0023657C
shared,DebugString,0x001F67DC,0x00234648
alpha-only,DebugSubmit,0x001F7910,
shared,debugsymbol,0x002020F8,0x002338AC
alpha-only,DebugTextDraw,0x001FAFA0,
alpha-only,decayDt >= 0.0f,0x001F2990,
retail-only,December,,0x002386C0
retail-only,declaredEnums,,0x002311F8
shared,declaredMembers,0x001F82CC,0x002311D4
retail-only,Default,,0x00229B74
alpha-only,default,0x001F24B0,
alpha-only,default_car_immobilized,0x001ED380,
alpha-only,default_car_lane_follow,0x001ED8F8,
alpha-only,default_car_physics,0x001ED764,
alpha-only,default_car_transmogrify,0x001ED7AC,
alpha-only,default_car_unload,0x001EE070,
alpha-only,default_none,0x001EDFA0,
alpha-only,default_pedestrian_head_pop,0x001EDAC4,
alpha-only,default_pedestrian_hypnotized,0x001EDB1C,
alpha-only,default_pedestrian_lane_follow,0x001ED8A4,
alpha-only,default_pedestrian_mindflash,0x001E9EF8,
alpha-only,default_pedestrian_rejoin_lane,0x001ED6D4,
alpha-only,default_pedestrian_shot,0x001EE490,
alpha-only,default_pedestrian_stop,0x001ED1FC,
alpha-only,default_pedestrian_transmogrify,0x001EDBAC,
retail-only,default_world,,0x00237AD4
alpha-only,degenerate facets due to dropped neighbors,0x002099B4,
alpha-only,degenerate hyperplanes recomputed with gaussian elimination,0x00208244,
alpha-only,degenerate new facets in output (same ridge),0x00209B10,
alpha-only,Degenerate Triangle,0x0020EB08,
alpha-only,delaunay,0x002047AC,
alpha-only,delete currentMode,0x00200878,
alpha-only,deleted ridges due to renamed vertices,0x00209A0C,
shared,DeleteDynamicTags,0x001F09E4,0x0022BEA4
alpha-only,DeleteEmitter,0x001F85CC,
alpha-only,DeleteGroup,0x001F85C0,
retail-only,DeleteHypnoCommand,,0x0022B6D8
shared,DeleteTag,0x001F0A1C,0x0022BF08
shared,deprecated option `p' in `call',0x001FE160,0x0023F21C
shared,deprecated use: cannot get the `gc' tag method from Lua,0x001FE100,0x0023F1BC
shared,deprecated use: cannot set the `gc' tag method from Lua,0x001FE0A8,0x0023F164
alpha-only,dest,0x00201708,
alpha-only,dest && src,0x00201728,
retail-only,Destroy All Humans!,,0x0022A3FC
retail-only,destroyCinfoFunc,,0x00231268
alpha-only,destroyCinfoFunction,0x001F82E8,
shared,Destroyed,0x001EFD14,0x0022B820
retail-only,destroyed,,0x002359B4
retail-only,destroyed_large,,0x00229438
retail-only,destroyed_medium,,0x00229448
retail-only,destroyed_small,,0x0022945C
retail-only,DestroyTag,,0x0022B198
retail-only,destructoray,,0x0022B02C
retail-only,DetachWeapon,,0x0022CE54
alpha-only,determinants computed (area & initial hull),0x00208934,
alpha-only,determinants not computed because vertex too low,0x00208900,
shared,DEVICE_CONNECT,0x001FF964,0x00235338
shared,DEVICE_DISCONNECT,0x001FF950,0x00235324
alpha-only,Devices,0x001FC268,
alpha-only,devices_gamepad.cpp,0x001FFCA0,
alpha-only,devices_gamepad_script.cpp,0x001FF8C0,
alpha-only,difference >= 0,0x001F8398,
alpha-only,difference in max_outside at final check,0x00208B98,
alpha-only,"dir=%f,%f,%f",0x001E9704,
alpha-only,direct sound streaming buffer ceased playing,0x001F95B4,
shared,Direct3D error (%s line %d) : ,0x001F60A0,0x002340F8
alpha-only,directory.loadGroupTable[fixupsLoadGroupId].isLoaded,0x00201D04,
alpha-only,directory.loadGroupTable[targetLoadGroupId].isLoaded,0x00201C10,
alpha-only,directory.loadGroupTable[toFixLoadGroupId].isLoaded,0x00201D3C,
alpha-only,directoryAccess,0x0020030C,
alpha-only,directoryAccess == NULL,0x00201BD4,
shared,Disable,0x001EAA64,0x0022959C
shared,DisableBackBuffer,0x001F65A0,0x002344CC
retail-only,disabledEntities,,0x0023E72C
retail-only,disabledPairA,,0x0023E5D0
retail-only,disabledPairB,,0x0023E5C0
shared,DisablePhysics,0x001FC558,0x002365A4
alpha-only,Display,0x001FCC14,
alpha-only,distance >= 0.0f,0x001ECFB0,
alpha-only,distance tests for best merge,0x0020906C,
alpha-only,distance tests for centrum convexity,0x00209044,
alpha-only,distance tests for checking convexity,0x00208EF8,
alpha-only,distance tests for checking flipped facets,0x00208F20,
alpha-only,distance tests for checking good point,0x00208ED0,
alpha-only,distance tests for checking simplicial convexity,0x00209010,
alpha-only,distance tests for computing furthest,0x00208DF0,
alpha-only,distance tests for facet visibility,0x00208848,
alpha-only,distance tests for initial partition,0x00208F84,
alpha-only,distance tests for output,0x00208EB4,
alpha-only,distance tests for partitioning,0x00208F4C,
alpha-only,distance tests for statistics,0x00208E94,
alpha-only,distance tests to report minimum vertex,0x00208820,
alpha-only,Distance-roundoff,0x002045DC,
alpha-only,DISTANT,0x0020ACF4,
alpha-only,DNo more entry left,0x001F7B07,
retail-only,DoesTagExist,,0x0022BD40
shared,dofile,0x001FDF9C,0x0023F058
alpha-only,dolly.speed > Core::EPSILON_FLOAT,0x001ECB0C,
shared,dostring,0x001FDF90,0x0023F04C
shared,DotVec3,0x001FC494,0x002364E0
alpha-only,"DotVec3(v1,v1)>(Core::EPSILON_FLOAT*Core::EPSILON_FLOAT)",0x00201428,
retail-only,Draw,,0x00236494
shared,DrawBox,0x001F6854,0x002346D0
retail-only,DrawCamera,,0x00234688
alpha-only,drawInfo.data,0x001F6E64,
shared,DrawLight,0x001F6828,0x00234694
shared,DrawSphere,0x001F6840,0x002346BC
shared,driver,0x0020025C,0x00233A28
alpha-only,driver.cpp,0x00200264,
alpha-only,driver.CreateMode,0x00200C68,
alpha-only,driver::console,0x00200B54,
shared,driver::debug,0x00200AE4,0x00233AFC
alpha-only,Driver::Stream: Error creating thread:%d,0x00200D34,
alpha-only,driver::top,0x00200EA8,
alpha-only,driver_assetheap.cpp,0x00200378,
alpha-only,driver_base.cpp,0x002002F4,
alpha-only,driver_base_script.cpp,0x00200CA0,
alpha-only,driver_debug.cpp,0x00200AC8,
alpha-only,driver_debug_console.cpp,0x00200B70,
alpha-only,driver_debug_script.cpp,0x00200EF0,
alpha-only,driver_overlap_script.cpp,0x00200A98,
alpha-only,driver_section.cpp,0x00200790,
alpha-only,driver_stream.cpp,0x00200D8C,
alpha-only,dropped neighbors due to renamed vertices,0x002099E0,
retail-only,drowned,,0x00225C30
retail-only,drowning,,0x00229EC4
alpha-only,dString.string,0x0020E50C,
alpha-only,dt * GetActor().GetSpeed() < RAY_TEST_DISTANCE,0x001EDA60,
alpha-only,dt >= 0.0f,0x001F29A0,
alpha-only,DT8P?,0x0022330F | 0x002239FF,
alpha-only,DTrack '%s' still had %d/%d registered items at shutdown,0x002019AC,
alpha-only,dTracker,0x001FAEE4,
alpha-only,Dump,0x00200FD4,
shared,DumpNodes,0x001FC5B4,0x00236684
alpha-only,duplicated ridges in same merge cycle,0x0020912C,
alpha-only,duplicated ridges with flipped facets,0x00209104,
alpha-only,DUPLICATED/MATCH,0x00205DEC,
retail-only,dust,,0x002305FC
alpha-only,dVWPh,0x000EA9C4,
retail-only,dVWPhl\#,,0x0010BA44
alpha-only,dynamically spawned object [%s:%s] failed - not an actor!,0x001ECCF0,
alpha-only,DynamicCast<Actor>(o) != NULL,0x001FBE14,
alpha-only,DynamicCast<Building>(o),0x001EA9D4,
alpha-only,DynamicCast<Building>(o) != NULL,0x001EA9B0,
alpha-only,DynamicCast<Camera>(o) != NULL,0x001F2E44,
alpha-only,DynamicCast<CharacterCamera>(p) != NULL,0x001EA098,
alpha-only,DynamicCast<CharacterMove>(mv),0x001EC6B8,
alpha-only,DynamicCast<MeshObject>(o) != NULL,0x001FBC20,
alpha-only,DynamicCast<Object>(o1) != NULL,0x001FCBD4,
alpha-only,DynamicCast<Object>(o2) != NULL,0x001FCBA0,
alpha-only,DynamicCast<ParticleShapeSpline>(p) != NULL,0x001E90C8,
alpha-only,DynamicCast<PlayerCharacter>(p) != NULL,0x001EBC7C,
alpha-only,DynamicCast<PlayerFocus>(p) != NULL,0x001EB208,
alpha-only,DynamicCast<PlayerObject>(p) != NULL,0x001EB6C0,
alpha-only,DynamicCast<PlayerShip>(p) != NULL,0x001EC990,
alpha-only,DynamicCast<ShipThirdPersonCamera>(p) != NULL,0x001E8DCC,
alpha-only,DynamicCast<TriMesh>(body) != NULL,0x001EC1F0,
alpha-only,DynamicCast<WeaponObject>(o) != NULL,0x001FA630,
alpha-only,DynamicCast<WorldObject>(o) != NULL,0x001FAB90,
alpha-only,DynamicCast<WorldObject>(obj) != NULL,0x001FC6F4,
retail-only,dynamicFriction,,0x0023E274
retail-only,dynamicMusic,,0x0022A7A8
alpha-only,dynamicObjLight,0x001F6450,
shared,e+000,0x0020D0FC,0x002387C4
alpha-only,e.channel >= 0 && e.channel < MAX_CHANNELS,0x001FBB2C,
retail-only,E8h(,,0x00123479
retail-only,E=<8(,,0x000EDB66
alpha-only,Effect type not found for %08X,0x001FC688,
retail-only,Effects,,0x0022AB90
alpha-only,effects,0x001FBA00,
alpha-only,effects == NULL,0x001FB96C,
retail-only,EIGHT,,0x002286B0
retail-only,EIGHT ,,0x002286F4
retail-only,EIsRendering,,0x00236FF7
alpha-only,eleId>=0 && eleId<MAX_PARTICLES,0x001FCD78,
shared,elements in a table constructor,0x001FEBA8,0x0023FC70
alpha-only,elems[eleId].groupId,0x001FCD38,
shared,else,0x001FEF54,0x0023F93C
shared,elseif,0x001FEF4C,0x0023F934
shared,Emit,0x001FC784,0x00236D88
alpha-only,Emitter:%s not found,0x001FC730,
alpha-only,emitterGroupManager.IsEmpty(),0x001F83A8,
alpha-only,emitterManager.IsEmpty(),0x001F83C8,
retail-only,empty,,0x0022EB94
retail-only,Enable,,0x00228590
shared,EnableBackBuffer,0x001F65B4,0x002344E0
shared,enableBackstepping,0x001F4844,0x002324F8
alpha-only,EnableCollide,0x001FBC8C,
shared,enableDeactivation,0x001F46D4,0x00232370
shared,EnableFreeLook,0x001F2ED4,0x00236150
alpha-only,EnableLog,0x001FCC08,
shared,enableSimulationIslands,0x001F48D8,0x0023258C
alpha-only,end.parent,0x001FB388,
alpha-only,end.parent == NULL,0x001FB3CC,
alpha-only,EndFrame,0x001FAF94,
retail-only,EndLoadResidentAudio,,0x00233E68
alpha-only,endPoint,0x001E8F74,
alpha-only,EndScenePresent,0x001F62D4,
shared,EndVisibilityTest,0x001B1CD4,0x001E7854
retail-only,Engaged,,0x0023624C
alpha-only,engineBlockStreaming.GetDirectoryAccess().loadGroupTable[loadGroupId].isLoaded,0x002003E0,
retail-only,English,,0x00233964
retail-only,EnumerateAnimationPrograms,,0x0022BD10
retail-only,EnumerateBehaviors,,0x002284FC
shared,environment,0x001F2CA0,0x0022A42C
alpha-only,eraseParent,0x001FB3F8,
alpha-only,ERRONEOUS,0x00205488,
shared,Error,0x001F41A0,0x002316C0
shared,error,0x001FDF88,0x00233680
shared,Error - Assertion,0x002012B8,0x002336AC
shared,Error - Configuration file,0x002012CC,0x002336C0
shared,Error - Fatal,0x002012A8,0x0023369C
shared,Error - Out of memory,0x002012E8,0x002336DC
shared,error in error handling,0x001FDFF8,0x0023F0B4
retail-only,Error opening file.,,0x0023AC50
alpha-only,Error reading %u bytes,0x00201834,
retail-only,Error reading Bink header.,,0x0023ABEC
alpha-only,Error with fire phantom collision!,0x001F340C,
alpha-only,Error writing %u bytes,0x00201860,
alpha-only,ERROR: ,0x00202390,
shared,error: ,0x001F99F8,0x00238618
alpha-only,error\hkError.cpp,0x001F81D0,
shared,escape sequence too large,0x001FF06C,0x0023FA4C
retail-only,ESim,,0x0023577B
retail-only,EUnknown,,0x00236237
shared,event `%.50s' is deprecated,0x001FE5A4,0x0023F5B0
shared,event `gc' for tables is deprecated,0x001FE580,0x0023F58C
alpha-only,event.target,0x001FF180,
alpha-only,Event::Event - unable to create event,0x002020C8,
alpha-only,eventHandle,0x00202088,
alpha-only,eventQueue,0x001FF190,
alpha-only,eventQueueHighWater == 0,0x001FF158,
alpha-only,events,0x0020E45C,
alpha-only,events.GetNbKeys() || translation.GetNbKeys() || rotation.GetNbKeys() || scale.GetNbKeys(),0x0020E398,
alpha-only,events.IsEmpty(),0x001FAF08,
alpha-only,eventSink,0x001EBC40,
alpha-only,eventType->typeCrc == EventTypeContinuous::TYPE || eventType->typeCrc == EventTypeCumulative::TYPE,0x001F29E0,
alpha-only,eventType->typeCrc == EventTypeOneShot::TYPE,0x001F29AC,
alpha-only,evt.shape<shapes.GetSize(),0x001FB15C,
alpha-only,Evt@,0x001EE034,
shared,Exception - Fatal,0x00201294,0x00233688
retail-only,Exceptions,,0x0022AB84
alpha-only,ExecuteScript(0x%.8X) not handled,0x00200C7C,
retail-only,expired,,0x0022E8EC
retail-only,extraDownStaticFriction,,0x0023E230
retail-only,extraUpStaticFriction,,0x0023E248
retail-only,F hl(,,0x00222924
alpha-only,F p2+,0x001E6604,
shared,F Pj,0x00104A17,0x0019CF77
shared,F Wj,0x0010446C,0x0019C9CC
alpha-only,F$Pj,0x000D0039,
alpha-only,"F,Wj",0x000D3F90,
alpha-only,F8PhXi ,0x001416C2,
retail-only,f95Fi(,,0x0013FEFA
retail-only,f9=0m(,,0x00220023
alpha-only,F`($ ,0x0012448F,
shared,fabs,0x0020D144,0x0023884C
alpha-only,facets,0x002047A4,
alpha-only,facets before post merge,0x002085A8,
alpha-only,facets created altogether,0x002085E0,
retail-only,FadeIn,,0x002360F0
retail-only,FadeOut,,0x002360F8
alpha-only,Failed adding object id [%d] to tag [%s],0x001F041C,
alpha-only,Failed reading [%d] bytes from profile [%d],0x001F2578,
alpha-only,Failed to add record (F32) [0x%08X] [max %d],0x001F2334,
alpha-only,Failed to add record (Key) [0x%08X] [max %d],0x001F2304,
alpha-only,Failed to add record (Str) [0x%08X] [max %d],0x001F2364,
alpha-only,Failed to apply damage [%.2f] to id [%d],0x001F05C0,
alpha-only,failed to create dynamically spawned object [%s:%s],0x001ECD2C,
alpha-only,Failed to create region marker [%s],0x001EFDC8,
alpha-only,Failed to create sound emitter - too many emitters,0x001F88C0,
alpha-only,Failed to create sound emitter group - too many groups,0x001F886C,
alpha-only,Failed to create tag marker [%s],0x001EFEA8,
alpha-only,Failed to delete tag [%s],0x001F0508,
alpha-only,Failed to find animation [%s],0x002001E8,
alpha-only,Failed to find child [%s] in [%s],0x001FF2C4,
alpha-only,Failed to find child [%s] in [%s] using [%s],0x001FF388,
alpha-only,Failed to find color table [%s],0x001FF660,
alpha-only,Failed to find geometry [%s],0x00200208,
alpha-only,"Failed to find height for landing zone [%s] (%f, %f)",0x001F1944,
alpha-only,"Failed to find height for mission [%s] (%f, %f)",0x001F0074,
alpha-only,Failed to find height for region [%s],0x001EFDEC,
alpha-only,"Failed to find height for region [%s] (%f, %f)",0x001F03BC,
alpha-only,Failed to find landing zone region [%s],0x001F191C,
alpha-only,Failed to find marker region [%s],0x001EFDA4,
alpha-only,Failed to find marker region item (region %s),0x001EFD50,
alpha-only,Failed to find marker tag [%s],0x001EFE78,
alpha-only,Failed to find mission processor [%s],0x001EFAE8,
alpha-only,Failed to find mission zone marker [%s],0x001F0B38,
alpha-only,Failed to find processor [%s],0x001EFB70,
alpha-only,Failed to find radar item (group %s),0x001EEEEC,
alpha-only,Failed to find radar item (region %s),0x001EEEA0,
alpha-only,Failed to find radar item (tag %s),0x001EEEC8,
alpha-only,Failed to find radar region [%s],0x001EEF14,
alpha-only,Failed to find reanimate tag [%s],0x001F033C,
alpha-only,Failed to find region [%s] for mission [%s],0x001EFBE4,
alpha-only,Failed to find region [%s] for position query,0x001F03EC,
alpha-only,Failed to find spawn type [%s],0x001F0448,
alpha-only,Failed to find target objective [%s],0x001EFB48,
alpha-only,Failed to find type [%s] for mission [%s],0x001EFBB8,
alpha-only,Failed to find Vec2 table [%s],0x001FF624,
alpha-only,Failed to play %s animation 0x%08X,0x001E9AD8,
alpha-only,FAILED TO SET DIRECTION FACING,0x001F8984,
alpha-only,FAILED TO SET VELOCITY,0x001F8F34,
alpha-only,Failed writing [%d] bytes to profile [%d],0x001F2534,
retail-only,fall_large,,0x0022946C
retail-only,fall_medium,,0x00229478
alpha-only,fall_pedestrian,0x001EEB64,
retail-only,fall_small,,0x00229484
alpha-only,FALSE,0x001ED008,
alpha-only,False,0x001F0C1C,
shared,false,0x001F9A4C,0x00238628
alpha-only,Farea,0x002043AC,
alpha-only,FArea-total,0x002043A0,
alpha-only,FCentrums,0x00204388,
alpha-only,Fcoplanars,0x00204394,
alpha-only,Fd-cdd-in,0x0020437C,
alpha-only,FD-cdd-out,0x00204370,
shared,fear,0x001F3244,0x0022A728
alpha-only,"fear.%s(""%s"" [, amount]) - region name not found",0x001F1488,
alpha-only,feasible point: ,0x00207C1A,
retail-only,February,,0x00238714
alpha-only,FFacets-xridge,0x00204360,
alpha-only,fff?!IsEnd(),0x001ECFA0,
retail-only,"Fh,Z#",,0x0010B48F
retail-only,"FH8w""",,0x000217BD
retail-only,"FHDo""",,0x000221EC | 0x000225AE | 0x00029491 | 0x0002A1C9 | 0x0002BFC1
retail-only,"FHHz""",,0x00025002 | 0x0002528F
alpha-only,FHj8j,0x001DFF3D,
alpha-only,FIDs,0x00204350,
shared,field,0x001FD738,0x0023E9E8
shared,file `%.99s',0x001FE314,0x0023F36C
shared,file `...%.99s',0x001FE324,0x0023F37C
shared,file error,0x001FE030,0x0023F0EC
alpha-only,file.IsOpen(),0x00200CC4,
alpha-only,File::OpenAsync: Error creating event:%d,0x002021B0,
alpha-only,File::OpenAsync: Error creating thread:%d,0x00202184,
shared,Find,0x001FBCA4,0x002368E0
shared,FindF32,0x001F24F0,0x0022EC28
shared,FindKey,0x001F250C,0x0022EC44
alpha-only,FindObjective(objective.GetName()),0x001EFFE0,
alpha-only,"FindObjective(objective.GetName(), TRUE)",0x001F0004,
retail-only,FindS32,,0x0022EC0C
shared,FindStr,0x001F24D4,0x0022EBF0
retail-only,Finished,,0x002360D8
alpha-only,Finner,0x00204358,
alpha-only,Fire,0x001F30E8,
shared,fire,0x001F328C,0x0022B018
alpha-only,Fire collided with non-object??,0x001F33EC,
retail-only,Fired,,0x0022FBB8
retail-only,FireOneShotStimulus,,0x0022BFD4
shared,FireWeapon,0x001EB310,0x0022CEB4
alpha-only,"FireWeapon call is now obsolete, use weapon events",0x001EB68C,
alpha-only,FireWeapon is obsolete,0x001EB1E8,
alpha-only,First post-merge,0x0020B034,
alpha-only,firstUsed<MAX_PARTICLES,0x001F6F78,
alpha-only,firstUsed>=0 && firstUsed<MAX_PARTICLES,0x001FCD50,
retail-only,FIVE,,0x002286C4
retail-only,FIVE ,,0x0022870C
shared,Fixed,0x001F2EA4,0x00236170
alpha-only,fixtureEB.blockId < buildingTypeEB->blocks->GetSize(),0x001EA80C,
alpha-only,fixupsHeader.identifier == StreamingFixupHeader::IDENTIFIER,0x00201CC8,
alpha-only,FLane::GetTimeUntilNextVehicleExit(B),0x001ECEE7,
retail-only,flashboth,,0x0022DF68
retail-only,flashc,,0x0022DF58
retail-only,flashh,,0x0022DF60
alpha-only,flipped facet,0x002056E0,
alpha-only,flipped facets,0x002082D0,
alpha-only,flnSu,0x001FD9CC,
shared,Floating point divide by zero,0x00201228,0x00233838
shared,Floating point invalid operation,0x00201204,0x00233814
shared,floor,0x001FDAE4,0x00238854
retail-only,Flow%s%s,,0x0022AD4C
retail-only,Flow%sComplete,,0x0022AD58
retail-only,flower,,0x00230608
retail-only,FlowInput1,,0x0022AD98
retail-only,FlowInput2,,0x0022ADA4
alpha-only,Fmerges,0x00204348,
shared,fmod,0x0020D124 | 0x0022AC71,0x00238824 | 0x002597D1
alpha-only,Fneighbors,0x0020433C,
alpha-only,FNeighbors-vertex,0x00204328,
retail-only,FNINE,,0x002286A7
alpha-only,focus,0x001E9588,
alpha-only,focusDepthEnd>0.01f,0x001F757C,
alpha-only,focusDepthStart>0.01f,0x001F7590,
retail-only,Foliage,,0x00229B2C
alpha-only,font,0x0020E538,
alpha-only,FOptions,0x00204314,
alpha-only,"for facets and their normals, neighbor and vertex sets",0x002097CC,
alpha-only,for input points and outside and coplanar sets,0x00209774,
alpha-only,For post-merging,0x0020B020,
alpha-only,for ridges and their vertex sets,0x00209750,
alpha-only,For testing vertex neighbors,0x0020B048,
alpha-only,for vertices and their neighbor sets,0x002097A4,
shared,foreach,0x001FDF80,0x0023F044
shared,foreachi,0x001FDF74,0x0023F038
shared,foreachvar,0x001FDFEC,0x0023F0A8
shared,format,0x001FDBA8,0x0023EC70
alpha-only,Found,0x001F1040,
alpha-only,found,0x001F0600,
alpha-only,foundNode,0x001EA520,
retail-only,FOUR,,0x002286CC
retail-only,FOUR ,,0x00228714
alpha-only,Fouter,0x00204320,
alpha-only,Fpoint-intersect,0x00204300,
alpha-only,FPoint-nearest,0x002042F0,
alpha-only,FQhull,0x002042E8,
alpha-only,Frame Timer,0x00202428,
alpha-only,Freeing a free block!,0x00202000,
shared,FreeMemory,0x002009E8,0x00233D90
retail-only,FreezeConcentration,,0x0022D754
retail-only,French,,0x00233948
shared,frexp,0x001FDAD8,0x0023881C
shared,friction,0x001F3E20,0x0023191C
retail-only,Friday,,0x00238764
retail-only,FSetNorth,,0x0022A9FB
alpha-only,FSize,0x002042D4,
alpha-only,Fsummary,0x002042DC,
alpha-only,Fsystem,0x001EEE6F,
alpha-only,Ftriangles,0x002042C8,
retail-only,FullScreen,,0x00237004
alpha-only,func,0x001FD948,
shared,function,0x001FE2B0,0x0023F318
shared,function <%d:%.70s>,0x001F9968,0x00238588
shared,function `%.20s' is deprecated,0x001FE208,0x0023F2C4
shared,function `%.50s',0x001F99B8,0x002385D8
shared,function arguments expected,0x001FEBE4,0x0023FCAC
shared,"function CopyTable(table) local newTable = {} for key, value in table do if type(value) == ""table"" then newTable[key] = CopyTable(value) else newTable[key] = value end end return newTable end",0x001F9858,0x00238488
alpha-only,function expected,0x001FD9E8,
alpha-only,function has no pc,0x001FD6A8,
alpha-only,function must be active,0x001FD75C,
shared,function or expression too complex,0x001FE8A0,0x0023F808
alpha-only,function or level expected,0x001FD9A8,
shared,function or nil expected,0x001FE0E4,0x0023F1A0
shared,function: %p,0x001FE1AC,0x0023F268
retail-only,Furoncom,,0x0022ABB0
alpha-only,FVertex-average,0x002042B8,
alpha-only,Fvertices,0x00204A5C,
alpha-only,Fvoronoi,0x00204A68,
retail-only,fx_damage_master,,0x0022E720
alpha-only,fx_test_beam not found,0x001EC3D0,
alpha-only,fx_test_corona not found,0x001EC380,
alpha-only,Fxtremes,0x002042AC,
retail-only,FZ&R,,0x0029CC50
retail-only,FZ'R,,0x0029CC58 | 0x0029D158 | 0x0029D260
retail-only,"FZK4""",,0x0022355B
shared,F}Dj,0x00175747,0x001A5A10
alpha-only,G - completed,0x001FF85F,
retail-only,G QRPj,,0x0018ACA9
alpha-only,G(indexBuffer->Common&0x780000)==0,0x001F74BF,
alpha-only,G0Pj,0x001DB69D,
alpha-only,g1->GetCollidableInterface() && g2->GetCollidableInterface(),0x001F344C,
retail-only,gain,,0x0023E558
alpha-only,Gall-points,0x00204264,
shared,game,0x001FC5A4,0x00236614
retail-only,GamePause,,0x0023701C
retail-only,GameResume,,0x00237010
alpha-only,garbage in C stack,0x001FE27C,
retail-only,GarbageCollect,,0x00233DD0
alpha-only,Gcentrums,0x00204258,
shared,gcinfo,0x001FDF6C,0x0023F030
alpha-only,GDrop-dim,0x00204174,
alpha-only,GenerateRipple,0x001FBC7C,
alpha-only,generic < GENERIC_MAX,0x001FF828,
shared,GENERIC_AL,0x001FF9FC,0x002353F0
shared,GENERIC_AR,0x001FF9F0,0x002353E4
shared,GENERIC_DOWN,0x001FFA20,0x00235414
shared,GENERIC_LEFT,0x001FFA4C,0x00235440
shared,GENERIC_P1,0x001FFA80,0x00235474
shared,GENERIC_P2,0x001FFA74,0x00235468
shared,GENERIC_P3,0x001FFA68,0x0023545C
shared,GENERIC_P4,0x001FFA5C,0x00235450
shared,GENERIC_RIGHT,0x001FFA3C,0x00235430
shared,GENERIC_SL,0x001FFA14,0x00235408
shared,GENERIC_SR,0x001FFA08,0x002353FC
shared,GENERIC_START,0x001FF9E0,0x002353D4
shared,GENERIC_UP,0x001FFA30,0x00235424
alpha-only,geom,0x001F7E54,
alpha-only,geom->GetGeometryType()!=GEOM_TYPE_PARTICLE,0x001F7F84,
alpha-only,geom->IsSphere(),0x001EB188,
retail-only,German,,0x00233950
alpha-only,Get size of free block,0x00202018,
shared,Get3DSpeed,0x001EB8C4,0x00229D38
shared,GetAbductoBeamWeapon,0x001EC9C4,0x0022E0D4
shared,GetAccess,0x001FF98C,0x00235380
retail-only,GetAccumulated,,0x0022A034
retail-only,GetAccumulatedValue,,0x0022A020
shared,GetActive,0x001EFC8C,0x0022B768
alpha-only,GetActive(),0x001FF50C,
shared,GetActiveBlocks,0x001EAA9C,0x002295D4
retail-only,GetActiveLayerCrcs,,0x0022B068
shared,GetActiveZone,0x001EFC6C,0x0022B748
shared,GetAmmo,0x001FA688,0x00236418
shared,GetAnalog,0x001FF9B8,0x002353AC
shared,GetAngle,0x001FC4C4,0x00236510
retail-only,GetAngleFromCameraToRegion,,0x0022BE24
retail-only,GetAnimNameCrc,,0x0022CCAC
shared,GetAnimProgress,0x001FAC74,0x0022CCBC
shared,GetAnims,0x001FACA4,0x0022CCDC
shared,GetAnimSpeed,0x001FAC94,0x0022CCCC
retail-only,GetAttenuation,,0x00233058
retail-only,GetAwarenessCount,,0x0022A580
shared,GetAxis,0x001FF9B0,0x002353A4
retail-only,GetBankBalance,,0x00229FF0
alpha-only,GetBehaviorClass failed (tags):,0x001F0608,
alpha-only,GetBehaviorClass failed - (not an actor):,0x001F0628,
alpha-only,GetBehaviorClassName,0x001F0A74,
shared,GetBehaviorName,0x001F0A64,0x0022BF9C
alpha-only,GetBehaviorName failed (tags):,0x001F0654,
alpha-only,GetBehaviorName failed - (not an actor):,0x001F0674,
retail-only,GetBehaviorPriority,,0x0022BFC0
alpha-only,GetBehaviorType().typeCrc == BehaviorNone::Type::TYPE,0x001EE200,
retail-only,GetBehaviorTypeName,,0x0022BFAC
alpha-only,GetBlockEB().type == BuildingBlockEB::PHYSICS,0x001EAD7C,
retail-only,GetBodyTwist,,0x00229CDC
shared,GetBuildString,0x00200BF4,0x00233FAC
shared,GetBuildType,0x00200C10,0x00233FC8
shared,GetBurnDamage,0x001EAAF0,0x00229628
retail-only,GetCameraUpdateEnable,,0x0022D728
shared,GetCharacter,0x001EB80C,0x0022D848
retail-only,GetCharacterMoveState,,0x0022D980
retail-only,getCinfoFunc,,0x00231258
alpha-only,getCinfoFunction,0x001F832C,
shared,GetConcentration,0x001EB758,0x0022D77C
shared,GetConnected,0x001FF9D0,0x002353C4
shared,GetCurrent,0x001F2F30,0x002361A8
shared,GetDamaged,0x001EAADC,0x00229614
retail-only,GetDebug,,0x00236178
retail-only,GetDebugFlags,,0x00233D68
shared,GetDebugPhysicsFlag,0x001FC51C,0x00236568
alpha-only,GetDefault,0x001F2F24,
retail-only,GetDenominations,,0x0022A050
shared,GetDestroyed,0x001EAACC,0x00229604
shared,GetDigital,0x001FF9C4,0x002353B8
shared,GetDisableFlag,0x001EAA8C,0x002295C4
shared,GetDisablePhysicsFlag,0x001FC540,0x0023658C
shared,GetDistAbove,0x001EC0C8,0x00229D1C
shared,GetDistance,0x001FC4E4,0x00236530
shared,GetDrawFlag,0x001FAC68,0x0022CCA0
retail-only,GetDuration,,0x00233184
alpha-only,GetFear,0x001F1680,
alpha-only,GetFearAtTag,0x001F173C,
alpha-only,"GetFearAtTag(""%s"") - tag is empty",0x001F15AC,
alpha-only,"GetFearAtTag(""%s"") - tag unknown",0x001F15D0,
alpha-only,"GetFearAtTag(""%s"") - tagged object is not in the world",0x001F1514,
alpha-only,"GetFearAtTag(""%s"") - warning, tag contains more than 1 item, using position of fisrt item",0x001F1550,
retail-only,GetFearLevel,,0x0022A4F8
retail-only,GetFearLevelCount,,0x0022A4E4
shared,GetFirstPerson,0x001EB76C,0x0022D790
shared,GetFloat,0x001FC46C,0x002364B8
shared,GetFocus,0x001EB938,0x0022D9B4
retail-only,GetForceHide,,0x0022CD84
retail-only,GetFOV,,0x00236198
retail-only,GetFrameRate,,0x00233F9C
shared,GetFrameTime,0x001FC594,0x00236604
shared,GetFront,0x001FABFC,0x0022CC2C
shared,getglobal,0x001FDF60,0x0023F024
retail-only,GetGlobalSoundDuration,,0x00236624
retail-only,GetGroundHeight,,0x0022D934
alpha-only,GetGroup(),0x001FB8E0,
shared,GetHeading,0x001EC0E4,0x00229D60
shared,GetHealth,0x001EAB00,0x00229638
shared,GetHealthFrac,0x001FBE78,0x0022CD64
retail-only,GetHeightAboveWater,,0x0022CEDC
retail-only,GetHolobobActorType,,0x0022CEFC
shared,GetHoloBobEnable,0x001EB8F0,0x0022D958
shared,GetHoloModelEnable,0x001EB8DC,0x0022D944
shared,GetID,0x001EB824,0x0022D860
retail-only,GetIdTypeName,,0x0022BBF4
retail-only,GetInfiniteWeaponAmmo,,0x0022CE18
retail-only,GetInfo,,0x0022EBD4
alpha-only,getinfo,0x001FD934,
shared,GetInteger,0x001FC460,0x002364AC
alpha-only,GetInvert,0x001F2EE4,
retail-only,GetIPAddress,,0x00233F80
shared,GetJetPackEnable,0x001EB904,0x0022D96C
retail-only,GetLandingBeamDown,,0x0022E0C0
retail-only,GetLanguageName,,0x00233D58
alpha-only,GetLastMagGroup,0x001F0910,
shared,GetLastTagThought,0x001F0960,0x0022BE10
retail-only,GetLastTagThoughtDuration,,0x0022BDF4
shared,GetLastTypeThought,0x001F094C,0x0022BDE0
shared,GetLightEnable,0x001EAA6C,0x002295A4
alpha-only,getlocal,0x001FD93C,
retail-only,GetMaxDistance,,0x00233038
alpha-only,GetMaxHealth() > Core::EPSILON_FLOAT,0x001EA640,
shared,GetMinAngle,0x001FC4A8,0x002364F4
retail-only,GetMinDistance,,0x00233048
retail-only,GetMode,,0x002345D8
shared,GetMovedAngle,0x001FC4B4,0x00236500
shared,GetMoveState,0x001EB918,0x00229D50
shared,getn,0x001FDEB8,0x0023EF80
shared,GetName,0x001FACE0,0x0022CD18
shared,GetNameCrc,0x001FACD4,0x0022CD0C
alpha-only,GetNbKeys()!=0,0x001F5C88,
alpha-only,GetNearest,0x001EAA10,
alpha-only,GetNext,0x001FBC9C,
alpha-only,GetNode(),0x001E9038,
shared,GetNum,0x001EAAE8,0x00229620
alpha-only,GetNumContacts() > 0,0x001F3434,
retail-only,GetObjectiveStatus,,0x0022B788
retail-only,getOwnedFunc,,0x00231234
alpha-only,getOwnedFunction,0x001F82A4,
shared,GetPauseFlag,0x001FC578,0x002365E0
shared,GetPauseStep,0x001FC568,0x002365D0
retail-only,GetPendingAwarenessCount,,0x0022A564
retail-only,GetPickupCount,,0x0022C63C
shared,GetPlatform,0x00200C04,0x00233FBC
shared,GetPlayer,0x001EB0BC,0x0022D350
shared,GetPlayerID,0x001EB31C,0x0022CEC0
shared,GetPlayerObject,0x001EB328,0x0022CECC
shared,GetPolar,0x001FC4D0,0x0023651C
shared,GetPos,0x001EB930,0x0022CC54
shared,GetPower,0x001FA690,0x00236420
retail-only,GetRealTime,,0x00233F90
retail-only,GetRefreshRate,,0x002345B8
shared,GetRight,0x001FAC08,0x0022CC38
shared,GetRot,0x001FAC1C,0x0022CC4C
shared,GetSafeArea,0x001FFB78,0x002351B4
shared,GetSafeAreaX,0x001FFB68,0x002351A4
shared,GetSafeAreaY,0x001FFB58,0x00235194
shared,GetScale,0x001FABE8,0x0022CC18
retail-only,GetScreenRatio,,0x002345E0
shared,GetScreenSize,0x001FFBA4,0x002351E0
shared,GetScreenSizeX,0x001FFB94,0x002351D0
shared,GetScreenSizeY,0x001FFB84,0x002351C0
shared,GetShadowFlag,0x001FAC34,0x0022CC6C
shared,GetShip,0x001EB81C,0x0022D858
retail-only,GetShipMoveState,,0x0022D998
retail-only,GetShowEntryBeam,,0x0022E098
retail-only,GetSlotInfo,,0x0022EBB8
retail-only,GetSlotState,,0x0022EBC4
shared,GetSpeed,0x001EB8D0,0x00229D44
shared,GetSpheres,0x001F54DE,0x00239C5E
alpha-only,GetState().IsTable(GetState().GetTop()),0x001FF3B8,
shared,gettable,0x001FE550,0x0023F55C
retail-only,GetTagHealth,,0x0022BEEC
shared,gettagmethod,0x001FDF50,0x0023F014
retail-only,GetTagObject,,0x0022BCA0
retail-only,GetTagSize,,0x0022BEFC
alpha-only,GetTagThought,0x001F272C,
shared,GetTarget,0x001EB8B8,0x0022D928
shared,GetTime,0x001FC5AC,0x0023661C
alpha-only,GetType().onCompleteReasonToActions,0x001ED328,
alpha-only,GetType().ordnanceType,0x001E9A18,
shared,GetTypeThought,0x001F273C,0x0022F164
shared,GetUp,0x001FABF4,0x0022CC24
retail-only,GetUsedSlotCount,,0x0022EBA4
shared,GetVel,0x001EB928,0x0022D9AC
shared,GetVelocity,0x001EC0D8,0x00229D2C
retail-only,GetVideoMode,,0x002345A8
shared,GetVisible,0x001EAAC0,0x002295F8
shared,GetVisiblePieces,0x001EAAAC,0x002295E4
shared,GetWaterHeight,0x001FC5C0,0x00236690
shared,GetWeapon,0x001EB950,0x0022CE80
retail-only,GetWeaponTargetActorHealthFrac,,0x0022D8D0
shared,GetWireFlag,0x001FAC50,0x0022CC88
alpha-only,Ginner,0x00204240,
alpha-only,Gintersections,0x00204248,
alpha-only,GiveAmmo,0x001E96C0,
alpha-only,GiveAmmo: Cannot find weapon (%08x),0x001E96CC,
shared,global,0x001FD708,0x0023E9E0
shared,globals,0x001FDF48,0x0023F00C
alpha-only,Gno-planes,0x00204234,
alpha-only,good ,0x00206304,
alpha-only,good facets found,0x0020886C,
alpha-only,Gouter,0x0020422C,
alpha-only,Gpoints,0x00204224,
shared,graphics,0x001F65DC,0x00234508
shared,graphics.fog,0x001F6690,0x002343CC
shared,graphics.light,0x001F6720,0x00234484
shared,graphics.warp,0x001F6654,0x002344A8
alpha-only,Graphics::Effect::Process,0x001FAFC0,
alpha-only,graphics_camera.cpp,0x001F7D3C,
alpha-only,graphics_debugtools.cpp,0x001F67AC,
alpha-only,graphics_interfacetext.cpp,0x0020E51C,
alpha-only,graphics_lod.cpp,0x001F7EE8,
alpha-only,graphics_material.cpp,0x001F6A5C,
alpha-only,graphics_materialmanager.cpp,0x001F7C24,
alpha-only,graphics_node.cpp,0x001F6374,
alpha-only,graphics_particleevent.cpp,0x0020E464,
alpha-only,graphics_particlemanager.cpp,0x001F800C,
alpha-only,graphics_particles.cpp,0x001F6FE8,
alpha-only,graphics_particlesmesh.cpp,0x001F7DA8,
alpha-only,graphics_renderer.cpp,0x001F7378,
alpha-only,graphics_renderer_tools.cpp,0x001F5F28,
alpha-only,graphics_rendererdebug.cpp,0x001F5EF0,
alpha-only,graphics_script.cpp,0x001F661C,
alpha-only,graphics_seadnode.cpp,0x001F7B1C,
alpha-only,graphics_segmented.cpp,0x001F7F30,
alpha-only,graphics_skel.cpp,0x001F63BC,
alpha-only,graphics_world.cpp,0x001F6428,
alpha-only,graphics_worldanim.cpp,0x0020E4AC,
retail-only,Grass,,0x00229B64
retail-only,Gravel,,0x00229B34
shared,gravity,0x001F48F0,0x002325A4
alpha-only,"Grenade is detonating, setting it free",0x001E9FD8,
alpha-only,Gridges,0x0020421C,
alpha-only,ground,0x001F32CC,
alpha-only,groupId,0x001FCDB4,
alpha-only,groupId!=0,0x001FD2CC,
shared,gsub,0x001FDB98,0x0023EC60
alpha-only,GTF::FindSpawnPointForType,0x001ECD87,
retail-only,gtQg,,0x00290FA8
alpha-only,Gtransparent,0x0020420C,
alpha-only,gui.cpp,0x001FF740,
shared,gui.display,0x001FFBF0,0x0023522C
retail-only,"gui.display.CallRemote(""|main.alien.healthandconcentration.change.bar"", ""SetProcessAnim"", ""noflash"", 0 ,3)",,0x0022E488
shared,gui.input,0x001FFC38,0x00235284
alpha-only,"GUI::Display: Event ignored, increase queue size!",0x001FF4D8,
alpha-only,GUI::Display::EventQueueHighWater %d/%d,0x001FF54C,
alpha-only,"GUI::Input: Event ignored, increase queue size!",0x001FF1CC,
alpha-only,GUI::Input::EventQueueHighWater %d/%d,0x001FF2E8,
alpha-only,gui_display.cpp,0x001FFB34,
alpha-only,gui_display_handler.cpp,0x001FF47C,
alpha-only,gui_display_handler_3D.cpp,0x002001AC,
alpha-only,gui_display_handler_effect_blur.cpp,0x001FFF84,
alpha-only,gui_display_handler_effect_dof.cpp,0x00200030,
alpha-only,gui_display_handler_image.cpp,0x001FFA9C,
alpha-only,gui_display_handler_imagegroup.cpp,0x001FF5E0,
alpha-only,gui_display_handler_text.cpp,0x001FFE08,
alpha-only,gui_display_handler_textwrap.cpp,0x00200080,
alpha-only,gui_display_keytables.cpp,0x001FF644,
alpha-only,gui_handler.cpp,0x001FF348,
alpha-only,gui_input.cpp,0x001FFC10,
alpha-only,gui_input_handler.cpp,0x001FF0DC,
alpha-only,gunTip,0x001E9BFC,
alpha-only,Gvertices,0x00204200,
alpha-only,h ! ,0x00123115,
alpha-only,"h %""",0x000C44D2,
alpha-only,h 8 ,0x0013B166,
alpha-only,h ;!,0x00031840,
alpha-only,"h F""",0x000C456C,
alpha-only,h I#,0x000B6458,
alpha-only,"h P""",0x000C47BC,
shared,H Wj,0x001B731C,0x001ECF46
retail-only,h X#,,0x001063ED
retail-only,h$a#,,0x00112DCB
retail-only,h$D#,,0x000E438E
retail-only,h$E#,,0x000E4698
retail-only,h$f#,,0x0011594A
retail-only,h$h(,,0x00123516
alpha-only,h$I#,0x000B6496,
retail-only,h$R#,,0x000FE98D | 0x000FFCC4
retail-only,h$S#,,0x00100E63
retail-only,h$W$,,0x000239B6
alpha-only,h(' ,0x00129D58,
alpha-only,"h('""",0x000C46E0,
alpha-only,h(5 ,0x0013B4CA,
retail-only,h(:#,,0x000DAAA0 | 0x000DCF07 | 0x000DDA08
alpha-only,h(; ,0x0013ACFF,
alpha-only,h(e ,0x001410CA,
retail-only,h(e#,,0x00115B5E | 0x00115B7D | 0x00115B9C | 0x00115BBB | 0x00115BDA | 0x00115BF9 | 0x00115C18 | 0x00115C37
retail-only,h(F#,,0x000E4D12
alpha-only,h(I#,0x000B64AC,
alpha-only,h(K ,0x0013C058,
retail-only,h(p#,,0x00122B5D | 0x00122B75 | 0x00122B8D | 0x00122BA5 | 0x00122BBD | 0x00122BD5 | 0x00122BED | 0x00122C05 | 0x00122C1D | 0x00122C35
retail-only,h(W#,,0x0010457D
alpha-only,h(} ,0x001456DF,
alpha-only,"h,""+",0x001529DD | 0x00152BA9,
retail-only,"h,8(",,0x000EC365
retail-only,"h,d#",,0x00114C52
retail-only,"h,R#",,0x000FE97F
retail-only,"h,W$",,0x00022E7C | 0x0002369E | 0x00024A72 | 0x000252A0
alpha-only,h0  ,0x00122978,
alpha-only,"h0""+",0x001431C6 | 0x0014E3A0 | 0x0014E3C1 | 0x0014E91C | 0x0014E96C | 0x0014EA2C | 0x0014EB1A | 0x0014EBE6 | 0x0014F2FD | 0x0014F3C4 | 0x001529E7 | 0x00152BB3,
retail-only,h0'#,,0x001AEDE4
retail-only,h0)%,,0x000EDC28
alpha-only,h0+ ,0x0012D72B,
alpha-only,h01+,0x001E3768 | 0x001E3A9C | 0x001E3C9C | 0x001E41E6,
retail-only,h08(,,0x000ECA15
alpha-only,h0=!,0x0003A999,
alpha-only,h0@ ,0x0013A456,
retail-only,h0@#,,0x000DF0CF
retail-only,h0[%,,0x000EDDFA
retail-only,"h0\""",,0x0001157A
retail-only,h0c#,,0x001146BA
retail-only,h0D#,,0x000E437D
retail-only,h0e#,,0x00115B59
retail-only,"h0n""",,0x00019DCE | 0x0007383C | 0x0009690D
alpha-only,h0s(,0x000FB5CA | 0x000FB6A7,
alpha-only,h1s(,0x000FB5EF | 0x000FB6C7,
alpha-only,"h4""+",0x00138B06 | 0x0013EDBF | 0x00151378,
retail-only,h47#,,0x000D770A
retail-only,h48(,,0x000ECCC5
retail-only,h4a#,,0x00112DB3 | 0x00112DD0 | 0x00112DE7 | 0x00112DFE | 0x00112E15
alpha-only,h4c ,0x00140D69,
alpha-only,h4C#,0x000B3343,
retail-only,h4E#,,0x000E4680
alpha-only,H4Qhx4 ,0x00154886,
retail-only,h4W#,,0x0010456F
retail-only,h4W$,,0x00022E5D | 0x00023670 | 0x00024A5D | 0x0002527E
alpha-only,h8 +,0x001396B9 | 0x001462B2,
alpha-only,"h8""+",0x001390D4,
retail-only,h8#%,,0x000ED8C8
retail-only,h88(,,0x000ED885
retail-only,h8a%,,0x000EEE6A
alpha-only,h8C!,0x000724EC,
alpha-only,h8F ,0x00139668,
retail-only,h8F#,,0x000E4CF6
retail-only,h8i%,,0x000EF011
retail-only,h8S#,,0x00100E55
alpha-only,h8y ,0x001447EE,
alpha-only,h8z ,0x00144AFC,
alpha-only,"h<""+",0x00139108 | 0x0013E346 | 0x0013E3B5 | 0x0014F8CB | 0x001502F3,
retail-only,h<7(,,0x000E86A5
retail-only,h<8(,,0x000ED8C3
alpha-only,h<>!,0x0006BE90,
retail-only,h<@#,,0x000DF0CA
retail-only,h<e#,,0x00115B3A
retail-only,h<F#,,0x000E4CD4
retail-only,h<f#,,0x0011592B
alpha-only,h<r ,0x00142635,
retail-only,h<V#,,0x00104679
retail-only,h<W$,,0x00022E91 | 0x00023206 | 0x000236B3
retail-only,h<x(,,0x001AF7B2
alpha-only,h@  ,0x00122CAD,
alpha-only,h@! ,0x0012324D,
retail-only,h@!%,,0x000ED88A
alpha-only,h@6+,0x00075114,
retail-only,h@8(,,0x000EDBD5
alpha-only,h@:+,0x001C1196,
retail-only,h@D#,,0x000E436C
alpha-only,h@f ,0x00141076,
alpha-only,h@u ,0x0014385E,
alpha-only,h@W ,0x0013E0F5,
retail-only,h@W#,,0x00104561
retail-only,h@y(,,0x000B6A95
retail-only,h@}(,,0x001F765D
alpha-only,h\! ,0x0012336A,
alpha-only,h\' ,0x0012A10F,
retail-only,h\8(,,0x000EDDF5
alpha-only,h\9 ,0x0013AFF2,
retail-only,h\C#,,0x000E39A6
alpha-only,h\E ,0x001397A2 | 0x001568F6,
retail-only,h\E#,,0x000E4650
retail-only,h\e#,,0x00115AD7
alpha-only,h\J ,0x0013C0C4,
alpha-only,"h`"" ",0x00123835,
alpha-only,"h`(""",0x000C46F6 | 0x000C4722,
alpha-only,"h`2""",0x000C452A,
alpha-only,h`3+,0x001D9D84 | 0x001DA066 | 0x001DA2F2,
alpha-only,h`6 ,0x0013B306,
alpha-only,h`6+,0x00075121,
retail-only,h`8(,,0x000EDC23
retail-only,h`a#,,0x00113544
retail-only,h`F#,,0x000E4C6A
retail-only,h`j#,,0x0011C6E2
retail-only,h`m%,,0x000EEF00
retail-only,h`p%,,0x000EF053
retail-only,h`S#,,0x00100E28
retail-only,"h`y""",,0x000227A7
retail-only,h`y(,,0x000B6AA2
alpha-only,HackyWaterHack,0x001F08DC,
shared,halfExtents,0x00202FF0,0x00230FE8
alpha-only,Halfspace,0x00204540,
alpha-only,Halfspace-about,0x0020454C,
alpha-only,handled,0x001EC280,
shared,Handler,0x001FF328,0x002350F8
alpha-only,handler,0x001FF274,
alpha-only,Handler factory already registered [0x%08X],0x001FF1FC,
alpha-only,Handler factory not registered [0x%08X],0x001FF0F4,
alpha-only,hardPoint,0x001EA208,
alpha-only,HasDetailedMomento(id),0x001FC198,
alpha-only,hash %d f%d ,0x00206088,
shared,HasManualLock,0x001EB880,0x0022D8F0
alpha-only,HasManualLock(),0x001E9674,
alpha-only,HasMaterialLib(crcClassName),0x001F7C44,
alpha-only,HasParent(),0x001FF3F4,
alpha-only,HBGameMode::Process - other,0x001F31FA,
retail-only,HBvp,,0x00228242
retail-only,HCWall,,0x00229B22
retail-only,hD'#,,0x001AEE11
alpha-only,hd/ ,0x00179FA9,
retail-only,hD8(,,0x000EDC39
retail-only,hd8(,,0x000EDC4F
retail-only,hDE#,,0x000E4668
retail-only,hDe#,,0x00115B1B
retail-only,hDF#,,0x000E4CBE
retail-only,hdf#,,0x001158ED
retail-only,hdV#,,0x0010464F
alpha-only,header.density,0x001FCE04,
alpha-only,"Heading from A to A, make sure heading points are different",0x001ED3F8,
alpha-only,Heap stack entry deleted!,0x00201170,
alpha-only,Heap stack is empty!,0x00201030,
alpha-only,Heap stack is full!,0x0020101C,
shared,HeapFree,0x00200A48,0x00233E00
shared,HeapSize,0x00200A54,0x00233E0C
retail-only,hfff?j,,0x0009F6D5
alpha-only,hh +,0x0014656B,
alpha-only,hh' ,0x00129CC0,
alpha-only,hH2+,0x001E443B | 0x001E52FF,
alpha-only,hH4+,0x0016FA5B,
alpha-only,hh8 ,0x0013B122,
retail-only,hH8(,,0x000EDC65
retail-only,hh8(,,0x000EDC7B
alpha-only,hH: ,0x0013AE8D,
retail-only,HH:mm:ss,,0x0023868C
alpha-only,hH< ,0x0013AB5C,
alpha-only,hH>!,0x0006BE53,
alpha-only,hh@ ,0x0013A420,
retail-only,hHa#,,0x00113589
retail-only,hha#,,0x0011352D | 0x00122BA0
retail-only,hhD#,,0x000E434A
retail-only,hhe#,,0x00115ABE
retail-only,hHF#,,0x000E4CA2
alpha-only,hhI ,0x0013C178,
alpha-only,hhJ ,0x0013C0BD,
alpha-only,hHN ,0x0013BBCC,
shared,HHp ,0x0021ADA0 | 0x0021C600 | 0x0021CF10 | 0x0021F0B8 | 0x0021FB08 | 0x0021FE60 | 0x002202D8 | 0x002217C8 | 0x002219C0 | 0x00221DF8 | 0x00221FF0 | 0x00223320 | 0x00223A10 | 0x00223C58 | 0x00223DC0 | 0x00223EC8 | 0x00224030 | 0x00224700 | 0x002249B8 | 0x002250F0 | 0x002253C8 | 0x002257B0,0x00251EB0 | 0x00254048 | 0x00257ED8
retail-only,hHS#,,0x00100E47
retail-only,hHV#,,0x0010466B
retail-only,"hhy""",,0x00022779 | 0x0002974D | 0x0002A586 | 0x0002C3D6
shared,Hide,0x001EAA5C,0x00229594
shared,highFrequencyDeactivationPeriod,0x001F46B4,0x00232350
alpha-only,HK_DISPLAY_AABB,0x0020262C,
alpha-only,HK_DISPLAY_BOX,0x0020263C,
alpha-only,HK_DISPLAY_CAPSULE,0x0020264C,
alpha-only,HK_DISPLAY_CONE,0x0020261C,
alpha-only,HK_DISPLAY_CONVEX,0x002025F0,
alpha-only,HK_DISPLAY_PLANE,0x002025DC,
alpha-only,HK_DISPLAY_RECTANGLE,0x00202674,
alpha-only,HK_DISPLAY_SEMICIRCLE,0x00202604,
alpha-only,HK_DISPLAY_SPHERE,0x00202660,
retail-only,HK_NULL,,0x0023E01C
alpha-only,HK_NULL new facets deleted (duplicated vertex),0x00209B78,
shared,HK_SHAPE_ALL,0x001F503C,0x0023A180
shared,HK_SHAPE_BOX,0x001F4FD0,0x0023A114
shared,HK_SHAPE_BV,0x001F4ED8,0x0023A01C
shared,HK_SHAPE_BV_TREE,0x001F5004,0x0023A148
shared,HK_SHAPE_CAPSULE,0x001F4FBC,0x0023A100
shared,HK_SHAPE_COLLECTION,0x001F5018,0x0023A15C
shared,HK_SHAPE_CONVEX,0x001F502C,0x0023A170
shared,HK_SHAPE_CONVEX_VERTICES,0x001F4FA0,0x0023A0E4
shared,HK_SHAPE_HEIGHT_FIELD,0x001F4F2C,0x0023A070
shared,HK_SHAPE_LIST,0x001F4F78,0x0023A0BC
shared,HK_SHAPE_MOPP,0x001F4EB8,0x00239FFC
shared,HK_SHAPE_MULTI_RAY,0x001F4F44,0x0023A088
shared,HK_SHAPE_MULTI_SPHERE,0x001F4F88,0x0023A0CC
shared,HK_SHAPE_PHANTOM_CALLBACK,0x001F4E88,0x00239FCC
shared,HK_SHAPE_PLANE,0x001F4EC8,0x0023A00C
shared,HK_SHAPE_SAMPLED_HEIGHT_FIELD,0x001F4F0C,0x0023A050
shared,HK_SHAPE_SPHERE,0x001F4FF4,0x0023A138
shared,HK_SHAPE_SPHERE_REP,0x001F4EF8,0x0023A03C
shared,HK_SHAPE_TRANSFORM,0x001F4EA4,0x00239FE8
shared,HK_SHAPE_TRI_PATCH,0x001F4EE4,0x0023A028
shared,HK_SHAPE_TRIANGLE,0x001F4FE0,0x0023A124
shared,HK_SHAPE_TRIANGLE_COLLECTION,0x001F4F58,0x0023A09C
shared,HK_SHAPE_USER0,0x001F4E58,0x00239F9C
shared,HK_SHAPE_USER1,0x001F4E48,0x00239F8C
shared,HK_SHAPE_USER2,0x001F4E38,0x00239F7C
shared,HK_SHAPE_USER3,0x001F4E28,0x00239F6C
shared,HK_SHAPE_USER4,0x001F4E18,0x00239F5C
shared,HK_SHAPE_USER5,0x001F4E08,0x00239F4C
shared,HK_SHAPE_USER6,0x001F4DF8,0x00239F3C
shared,HK_SHAPE_USER7,0x001F4DE8,0x00239F2C
shared,HK_SHAPE_UTILITY_CONVEX_SWEEP,0x001F4E68,0x00239FAC
shared,hkAabbPhantom,0x0020E160,0x00231B7C
shared,hkAction,0x001F4918,0x002326E0
retail-only,hkArray,,0x0023138C
retail-only,hkBallAndSocketConstraint,,0x00240658
retail-only,hkBool,,0x00231448
shared,hkBoxShape,0x00202FFC,0x00230FF4
retail-only,hkBreakableConstraint,,0x0023DD9C
shared,hkBvShape,0x00202EE8,0x0023A1E8
shared,hkBvTreeShape,0x0020EE54,0x0023A8A8
retail-only,hkCachingShapePhantom,,0x0023DAA0
shared,hkCapsuleShape,0x001F5AE8,0x00231048
retail-only,hkChar,,0x00231440
retail-only,hkCharacterProxy,,0x0023E290
shared,hkClass,0x001F8358,0x002312A8
retail-only,hkCollisionFilter,,0x002395E8
retail-only,hkCollisionFilterList,,0x0024029C
shared,hkConstraint,0x001F4958,0x00232730
shared,hkConvexShape,0x001F5AB0,0x00230FB0
shared,hkConvexSweepShape,0x00202A04,0x0023E4DC
retail-only,hkConvexVerticesShape,,0x00240248
alpha-only,hkConvexWelderShape,0x0020EB64,
retail-only,hkDisableEntityCollisionFilter,,0x0023E740
shared,hkEntity,0x001F435C,0x00232058
alpha-only,hkEntityDeactivator,0x001F4368,
retail-only,hkEnum,,0x00231384
shared,hkFakeRigidBodyDeactivator,0x001F4394,0x002327A4
retail-only,hkFakeRigidBodyDeactivator_SINGLETON,,0x0023E3E4
alpha-only,hkfpuquaternion.cxx,0x001F9C40,
retail-only,hkGenericConstraint,,0x0023DCB8
retail-only,hkGroupCollisionFilter,,0x0023E6E8
retail-only,hkGroupFilter,,0x0024039C
retail-only,hkHingeConstraint,,0x00240608
retail-only,hkInt16,,0x00231428
retail-only,hkInt32,,0x00231414
retail-only,hkInt64,,0x00231400
retail-only,hkInt8,,0x00231438
retail-only,hkLimitedHingeConstraint,,0x0024057C
shared,hkListShape,0x00202FA0,0x0023A748
retail-only,hkMatrix3,,0x002313C4
shared,hkMeshShape,0x0020ED88,0x0023A6E0
shared,hkMoppBvTreeShape,0x0020EE78,0x0023A8E8
retail-only,hkMotorAction,,0x0023E574
alpha-only,hkMouseSpringAction,0x00202D3C,
retail-only,hkMultiSphereShape,,0x0023A258
shared,hkNullCollisionFilter,0x001F4CF0,0x00239614
retail-only,hkPairwiseCollisionFilter,,0x0023E5E0
alpha-only,hkPhantom,0x001F4968,
shared,hkPhantomCallbackShape,0x001F4BD0,0x00230D0C
retail-only,hkPointer,,0x002313A0
retail-only,hkQuaternion,,0x002313D0
retail-only,hkRagdollConstraint,,0x0023DF6C
retail-only,hkReal,,0x002313EC
shared,hkRigidBody,0x001F3EAC,0x00231AD8
alpha-only,hkRigidBodyDeactivator,0x001F437C,
retail-only,hkRotation,,0x002313B8
retail-only,hkSerializedDisplayRbTransforms,,0x0023E334
shared,hkShape,0x001F4DD8,0x00230F7C
shared,hkShapeCollection,0x00202F50,0x0023A8FC
retail-only,hkShapePhantom,,0x0023DCE0
retail-only,hkSimpleShapePhantom,,0x0023DAD4
shared,hkSpatialRigidBodyDeactivator,0x001F4464,0x002328A8
retail-only,hkSphereRepShape,,0x00230F84
shared,hkSphereShape,0x001F5AF8,0x00231070
retail-only,hkString,,0x00231394
retail-only,hkStruct,,0x00231378
retail-only,hkTransform,,0x002313AC
shared,hkTransformShape,0x00202FD0,0x0023A954
shared,hkTriangleShape,0x0020EE28,0x0023A3D4
alpha-only,hkTypeArray,0x001F80AC,
alpha-only,hkTypeBool,0x001F81A0,
alpha-only,hkTypeChar,0x001F8194,
alpha-only,hkTypeInt16,0x001F8170,
alpha-only,hkTypeInt32,0x001F8154,
alpha-only,hkTypeInt64,0x001F8138,
alpha-only,hkTypeInt8,0x001F8188,
alpha-only,hkTypeMatrix3,0x001F80E8,
shared,hkTypeMax,0x001F80A0,0x0023136C
alpha-only,hkTypePointer,0x001F80B8,
alpha-only,hkTypeQuaternion,0x001F80F8,
alpha-only,hkTypeReal,0x001F811C,
alpha-only,hkTypeRotation,0x001F80D8,
alpha-only,hkTypeTransform,0x001F80C8,
alpha-only,hkTypeUint16,0x001F8160,
alpha-only,hkTypeUint32,0x001F8144,
alpha-only,hkTypeUint64,0x001F8128,
alpha-only,hkTypeUint8,0x001F817C,
alpha-only,hkTypeVector4,0x001F810C,
alpha-only,hkTypeVoid,0x001F81AC,
retail-only,hkUint16,,0x0023141C
retail-only,hkUint32,,0x00231408
retail-only,hkUint64,,0x002313F4
retail-only,hkUint8,,0x00231430
shared,hkUnaryAction,0x0020E138,0x00240690
retail-only,hkVector4,,0x002313E0
retail-only,hkVector4Zero_SINGLETON,,0x0023E3C0
shared,hkWorld,0x001F48F8,0x002326C4
shared,hkWorldObject,0x001F4304,0x00231F50
alpha-only,hl +,0x001464DC,
alpha-only,hL$ ,0x0016E7A8,
alpha-only,hL.+,0x0016260B,
retail-only,hL8(,,0x000EDC91
retail-only,hlE#,,0x000E4638
retail-only,hlF#,,0x000E4C4E
retail-only,"hLn""",,0x000DD488 | 0x0012E10A | 0x00194FB9 | 0x001953E0 | 0x00197238 | 0x0019B653
retail-only,hlo(,,0x001AF328 | 0x001AF362
retail-only,hlR#,,0x000FFCE0
retail-only,hLW#,,0x00104553
alpha-only,Hole in user memory. Freed=%.8X Range=[%.8X:%.8X],0x00201048,
alpha-only,holoModelState.fadeTime > 0.f,0x001EBCC8,
alpha-only,holoModelState.model,0x001EBC4C,
alpha-only,horizon,0x0020ABE8,
alpha-only,horizon facets merged into new facets,0x0020931C,
alpha-only,hp!+,0x0014ACCB,
retail-only,hp'#,,0x001AEE71
alpha-only,hp4 ,0x00138F45,
retail-only,hP4#,,0x000D2A47
retail-only,hP8(,,0x000EDCF9
retail-only,hp8(,,0x000EDD87
alpha-only,"hP9""",0x000C477A,
alpha-only,hp; ,0x0013ACD0,
alpha-only,"hP?""",0x000C47ED,
alpha-only,hp` ,0x001401B9,
retail-only,hPa#,,0x0011355B
retail-only,hpa#,,0x00113516
retail-only,hPb%,,0x000EEEA8
retail-only,hPC#,,0x000E39B6
alpha-only,hPD ,0x00139905,
retail-only,hPe#,,0x00115AFC
retail-only,hPf#,,0x0011590C
retail-only,hPI%,,0x000EDC80
retail-only,hpj%,,0x000EF027
alpha-only,hpM ,0x0013BDAD,
retail-only,hPm(,,0x00223255 | 0x0022393E | 0x002239C9 | 0x00223C5F | 0x00224128
alpha-only,hpO ,0x0013BB39,
retail-only,hpU#,,0x0010216F
retail-only,"hpy""",,0x0003F158
retail-only,hPY$,,0x00024A87 | 0x000252B5
retail-only,"hQ2""",,0x00224106
alpha-only,ht +,0x00146745,
retail-only,Ht2=5,,0x00064944
alpha-only,hT6 ,0x0013B32E,
retail-only,hT8(,,0x000EDD9D
retail-only,ht8(,,0x000EDDB3
retail-only,"ht\""",,0x00011ABC
alpha-only,htA ,0x0013A221,
retail-only,htC#,,0x000E3A43
retail-only,hTD#,,0x000E435B
retail-only,hTF#,,0x000E4C86
retail-only,htF#,,0x000E4C32
retail-only,htf#,,0x001158CE
retail-only,hTR#,,0x000FFD3D
retail-only,hTS#,,0x00100E39
retail-only,htS#,,0x00100E17
retail-only,hTs(,,0x001AF562 | 0x001AF645 | 0x001AF975 | 0x001AF9B2 | 0x001AF9F2
retail-only,hTV#,,0x0010465D
retail-only,htV#,,0x00104641
retail-only,Hu*hhC#,,0x000E3993
shared,hud.radar,0x001EF00C,0x0022AA50
retail-only,HuKj,,0x000A6684
alpha-only,HVWj,0x00020572,
retail-only,hX #,,0x001AED37
retail-only,hx!#,,0x001AED62
retail-only,hX'#,,0x001AEE41
alpha-only,hx0 ,0x001381FE,
alpha-only,hX3 ,0x00138767,
alpha-only,hX3+,0x001D4819 | 0x001D48FB | 0x001D4908,
alpha-only,hx4 ,0x00138F10,
retail-only,hX8(,,0x000EDDC9
retail-only,hx8(,,0x000EDDDF
alpha-only,hX>!,0x0006C420,
alpha-only,hx@ ,0x0013A3F8,
alpha-only,"hX@""",0x000C486D | 0x000C4883,
retail-only,hxa#,,0x001134FF
retail-only,hxD#,,0x000E4339
retail-only,hxf%,,0x000EEEBE
retail-only,hxh(,,0x001234CF
alpha-only,hxJ ,0x0013C0AA,
retail-only,hxR#,,0x000FFCD2
alpha-only,hXv ,0x001437B0 | 0x001593FF,
retail-only,hxv%,,0x000EF069
retail-only,h|e#,,0x00115A9F
retail-only,h|F#,,0x000E4C16
retail-only,h|W#,,0x00104895
alpha-only,i != End(),0x001E95D8,
alpha-only,i != idToTargetableInterface.End(),0x001FB784,
alpha-only,i != REnd(),0x001FB42C,
alpha-only,i >= 0 && i < (ns + nb + cylArray.GetSize()),0x001FA88C,
alpha-only,i!=interfaceDescList.End(),0x001F68D0,
alpha-only,I@  %s,0x001F1382,
alpha-only,I@ - %s (%d),0x001EFAAA,
alpha-only,I@!allocator.IsEmpty(index),0x001ECFEA,
alpha-only,I@!isSimObject || simObjectReaper.Alive(),0x001FC9B2,
alpha-only,I@!managedSoundBuffer,0x001F96EE,
alpha-only,I@!objectives,0x001EFF26,
alpha-only,I@!road.IsIntersection(),0x001ED09E,
alpha-only,I@!voSet.IsEmpty(),0x001EEC02,
alpha-only,I@%d,0x001FC086,
retail-only,I@%s_FIXED_RIGID_BODY,,0x0023E3AA
retail-only,I@%u,,0x00235C62
alpha-only,I@(%d)%d -> ,0x001EEC52,
retail-only,I@('#,,0x002326EE
alpha-only,I@(indexBuffer[i]->Common&0x780000)==0,0x001F7A22,
alpha-only,I@(subMesh.colorBuffer->Common&0x780000)==0,0x001F762E,
alpha-only,I@(subMesh.morphBuffer[j]->Common&0x780000)==0,0x001F6B96,
alpha-only,I@(terrainMesh->indexBuffer->Common&0x780000)==0,0x001F767E,
alpha-only,I@..\core/core_array.h,0x001F7EAA,
alpha-only,I@..\core/core_containerstandardarrayiterator.h,0x001F5E7A,
alpha-only,I@..\core/core_containerstandardhash.h,0x001F685E,
alpha-only,I@..\core/core_containerstandardlist.h,0x001F7B92,
alpha-only,I@..\core/core_dtrack.h,0x001FAE36,
alpha-only,I@..\core/core_storage.h,0x001F8362,
alpha-only,I@..\driver/driver_overlap.h,0x001FC62E,
alpha-only,I@..\graphics/graphics_material.h,0x001F6A7E,
alpha-only,I@..\graphics/graphics_particlemanagermesh.h,0x001F7D52,
alpha-only,I@..\mango/sim_model.h,0x001FCA0E,
alpha-only,I@..\sound/sound_mappermanager.h,0x001F6B6A,
retail-only,I@.count,,0x0022C616
retail-only,I@.level,,0x0022FBCE
retail-only,I@33s@,,0x002333DA
alpha-only,I@[%s] Failed to find material [%s],0x001FF586,
alpha-only,I@[%s] Missing language key [0x%08X],0x0020005A,
retail-only,I@[INVALID INDEX],,0x002354DA
alpha-only,I@[WeaponCloak::UpdateSound] 3D Sound buffer already active!,0x001E942E,
retail-only,I@_activate,,0x0022735E
retail-only,I@_alpha,,0x00235EEA
retail-only,I@_lod,,0x002372B6
retail-only,I@_nogun_upper,,0x0022D2B6
retail-only,I@abducted,,0x0022F262
alpha-only,I@angDist >= 0.f && ccw >= 0.f && cw >= 0.f,0x001FC032,
alpha-only,I@Animation,0x002000EE,
alpha-only,I@Animation doesn't exists for object %s,0x0020E482,
alpha-only,I@AnimationNode.cpp,0x0020EF1E,
alpha-only,I@attempt to construct unknown weapon type [%08x],0x001EE976,
shared,I@blockDamagedCanned,0x001EACE2,0x002293DE
alpha-only,I@bmhtvp,0x001F1D16,
alpha-only,I@bpm,0x001FC09A,
retail-only,I@bpmn,,0x00226E2E
alpha-only,I@cache.numShadowSlots<MAX_CONTEXT_SLOTS,0x001F75AA,
alpha-only,I@CallRemote: failed to find target handler [%s],0x001FFB02,
alpha-only,I@camNode,0x001FB952,
alpha-only,I@Can't change lengths once rigidBody is created,0x001FA16A,
alpha-only,I@cc.g2->GetCategoryNameCrc() == 0xAB958B2C,0x001EA852,
alpha-only,I@centerLine.GetSize() >= 2,0x001ECF12,
alpha-only,I@Changed,0x001EED72,
alpha-only,I@closestT >= 0.0f,0x001ECF5A,
alpha-only,I@Collision Object: Invalid index. Ensure your index is a member of the DataProperties enum.,0x001FA276,
alpha-only,I@Could not find sound [%s] in engine block,0x001F84D2,
alpha-only,I@cpt!=MAX_SKEL_RECURSE_NODE,0x001F639E,
alpha-only,I@CreateEmitterGroup FAILED - create called on an invalid group,0x001F91A6,
retail-only,I@CreateState,,0x0022A41E
alpha-only,I@d:\builder-src\code\lib\graphics\graphics_mesh.h,0x001F7CD2,
retail-only,I@DebugVertexLit,,0x00234616
shared,I@DefaultConstructorName,0x001F5F46,0x00234062
alpha-only,I@delete nodes,0x001FC2C6,
retail-only,I@DeregisterVolumeObject,,0x0022CB86
alpha-only,"I@DotVec2(v1,v1)>(Core::EPSILON_FLOAT*Core::EPSILON_FLOAT)",0x002013DA,
retail-only,I@driver::console,,0x00233FF6
alpha-only,I@EnableAudioStream failed %d,0x001F5DAA,
alpha-only,I@Environment state out of range (%d),0x001F2C36,
alpha-only,I@Error setting actor (type '%s') on fire,0x001F305E,
alpha-only,I@Failed to find landing zone marker [%s],0x001F1842,
alpha-only,I@Failed to find position for managed object (%d),0x001F0B9E,
alpha-only,I@Failed to find water region [%s],0x001FC3EE,
alpha-only,I@FAILED TO SET POSITION,0x001F894E,
retail-only,I@GetNearest,,0x00229546
retail-only,I@GetTagThought,,0x0022F152
alpha-only,I@GiveHealth,0x001EB17A,
alpha-only,I@graphics_particlemanagermesh.cpp,0x001F7F4E,
alpha-only,I@graphics_particlemanagerribbon.cpp,0x001F7DF2,
alpha-only,I@graphics_particlesribbon.cpp,0x001F7DC6,
alpha-only,I@HasBasicMomento(id),0x001FC16A,
alpha-only,I@header,0x001F6E76,
shared,I@Health,0x001EFD06,0x0022B812
retail-only,I@hkEntityDeactivator,,0x00232756
retail-only,I@hkMotorController,,0x0023DF82
retail-only,I@hkPhantom,,0x00232742
retail-only,I@hkRigidBodyDeactivator,,0x0023276E
retail-only,I@hkRigidConstraint,,0x0023DDB6
shared,I@hkSerializable,0x001F802E,0x00231086
retail-only,I@hypnoray,,0x0022B646
alpha-only,I@In and Out should not be the same...,0x002014AE,
alpha-only,I@index < size,0x001FB7B2,
retail-only,I@Init,,0x0022BAFA
alpha-only,I@init.memory.heapSize,0x002017C2,
retail-only,I@jetpacking,,0x00229EAA
alpha-only,I@length > 0.0F,0x001FF612,
alpha-only,I@length > Core::EPSILON_FLOAT,0x001F1F4E,
retail-only,I@List,,0x0022B49E
retail-only,I@Log,,0x0023517E
alpha-only,I@Matched,0x001F277A,
retail-only,I@mbitvhp,,0x0022C45A
alpha-only,I@morph,0x0020E31A,
retail-only,I@mpbv,,0x00225E1A
alpha-only,I@mtl,0x001F5D66,
alpha-only,I@nbEvents < MAX_EVENTS,0x0020E442,
alpha-only,I@nbEvents<=MAX_REGEVENT_ARRAYSIZE,0x0020E176,
alpha-only,I@NbMsg < 256,0x0020E3F6,
retail-only,I@Notify,,0x0022B93E
alpha-only,I@numParticles < MAX_PARTICLES,0x001F7FC6,
alpha-only,I@numPositions>0,0x001FB70E,
alpha-only,I@object %s (%X) has an animation problem,0x001F7F06,
alpha-only,I@OM::PreSimulate,0x001F1E2A,
alpha-only,I@order>=0,0x001F6C4E,
alpha-only,I@OVERFLOW MAX TIME !,0x0020E33A,
retail-only,I@particle,,0x00236702
retail-only,I@physical,,0x0022AFE2
alpha-only,I@Play FAILED - play called on an invalid emitter,0x001F930A,
alpha-only,I@record.type.typeCrc == Sim::SpawnSite::Type::TYPE,0x001FC272,
alpha-only,I@Registering viewer ,0x002028AA,
alpha-only,I@roadNetwork,0x001ECCAA,
retail-only,I@script,,0x002283BE
alpha-only,I@Script function:%X not handled,0x001ECE2A,
alpha-only,I@Script function:%X not handled by player factory,0x001EB056,
retail-only,I@SetBalanceLimit,,0x00229FDE
retail-only,I@SetDebugName,,0x00236D6A
retail-only,I@SetEffectRampingScale,,0x0022A4BA
retail-only,I@SetFlashBarFunc,,0x0022D30A
retail-only,I@SetOrdnanceEventFunc,,0x00236302
retail-only,I@SetStimulusDebug,,0x0022F0EE
retail-only,I@Shake,,0x00236146
alpha-only,I@sim_subtarget.cpp,0x001FCFF6,
alpha-only,I@sizeParticleShapeRing,0x001EF636,
alpha-only,I@Sound,0x001FC25E,
alpha-only,I@soundBuffer[i] == NULL,0x001F963A,
alpha-only,I@SoundBufferStatic - DSB alloc failed %08x,0x001F942A,
alpha-only,I@soundDescriptor.numVoices == 1,0x001F93DE,
alpha-only,I@SOUNDTABLE,0x001F3566,
retail-only,I@SpawnFormationIntersection_V1,,0x0022F022
retail-only,I@spawnsite,,0x0023635E
retail-only,I@STANDARD,,0x0023434E
alpha-only,I@storage.IsEmpty(),0x001F1C86,
alpha-only,I@Targeting manager overflow!,0x001FB74A,
alpha-only,I@Task: Stopped task(%d),0x001FCAAE,
alpha-only,I@Text exceeded handler [%.0f > %.0f][%s],0x001FFDDE,
retail-only,I@ToggleIgnoreStimulus,,0x0022D6A6
alpha-only,I@Too many Collision Categories Added. Only %d Allowed,0x001FA4D2,
alpha-only,"I@Too much class, increase MAX_CLASS_OBJECTS",0x001F5C9A,
alpha-only,I@toState,0x001EAEF6,
alpha-only,I@TP::Update,0x001EE482,
alpha-only,I@traffic_animation_controller.cpp,0x001EEB76,
alpha-only,I@traffic_weaponlaunchermissile.cpp,0x001EEA52,
alpha-only,I@Trying to send unknown geometry type,0x0020268E,
alpha-only,I@type->typeCrc == EventTypeOneShot::TYPE,0x001F2876,
alpha-only,I@typeToEveryInterval.IsPresent(typeCrc),0x001EF48A,
alpha-only,I@ufo-dev,0x001F3496,
retail-only,I@ufo-release,,0x0022B4FA
alpha-only,I@ufo_building_piece.cpp,0x001EAE92,
alpha-only,I@ufo_building_states.cpp,0x001EACBA,
alpha-only,I@ufo_mission_markers.cpp,0x001EFD36,
alpha-only,I@ufo_powerup_manager.cpp,0x001F130A,
alpha-only,I@ufo_ship_move_states.cpp,0x001ECC7E,
alpha-only,I@Unable to create particle emitter of type:%08X,0x001FCDC6,
alpha-only,I@Unable to create weapon for weapon [%s.type] crc: %08x,0x001E9A6A,
alpha-only,I@Unable to open file [%s],0x001F678E,
alpha-only,I@Unknown,0x001F0C12,
alpha-only,I@unknown type record encountered [%s] - update InstanceFactory::IsWorldObject,0x001EF216,
retail-only,I@used,,0x0022E8DA
retail-only,I@vhpba,,0x0022836A
alpha-only,I@vtxIndex<MAX_VERTS,0x0020E6D6,
alpha-only,I@Water::Draw,0x001F761A,
retail-only,I@we_effects//we_butterfly.BMATERIAL,,0x002303A6
retail-only,I@we_effects//we_dust.BMATERIAL,,0x00230412
retail-only,I@we_effects//we_flower.BMATERIAL,,0x0023046E
alpha-only,I@weighting > 0.0f,0x001F2A8E,
alpha-only,I@World::DrawShadow,0x001F7E2A,
alpha-only,I@worldImp,0x001EC6E6,
alpha-only,I@XBOX,0x002025D2,
alpha-only,I@xbox\graphics_interfacetext_xbox.cpp,0x0020E542,
alpha-only,I@xbox\graphics_particlespoint_xbox.cpp,0x001F703A,
retail-only,IA ](,,0x002583AE
retail-only,IA$Z#,,0x002588CE
retail-only,IA@7(,,0x00251D6A
retail-only,IA@^(,,0x00258542
retail-only,IA`c#,,0x00258C92
alpha-only,ibuilding,0x001F3294,
alpha-only,id < AXIS_MAX,0x001FF7F0,
alpha-only,id < BUTTON_MAX,0x001FF7E0,
alpha-only,id < directory.loadGroupTable.GetSize(),0x00201DA4,
alpha-only,id < firstId,0x001FB7E8,
alpha-only,id < GetDirectoryAccess().loadGroupTable.GetSize(),0x00201E38,
alpha-only,id < MOTOR_MAX,0x001FF818,
alpha-only,id >= 0,0x001FB7F8,
alpha-only,Id allocator for tracker '%s' has wrapped!,0x00201A24,
shared,Id:     0x,0x001FAA2C,0x00235A38
alpha-only,id>=0 && id<nbElem,0x001F6E04,
alpha-only,id>=0 && id<size,0x001EA5EC,
alpha-only,Idle,0x001F0C34,
alpha-only,Idle = %.01f (%d),0x001F62F0,
alpha-only,idRange.lo < idRange.hi,0x001FC20C,
alpha-only,idToInstanceRecord,0x001EF44C,
alpha-only,idToObject.IsPresent(itemId),0x001FAAE4,
alpha-only,Ignition,0x002007B4,
shared,ignition,0x002007C0,0x00233BDC
alpha-only,Ignition failed,0x002007A4,
alpha-only,Ignoring duplicate mission type [%s],0x001EFB90,
alpha-only,Ignoring duplicate radar item (group %s),0x001EEF8C,
alpha-only,Ignoring duplicate radar item (region %s),0x001EEF38,
alpha-only,Ignoring duplicate radar item (tag %s),0x001EEF64,
alpha-only,Ignoring duplicate region marker [%s],0x001EFE50,
shared,Illegal instruction,0x00201248,0x00233858
alpha-only,Illegal pointer,0x00201F6C,
alpha-only,IM::DiscoverInstantiationRequirements,0x001EF404,
alpha-only,IM::DiscoverRemovalRequirements,0x001EF304,
alpha-only,IM::DoInstantiation,0x001EF3F0,
retail-only,impact,,0x0022B04C
retail-only,ImplantHypnoCommand,,0x0022B6EC
alpha-only,imvf,0x001EBE28,
alpha-only,imvpfl,0x001EBE20,
alpha-only,InbMorph<=CacheManagerXBox::MAX_MORPH,0x001F6E1B,
alpha-only,incidence,0x00204798,
alpha-only,inconsistent ref table,0x001FE75C,
retail-only,Index,,0x0022AD88
shared,index,0x001FE33C,0x0023F394
alpha-only,index < GetEventCount(),0x001FF800,
alpha-only,index < GetSize(),0x001E8F2C,
alpha-only,index < GetSlotCount(),0x001E97E8,
alpha-only,index < MAX_PORTS,0x001FF8AC,
alpha-only,index >= 0,0x001E8F40,
alpha-only,index >= 0 && index < symCount,0x00202200,
shared,index32BaseArray,0x0020ED1C,0x0023A620
alpha-only,indexBuffer,0x001F7950,
alpha-only,indexBuffer[i],0x001F7A4C,
alpha-only,indexPtr,0x001F79D0,
shared,indexStridingArray,0x0020ECF4,0x0023A5F8
retail-only,IndexStridingType,,0x0023A68C
retail-only,INDICES_INT16,,0x0023A6C0
retail-only,INDICES_INT32,,0x0023A6B0
retail-only,INDICES_INVALID,,0x0023A6D0
retail-only,INDICES_MAX_ID,,0x0023A6A0
shared,inertiaTensor,0x001F3E64,0x00231960
alpha-only,info,0x001EDD74,
retail-only,infoMaxSizeOfJacobians,,0x0023DCA0
retail-only,infoNumSolverResults,,0x0023DC60
retail-only,infoSizeOfJacobians,,0x0023DC8C
retail-only,infoSizeOfSchemas,,0x0023DC78
alpha-only,Init,0x001F0034,
alpha-only,init.log.fileName,0x002017F0,
alpha-only,init.log.notifyProc,0x002017DC,
retail-only,initCinfoFunc,,0x0023127C
alpha-only,initCinfoFunction,0x001F8300,
alpha-only,initial facet is coplanar with interior point,0x00207408,
alpha-only,initial non-convex ridges for post merging,0x0020952C,
alpha-only,initialized,0x001FB850,
alpha-only,InitiateMAG: playing sound [%s],0x001E9D94,
alpha-only,InitMem,0x001F44ED,
alpha-only,input has same x coordinate,0x00207904,
alpha-only,inside points,0x00208C18,
shared,instance,0x001E8DA8,0x0022A730
alpha-only,Instance Manager,0x001F3218,
alpha-only,instruction used only for optimizations,0x001FE930,
alpha-only,Integer divide by zero,0x002011DC,
alpha-only,Integrate,0x001F428F,
shared,Interface,0x001F6800,0x00234660
alpha-only,interfaceText,0x002000A4,
alpha-only,interior,0x0020A6B0,
retail-only,INTERLACE,,0x00234384
alpha-only,intersections failed to find a redundant vertex,0x002098E4,
alpha-only,intersections found redundant vertices,0x002098BC,
alpha-only,invalid allow,0x001FD830,
alpha-only,invalid argument,0x001FE460,
alpha-only,Invalid camera position in TagVisible,0x001F0740,
shared,invalid capture index,0x001FDC18,0x0023ECE0
shared,invalid constructor syntax,0x001FEBC8,0x0023FC90
shared,invalid control char,0x001FEFA4,0x0023F984
alpha-only,invalid delta,0x001FE920,
alpha-only,"Invalid destruction : Different Id (Tracker %s, %d, %d)",0x0020193C,
alpha-only,Invalid destruction : Item is NOT setup! (Tracker %s),0x00201974,
shared,invalid format (width or precision too long),0x001FDD14,0x0023EDDC
alpha-only,invalid jump instruction,0x001FE8DC,
alpha-only,Invalid key [%s][%d][%f],0x001FF6A0,
shared,invalid key for `next',0x001FE6EC,0x0023F6A4
alpha-only,invalid limit,0x001FE3C8,
alpha-only,invalid line info,0x001FD694,
alpha-only,invalid opcode for default,0x001FD710,
alpha-only,invalid option,0x001FD998,
shared,invalid option in `format',0x001FDCF8,0x0023EDC0
shared,invalid order function for sorting,0x001FE1E4,0x0023F2A0
shared,invalid pattern capture,0x001FDC30,0x0023ECF8
alpha-only,Invalid Raycast Input,0x001F9BD8,
alpha-only,invalid ref,0x001FD61C,
alpha-only,invalid step,0x001FE3D8,
alpha-only,invalid table,0x001FE37C,
alpha-only,invalid tag,0x001FD848,
shared,invalid tag for a userdata (%d),0x001FD5AC,0x0023E8C4
alpha-only,invalid type,0x001FE2E0,
shared,invalid value,0x001FDC08,0x0023ECD0
retail-only,iondetonator,,0x0022AFFC
shared,IOPMemory,0x002009D0,0x00233D78
shared,IsActor,0x001FBE64,0x0022CD50
shared,IsAlive,0x001FABD4,0x0022CC04
retail-only,isBroken,,0x0023DD90
shared,IsBuilding,0x001EAB0C,0x00229644
alpha-only,isDestroyed,0x001FB7DC,
retail-only,IsIdInGroup,,0x0022BC20
retail-only,IsIdInTag,,0x0022BC14
retail-only,IsInvulnerable,,0x0022CDB4
alpha-only,Islands,0x001F9C38,
retail-only,IsNodeAnimPlaying,,0x00236650
alpha-only,IsOpen(),0x002018A4,
alpha-only,IsParticleEffect,0x001FC78C,
shared,IsPlaying,0x001F5D84,0x002331A8
retail-only,IsProbeActive,,0x0022D9CC
retail-only,IsReadyToPlay,,0x00236124
alpha-only,IsRotationSpeed(id),0x001FA7CC,
shared,IsRunning,0x001FCC1C,0x00236A40
retail-only,IsStimulusBlocked,,0x0022BBB4
alpha-only,issuedIds.IsPresent(id),0x001FC224,
alpha-only,IsTable(GetTop()),0x001F9A84,
retail-only,IsTagDestroyed,,0x0022BF74
shared,IsTagHypnotized,0x001F0A54,0x0022BF64
alpha-only,IsTagHypnotized - Tag [%s] unknown,0x001F0498,
shared,IsTagInAbductoBeam,0x001F0A40,0x0022BF50
alpha-only,IsTagInAbductoBeam - Tag [%s] unknown,0x001F04BC,
shared,IsTagInMagGroup,0x001F0A30,0x0022BF40
alpha-only,IsTagInMagGroup - Tag [%s] unknown,0x001F04E4,
retail-only,IsTagInRegion,,0x0022BF30
retail-only,IsTagInstantiated,,0x0022BF1C
alpha-only,IsTransSpeed(id),0x001FA7A0,
shared,IsWeaponLockActive,0x001EB8A4,0x0022D914
shared,IsWeaponLockVisible,0x001EB890,0x0022D900
retail-only,Italian,,0x00233938
alpha-only,item,0x001FAAC0,
alpha-only,ItemId=%d :drawingOrder=%d materialId=%d order=%d drawingState=%d,0x001F7820,
alpha-only,iter != usedEffects.End(),0x001FC66C,
shared,iterativeLinearCastEarlyOutDistance,0x001F470C,0x002323A8
shared,iterativeLinearCastMaxIterations,0x001F46E8,0x00232384
retail-only,"j""hD;",,0x0005CC08
retail-only,j@hP\&,,0x00089ACC | 0x00089CD2 | 0x00089E12 | 0x00089F4D
alpha-only,j]h(# ,0x00124131,
alpha-only,j]h<* ,0x0012C103 | 0x0012F485,
alpha-only,j]hP$ ,0x0012481D,
alpha-only,j]hP) ,0x0012AAE2,
alpha-only,j]hx' ,0x00129CB6,
alpha-only,j]WhH( ,0x0012A400,
shared,JanFebMarAprMayJunJulAugSepOctNovDec,0x0020D9BC,0x00238F60
retail-only,January,,0x00238720
retail-only,Japanese,,0x00233958
alpha-only,jet[0].node,0x001EC7C4,
alpha-only,jet[1].node,0x001EC7B8,
shared,jPT%,0x00219074 | 0x0021937C | 0x00219724 | 0x0021A024 | 0x0021A37C | 0x0021A784 | 0x0021B054 | 0x0021B3AC | 0x0021B7F4 | 0x0021C0A4 | 0x0021C8F4 | 0x0021D1B4 | 0x0021D65C | 0x0021DAF4 | 0x0021DFBC | 0x0021E524 | 0x0021EA1C | 0x0021F42C | 0x002204AC | 0x00220A9C,0x00252804 | 0x00252B1C | 0x00252F94 | 0x002532FC | 0x00253704 | 0x00253A9C | 0x002542BC | 0x002546A4 | 0x00254B3C | 0x00254FF4 | 0x002554DC | 0x00255974 | 0x00255D1C
alpha-only,jPTU,0x00219BAC,
shared,jPTu,0x00219034 | 0x0021933C | 0x00219FE4 | 0x0021A33C | 0x0021A7C4 | 0x0021B014 | 0x0021B7B4 | 0x0021BBBC | 0x0021C064 | 0x0021C8B4 | 0x0021D61C | 0x0021E9DC,0x002527C4 | 0x00252ADC | 0x00252F54 | 0x002532BC | 0x002536C4 | 0x00253A5C | 0x0025427C | 0x00254AFC | 0x0025549C | 0x00255D5C
alpha-only,JRVhHR ,0x0013C3DB,
alpha-only,jSTu,0x0021F4EC,
retail-only,July,,0x002386F4
retail-only,June,,0x002386FC
retail-only,K(>#,,0x00233C7B
retail-only,K(Rj,,0x0007E787
alpha-only,"k<Wh0""+",0x0014E448,
retail-only,keepDistance,,0x0023E210
shared,KeepFrontBuffer,0x001F65E8,0x00234514
alpha-only,Keyframer.cpp,0x001F5C48,
alpha-only,keyIndex,0x001F5C7C,
alpha-only,KeyMessage.cpp,0x0020E430,
alpha-only,keyTable,0x001EEE94,
retail-only,KillHoloBob,,0x0022CEF0
retail-only,Korean,,0x00233930
alpha-only,l$ %,0x00149B43 | 0x00149B75,
shared,L$ h,0x0010E088,0x000F7BFE | 0x001005B8 | 0x0011F6EE
shared,L$ j,0x000BF602 | 0x00102A3C | 0x001155A6 | 0x0014206A,0x000803C6 | 0x00199E77
retail-only,L$ Sj,,0x0014D529
shared,L$$j,0x0008BEF8 | 0x001A258B,0x00057C21 | 0x001DC7FB
alpha-only,L$$Qj,0x00140EA0,
alpha-only,l$(%,0x00149CAE | 0x00149D95 | 0x00149DC7,
alpha-only,L$(h,0x0005AD24,
alpha-only,L$(j,0x00152E6A | 0x0016917C,
shared,L$(Qj,0x001AA2B3,0x001DEAF3
shared,L$(QRj,0x001A2631,0x001DC8A1
alpha-only,"L$,j",0x00017574 | 0x0001760E | 0x0002EB02 | 0x0008991A,
alpha-only,L$0j,0x0011554D,
retail-only,l$4f;U,,0x00177542
retail-only,L$4PQj,,0x0004E20B
retail-only,L$8j,,0x000E0A9D
retail-only,L$<Qh,,0x00014B6A
alpha-only,L$@j,0x000C620C | 0x00136EEA,
retail-only,L$\h,,0x000CF9A5
retail-only,L$\Qh,,0x000F1F10
retail-only,L$`j,,0x00085AD6
alpha-only,L$Hj,0x0006EFDC,
retail-only,L$hj,,0x0017937F
shared,L$HQj,0x001A9ECD,0x001DE70D
alpha-only,L$lj,0x001290D6,
alpha-only,l$Tj,0x000C3710,
alpha-only,L=blockDestroyedPhysics,0x001EAD26,
alpha-only,L>default_pedestrian_fear,0x001E9EDE,
alpha-only,L>fff?,0x0022A43E,
alpha-only,L>ufo_character_move_jet.cpp,0x001EC4DA,
retail-only,l[h0#,,0x002332DA
shared,landing,0x001F1A38,0x0022B3E8
alpha-only,Landing without active zone,0x001F187C,
alpha-only,Landing zone already exists [%s],0x001F18F8,
alpha-only,language,0x001FF71C,
alpha-only,Language changed (0x%08X),0x001FF6DC,
alpha-only,language.cpp,0x001FF6F8,
alpha-only,lastUsed<MAX_PARTICLES,0x001FD2B4,
alpha-only,lastUsed>=0 && lastUsed<MAX_PARTICLES,0x001F6F50,
alpha-only,Launching debug script...,0x001FFC50,
shared,LaunchXBE,0x00200BE0,0x00233F6C
shared,ldexp,0x001FDAD0,0x0023883C
retail-only,leaf,,0x00230630
retail-only,leaf_ground,,0x00230624
retail-only,left_foot,,0x002280F8
alpha-only,length < RecordStr::MAX_LENGTH,0x001F23AC,
alpha-only,level out of range,0x001FD9D4,
alpha-only,lge.isLoaded,0x00201D94,
alpha-only,lgte.status == STATUS_COMPLETEDLIST,0x00200464,
alpha-only,lgte.status == STATUS_REQUESTLIST,0x0020049C,
alpha-only,Limit of 1 block per section,0x0020088C,
alpha-only,limitmove,0x001F3280,
shared,line,0x001FD840,0x0023EAA0
shared,line info overflow,0x001FE8F8,0x0023F844
shared,linearDamping,0x001F3E3C,0x00231938
shared,linearVelocity,0x001F3E84,0x00231980
shared,linearVelocityClipDiff,0x002029CC,0x0023E4B0
alpha-only,linedefined,0x001FD978,
shared,lines in a chunk,0x001FF02C,0x0023FA0C
alpha-only,Linvalid var kind to store,0x001FE95B,
alpha-only,List,0x001F27E8,
alpha-only,list must be closed,0x001FE990,
alpha-only,list should be empty,0x001FE264,
alpha-only,listIndex < buildingTypeEB->fixtures->GetSize(),0x001EA540,
shared,Load,0x001F24C4,0x0022AD78
retail-only,LoadAudioBlock,,0x00233E98
retail-only,LoadBank,,0x002330F0
alpha-only,LoadCharacterModel,0x001EB720,
shared,LoadData,0x001FC504,0x00236550
shared,LoadFailed,0x00200A60,0x00233E3C
alpha-only,loadGroupIndex < loadGroupTable.GetSize(),0x00201E6C,
alpha-only,loadGroupIndex >= 0,0x00201E98,
alpha-only,loadGroupTable[loadGroupId].isLoaded,0x00202040,
alpha-only,Loading profile [%s],0x001F2438,
shared,LoadModel,0x001FACC8,0x0022CD00
alpha-only,LoadShipModel,0x001EB734,
retail-only,LoadSite,,0x0022C658
shared,local,0x001FD740,0x0023E9F0
alpha-only,local must exist,0x001FD748,
shared,local variables,0x001FEA24,0x0023FB0C
shared,lock,0x001F00DC,0x0022BB1C
alpha-only,lod->GetNbObjects(),0x001EA6A0,
alpha-only,lod->GetObject(0),0x001F6388,
shared,log10,0x001FDAB4,0x002388B0
retail-only,LOG_ERR,,0x00238650
retail-only,LOG_INFO,,0x00238664
retail-only,LOG_WARN,,0x00238658
alpha-only,LogFear,0x001F1734,
shared,LogMissions,0x001EFC60,0x0022B73C
shared,LogObjectives,0x001EFC50,0x0022B72C
retail-only,LogVoices,,0x00233098
shared,lowFrequencyDeactivationPeriod,0x001F4694,0x00232330
alpha-only,lruList.IsPresentPtr(loadGroup),0x0020053C,
alpha-only,LtBroadPhase,0x001F44E0,
shared,LtBvTree,0x001F5710,0x00239E70
shared,LtGsk,0x001F5444,0x00239BB4
shared,LtHeightField,0x001F54D0 | 0x001F5520 | 0x001F5554,0x00239C50 | 0x00239CA0 | 0x00239CD4
alpha-only,LthkBvAgent,0x001F57C4,
alpha-only,LtSimulate,0x001F4248 | 0x001F4284,
shared,LtTriPatch,0x001F548C,0x00239BDC
shared,Lua 4.0,0x001FE234,0x0023F2F0
alpha-only,LUA called obsolete function sound.PlayStatic,0x001F854C,
shared,lua: cannot load %s: lock failed,0x001FD88C,0x0023EAE0
shared,lua: cannot load file; no lock function,0x001FD864,0x0023EAB8
alpha-only,magic == MAGIC,0x001ED494,
alpha-only,magnet modifier not found,0x001EC3B4,
shared,main,0x001FD6C0,0x0023E998
shared,main of %.70s,0x001F9984,0x002385A4
retail-only,MainCyclesRemaining: ,,0x00226DA8
retail-only,MainCyclesUntilNextVariation: ,,0x00226D88
alpha-only,mainLight,0x001F69CC,
retail-only,MakeTagExplode,,0x0022C04C
shared,malformed number,0x001FEFC4,0x0023F9A4
shared,malformed pattern (ends with `%'),0x001FDC48,0x0023ED10
shared,malformed pattern (missing `]'),0x001FDC6C,0x0023ED34
alpha-only,managedSoundBuffer,0x001F9748,
retail-only,March,,0x0023870C
alpha-only,Marker type expected [%s],0x001F0B60,
shared,mass,0x001F3E4C,0x00231948
alpha-only,material,0x001FA8C4,
shared,materialBaseArray,0x0020EC98,0x0023A59C
shared,materialIndexBaseArray,0x0020ECC8,0x0023A5CC
shared,materialIndexStridingArray,0x0020ECAC,0x0023A5B0
shared,materialStridingArray,0x0020EC80,0x0023A584
shared,math,0x001FC4DC,0x00236528
alpha-only,mathematica,0x0020478C,
alpha-only,Matrix:,0x0020B224,
alpha-only,mattermove_pedestrian,0x001EE5F4,
alpha-only,mattermove_pedestrian_aware,0x001EE5D8,
alpha-only,max distance of merged vertex below facet (or roundoff),0x0020948C,
alpha-only,max distance of vertex or coplanar point above facet (w/roundoff),0x002094C8,
alpha-only,Max Extent = ,0x00202700,
alpha-only,Max landing zones reached [%d] - ignoring [%s],0x001F197C,
alpha-only,Max mission markers reached [%d],0x001EFD80,
alpha-only,max. distance of a new vertex to a facet,0x002083E4,
alpha-only,max. distance of an output vertex to a facet,0x002083B4,
alpha-only,max. vertices at any one time,0x00208B10,
shared,MAX_PORTS,0x001FF974,0x00235348
retail-only,maxAngle,,0x00240520
retail-only,maxFrictionTorque,,0x0023DEB0
alpha-only,maxHealth > Core::EPSILON_FLOAT,0x001EA6B4,
alpha-only,Maximum fear levels exceeded [%d],0x001EED9C,
alpha-only,maximum number of neighbors,0x002086A8,
alpha-only,maximum number of ridges,0x002086EC,
alpha-only,maximum number of vertices,0x00208664,
shared,maxLinearVelocity,0x002029E4,0x0023E4C8
alpha-only,maxRegisteredEffects>0 && maxRegisteredEffects<=MAX_REGISTERED_EFFECTS,0x001FC920,
alpha-only,maxRegisteredEmitters>0 && maxRegisteredEmitters<=MAX_REGISTERED_EMITTERS,0x001FC8D0,
alpha-only,maxRegisteredModifiers>0 && maxRegisteredModifiers<=MAX_REGISTERED_MODIFIERS,0x001FC880,
alpha-only,maxRelativeForce,0x00202CD8,
alpha-only,maxVelocity >= 0.0f,0x001F9F74,
shared,"Maybe the order of registering your collision agent is wrong, make sure you register your alternate type agents first",0x001F4C73,0x0023967B
alpha-only,mbtvhp,0x001F2000,
alpha-only,Meet and greet sound finished,0x001E9DDC,
shared,memory,0x00200FCC,0x0023379C
shared,memory allocation error: block too big,0x001FE734,0x0023F6CC
shared,memory error,0x001FE010,0x0023F0CC
alpha-only,memory leak!,0x001F9A68,
alpha-only,Memory limit exceeded,0x001F9A20,
alpha-only,Memory size smaller than 16-byte aligned size  size=%d mem=%d,0x00200E48,
alpha-only,memory usage statistics (in bytes),0x00209804,
alpha-only,merge iterations,0x002095EC,
alpha-only,merged ,0x0020A3BC,
alpha-only,merged a simplex,0x002093F8,
alpha-only,merges due to angle coplanar facets,0x0020972C,
alpha-only,merges due to concave facets,0x002096B4,
alpha-only,merges due to coplanar facets,0x002096D4,
alpha-only,merges due to degenerate facets,0x00209660,
alpha-only,merges due to duplicated ridges,0x00209618,
alpha-only,merges due to flipped facets in duplicated ridge,0x00209270,
alpha-only,merges due to redundant neighbors,0x0020924C,
alpha-only,merges due to removing flipped facets,0x00209638,
alpha-only,MERGING,0x0020B858,
shared,mesh,0x001FA8BC,0x002366E4
alpha-only,Mesh [%s] is unable to animate,0x002001C8,
alpha-only,mesh not found for particle effect %s,0x001F7D80,
alpha-only,MeshFactory,0x001FBBA8,
alpha-only,meshGeom,0x001FD428,
alpha-only,MeshObject,0x001FBAE8,
retail-only,Metal,,0x00229B4C
shared,method `%.50s',0x001F99A8,0x002385C8
alpha-only,mgr.GetCameraNode(),0x001F7E40,
alpha-only,mgr.GetWorld()->GetDistanceFog(),0x001F65F8,
shared,mibpv,0x001EA2BC,0x002301D4
alpha-only,mibv,0x001EBFA4,
alpha-only,min. denominator in hyperplane computation,0x00208358,
alpha-only,min. distance of an output vertex to a facet,0x00208384,
retail-only,minAngle,,0x0024052C
retail-only,mine,,0x00226834
retail-only,mine-balloon-bomb,,0x002269CC
shared,minHighFrequencyRotation,0x001F4420,0x00232864
shared,minHighFrequencyTranslation,0x001F443C,0x00232880
shared,minimumDivisibleDeltaTime,0x001F47E8,0x00232484
shared,minLowFrequencyRotation,0x001F43EC,0x00232830
shared,minLowFrequencyTranslation,0x001F4404,0x00232848
alpha-only,minNode->parent != NULL,0x001FB404,
alpha-only,MiNumJacobians,0x001F4AC4,
alpha-only,mipthobgv,0x001E9354,
shared,miptvho,0x001EA2C4,0x002301DC
alpha-only,mirrored pairs of new facets deleted (same vertices),0x00209B40,
alpha-only,Missing an object into the LOD %s,0x001F7EC4,
shared,mission,0x001EFCFC,0x0022B800
retail-only,MM/dd/yy,,0x002386AC
alpha-only,model,0x001E8F80,
alpha-only,model not found,0x001FB2F4,
alpha-only,model.IsValid(),0x001FB660,
alpha-only,Model::Free,0x001FA9E8,
alpha-only,Model::Free - Panim,0x001FA9D4,
alpha-only,Model::Free - RemoveNode,0x001FA9B8,
alpha-only,Model::Free - sound,0x001FA9A4,
alpha-only,Model::Model,0x001FA9F4,
shared,modf,0x0020D13C,0x00238844
retail-only,Monday,,0x0023878C
retail-only,MOTION_BOX_INERTIA,,0x00231A08
retail-only,MOTION_DYNAMIC,,0x00231A58
retail-only,MOTION_FIXED,,0x002319C4
retail-only,MOTION_INVALID,,0x00231A68
retail-only,MOTION_KEYFRAMED,,0x002319D4
retail-only,MOTION_MAX_ID,,0x002319B4
retail-only,MOTION_SPHERE_INERTIA,,0x00231A40
retail-only,MOTION_STABILIZED_BOX_INERTIA,,0x002319E8
retail-only,MOTION_STABILIZED_SPHERE_INERTIA,,0x00231A1C
retail-only,MotionType,,0x002319A8
shared,motionType,0x001F3E08,0x00231904
shared,MOTOR_LEFT,0x001FFCC0,0x00235648
shared,MOTOR_RIGHT,0x001FFCB4,0x0023563C
alpha-only,mousePositionInWorld,0x00202D10,
shared,Move,0x001EB98C,0x0022DA0C
shared,MOVE_DOWN,0x001FF90C,0x002352E0
shared,MOVE_LEFT,0x001FF900,0x002352D4
shared,MOVE_RIGHT,0x001FF8F4,0x002352C8
shared,MOVE_UP,0x001FF918,0x002352EC
shared,MoveCamera,0x001EB970,0x0022D9F0
alpha-only,MoveScreenPosition,0x001F6740,
shared,movie,0x001F5DA0,0x00237028
retail-only,mpbsvteh,,0x0022F7C8
retail-only,mpbt,,0x00237444
retail-only,msbvtpi,,0x00229CB0
retail-only,mt3=,,0x0003CF0F
alpha-only,mtlId>=0 && mtlId<mtlList.GetSize(),0x001EC290,
retail-only,Music,,0x0022AB9C
alpha-only,must be an error,0x001FD7C4,
retail-only,n$9M,,0x0012DE53
retail-only,N(Vj,,0x000A2A60
shared,name,0x001F8350,0x0023122C
alpha-only,"Name:%-20s, Pos:(%7.2f,%7.2f,%7.2f)",0x001FB334,
alpha-only,namewhat,0x001FD950,
alpha-only,nbCellX>=0 && nbCellX<255,0x001F7B74,
alpha-only,nbCellX>=0 && nbCellY<255,0x001F7B58,
alpha-only,nbMesh = %d,0x001F64A0,
alpha-only,nbObject<=maxObject,0x001F7B34,
alpha-only,nbPart = %d,0x001F647C,
alpha-only,NbPolys = %d (real=%d),0x001F6338,
alpha-only,nbSeg = %d,0x001F6488,
alpha-only,nbSkin = %d,0x001F6494,
alpha-only,nbSwitchMtl=%d nbSwitchContext=%d nbSwitchState=%d,0x001F78A8,
alpha-only,nbSwitchProjection=%d nbSwitchVS=%d nbSwitchVB=%d nbSwitchIB=%d,0x001F7868,
alpha-only,nbVertex>2,0x001F71B4,
alpha-only,nearly incident point,0x0020ACB8,
alpha-only,nearly incident point (narrow hull),0x0020ACD0,
alpha-only,nearly singular or axis-parallel hyperplanes,0x00208214,
alpha-only,neighbors for f,0x00206CC4,
alpha-only,neighbors for v,0x00206F54,
alpha-only,new facets merged,0x00209344,
alpha-only,new facets merged into horizon,0x00209358,
alpha-only,New Mopp returned NULL,0x0020EA7C,
alpha-only,newPos,0x00201A80,
alpha-only,newShape,0x001F9EE4,
shared,newtag,0x001FDF40,0x0023F004
shared,next,0x001FDF38,0x0023EFFC
alpha-only,Next one liner in %f seconds,0x001EBC04,
retail-only,nextFreeSystemGroup,,0x00240388
alpha-only,nextSection,0x00200A8C,
alpha-only,nextSection == &sectionA || nextSection == &sectionB,0x00200670,
alpha-only,nextState,0x001EA5C4,
shared,nextvar,0x001FDFE4,0x0023F0A0
retail-only,NHQj,,0x000A96D5
retail-only,NINE ,,0x002286EC
alpha-only,NlRPj,0x0003359D,
retail-only,NlSWj,,0x00056B60
alpha-only,No active mission processor,0x001EFB10,
alpha-only,No chained handler in [%s] to push,0x001FF27C,
alpha-only,no jump allowed here,0x001FE978,
shared,no loop to break,0x001FEB34,0x0023FBFC
alpha-only,No marker type registered for landing zone [%s] ,0x001F18C4,
alpha-only,No more stream request buffers available,0x00200E08,
alpha-only,No name given,0x001FC748,
alpha-only,No nodes found,0x001FB41C,
alpha-only,no object could be created,0x001F689C,
shared,No simulation possible.,0x001F49EB | 0x001F4AAA,0x0023AABB | 0x0023AB7A
alpha-only,No Skel on this type of object,0x0020E280,
alpha-only,No stream handles available for [%s],0x00200DE0,
alpha-only,no upvalues in main,0x001FEC70,
alpha-only,No valid Aura particle!,0x001E9078,
shared,no value,0x001FD5A0,0x0023E8B8
alpha-only,node,0x001E8CA8,
alpha-only,node->GetCopyData(),0x001FD33C,
alpha-only,node->GetGeometry(),0x001FD350,
alpha-only,nodeId<skel->GetNbNodes(),0x001FA810,
alpha-only,nodeImp,0x001EA4AC,
alpha-only,nodeImp->GetCopyData(),0x001FA7E0,
alpha-only,nodeImp->GetGeometry(),0x001FA874,
retail-only,noflash,,0x0022DF50
retail-only,noGroupCollisionEnabled,,0x0023E6D0
alpha-only,non-convex vertex neighbors,0x00209230,
alpha-only,non-empty string table,0x001FE69C,
alpha-only,non-empty udata table,0x001FE684,
alpha-only,non-simplicial facets triangulated,0x00209BF0,
alpha-only,non-simplicial Voronoi vertices for all ridges,0x00209D44,
alpha-only,None,0x001EFAD0,
shared,Normalize,0x001FC488,0x002364D4
alpha-only,normals,0x00204784,
retail-only,Not a Bink file.,,0x0023AC3C
alpha-only,Not a particle effect,0x001FC758,
alpha-only,Not Found,0x001F1034,
alpha-only,not found,0x001F0594,
alpha-only,Not Set,0x001F10B0,
retail-only,November,,0x002386CC
alpha-only,nQT%,0x00219B9C | 0x0021BBFC,
alpha-only,nQTu,0x00219764 | 0x0021B3EC | 0x0021DB34 | 0x0021DFFC,
retail-only,NTSC,,0x00234394
shared,number,0x001FE2CC,0x0023F334
alpha-only,number > 0,0x00201768,
alpha-only,number of facets in output,0x00208788,
alpha-only,number of non-simplicial facets in output,0x0020875C,
alpha-only,number of simplicial facets that were merged,0x0020872C,
alpha-only,number of vertices in output,0x002087A4,
shared,numBitsForSubpartIndex,0x0020ED68,0x0023A66C
retail-only,numDeclaredEnums,,0x002311E4
shared,numDeclaredMembers,0x001F82B8,0x002311C0
alpha-only,numEmitters,0x001FCDF8,
alpha-only,numFree<elems.GetSize(),0x001F6F38,
shared,numMaterialsArray,0x0020EC6C,0x0023A570
alpha-only,numMeshInTracker = %d(%d),0x001FBB7C,
alpha-only,numParticles,0x001F7FFC,
alpha-only,numParticles > 0,0x001F7FE8,
alpha-only,numParticles>0,0x001FCD98,
alpha-only,numSegments_,0x00201AB0,
alpha-only,numSpheres>0 && numSpheres<=MAX_EMITTER_SPHERES,0x001F6FB8,
alpha-only,numSteps < MAX_STEPS,0x001EC1A4,
alpha-only,numSteps == 0 || speedThreshold > steps[numSteps-1].speedThreshold,0x001EC160,
alpha-only,numSubtargets >= 0,0x001FBFCC,
shared,numTrianglesArray,0x0020ECE0,0x0023A5E4
alpha-only,numUsed>0,0x001FCDA8,
shared,numVerticesArray,0x0020ED30,0x0023A634
alpha-only,nups,0x001FD95C,
alpha-only,o1 && o2,0x001F338C,
alpha-only,o1 == this || o2 == this,0x001F1D80,
retail-only,OBJECIVE_ACTIVE,,0x0022B6B8
retail-only,OBJECIVE_FALSE,,0x0022B698
retail-only,OBJECIVE_IDLE,,0x0022B6C8
retail-only,OBJECIVE_TRUE,,0x0022B6A8
alpha-only,Object,0x001E8DA0,
shared,object,0x001EF3E8,0x002366EC
alpha-only,Object %s haven't been deleted:%d,0x001F68EC,
shared,Object: ,0x001FAA38,0x00235A44
alpha-only,Object::GetPtr(o),0x001EA948,
alpha-only,Object::GetPtr(o1),0x001FCBF4,
alpha-only,Object::GetPtr(o2),0x001FCBC0,
alpha-only,Object::GetPtr(obj),0x001FC71C,
alpha-only,Object::GetPtr(p),0x001EB22C,
alpha-only,objectDamping,0x00202CC8,
alpha-only,Objective not found! [%s],0x001EFB2C,
retail-only,ObjectivePerfstats,,0x0022B718
retail-only,ObjectivePerfstatsReset,,0x0022B700
alpha-only,objectives == &list,0x001EFF70,
alpha-only,objectList[0],0x001F73E0,
alpha-only,objTree.GetSize() != MAXOBJS,0x002016A4,
retail-only,OBuild %d.%d.%d.%d-%s %s,,0x0022A3DB
retail-only,October,,0x002386D8
alpha-only,OFF 3 1 1 ,0x0020BF24,
alpha-only,offFile,0x0020477C,
retail-only,Oh>#,,0x00233C3F
alpha-only,oldestIndex != -1,0x001EE00C,
retail-only,OlQj,,0x000CC575
alpha-only,OM::Animate,0x001F1E58,
alpha-only,OM::Simulate,0x001F1E3C,
alpha-only,OM::Update,0x001F1E4C,
alpha-only,omni,0x001F7E70,
alpha-only,OnBehaviorChangeCallback,0x001F0A8C,
alpha-only,OnCompletedAction - Behavior [%08x] unknown,0x001ED2C4,
alpha-only,OnCompletedAction for [%s (%s)]  FAILED,0x001ED29C,
retail-only,ONE ,,0x0022872C
retail-only,onground,,0x00229EB8
alpha-only,"Ooops, I nearly crashed! I've been asked to play a 3D sound that wasn't MONO!",0x001F9458,
alpha-only,Opening package [%s],0x00200830,
alpha-only,OQRotate-random,0x00204D5B,
alpha-only,ordnance,0x001F32B0,
alpha-only,ordnances.IsEmpty(),0x001F1E64,
alpha-only,Out of Id's,0x001FC200,
alpha-only,Out of Memory allocating %d bytes,0x00200FE8,
alpha-only,Out of memory allocating asset heap [%d bytes],0x002007CC,
alpha-only,Out of memory allocating particle heap [%d bytes],0x002007FC,
alpha-only,out of ordnance storage space,0x001F1CEC,
shared,out of range,0x001FDBF8,0x0023ECC0
alpha-only,out.log,0x00201498,
alpha-only,outsideset for f,0x00206CE8,
alpha-only,Overlap,0x001F34A8,
alpha-only,Overlap::MemoryAllocate - memory allocation moved,0x0020075C,
retail-only,Overridden,,0x00236240
retail-only,o}U=!,,0x002909A6
alpha-only,p PC#,0x00214622,
alpha-only,P(p ,0x00224B38 | 0x00225548,
alpha-only,p->move,0x001EB200,
retail-only,p:\src\code\branch1\external\havok_sdk\include\hkbase\error\hkError.cpp,,0x0023D708
retail-only,p:\src\code\branch1\external\havok_sdk\include\hkdynamics2\world\hkWorld.cpp,,0x002316C8
retail-only,p:\src\code\branch1\lib\graphics\xbox\graphics_rendererdebug_xbox.cpp,,0x00234B18
retail-only,p:\src\code\branch1\projects\ufo\output\Xbox\Release\ufo.pdb,,0x002407B8
alpha-only,Pad [%d] connected,0x001FF79C,
alpha-only,Pad [%d] failed to connect!,0x001FF780,
retail-only,Pandemic Studios,,0x00233ACC
shared,PANDEMICAU,0x001F2D1C,0x00225C00
alpha-only,panim,0x001FA808,
retail-only,paper,,0x0023061C
shared,parameters,0x001FEAC8,0x0023FBB0
alpha-only,PArea-keep,0x00204068,
retail-only,parent,,0x00231214
alpha-only,part,0x001FB13C,
alpha-only,part->GetHeader(),0x001FB128,
alpha-only,partCopy,0x001FCD2C,
alpha-only,particle,0x001FC604,
alpha-only,Particle already created,0x001FB26C,
alpha-only,Particle Update,0x001FAFDC,
alpha-only,ParticleEffect,0x001FB240,
alpha-only,ParticleEmitter,0x001FCD1C,
alpha-only,ParticleEmitterMesh,0x001FD3F4,
alpha-only,ParticleEmitterPoint,0x001FD390,
alpha-only,ParticleEmitterQuad,0x001FD2A0,
alpha-only,ParticleEmitterRibbon,0x001FD460,
shared,ParticleHeapFree,0x00200A00,0x00233DA8
shared,ParticleHeapSize,0x00200A14,0x00233DBC
alpha-only,ParticleModifier,0x001FD510,
alpha-only,ParticleModifierField,0x001FD4B0,
alpha-only,ParticleModifierMagnet,0x001FD4E0,
alpha-only,particles,0x001FCCDC,
alpha-only,ParticleShape,0x001FCE44,
alpha-only,ParticleShapeBox,0x001FD1C0,
alpha-only,ParticleShapePoint,0x001FD0F4,
alpha-only,ParticleShapeRing,0x001FD130,
alpha-only,ParticleShapeSkeleton,0x001FD23C,
alpha-only,ParticleShapeSphere,0x001FD184,
alpha-only,ParticleShapeSpline,0x001FB6AC,
alpha-only,partitioning statistics (see previous for outer planes),0x00208DB8,
alpha-only,partitions of a point,0x00208F6C,
alpha-only,partitions of coplanar points or deleted vertices,0x00208E40,
alpha-only,pass2count <= pass1count,0x00200F08,
alpha-only,Path is:,0x001F07DC,
alpha-only,Path needs a table!,0x001F07E8,
shared,Pause,0x001F5D98,0x002365FC
retail-only,PauseCategory,,0x00233164
alpha-only,Paused,0x001FAE6C,
shared,PauseStep,0x001FC588,0x002365F0
alpha-only,pBSim,0x001FB106,
alpha-only,PChd? ,0x0013A73A,
alpha-only,Pdrop-facets-dim-less,0x00204120,
alpha-only,PDrop-facets-dim-more,0x00204108,
shared,pedestrian,0x001EE778,0x00226D7C
retail-only,PendingReads,,0x00233E18
retail-only,penelope,,0x0024A068
alpha-only,perf.item.indent < 20,0x0020168C,
shared,perform arithmetic on,0x001FE344,0x0023F39C
shared,perfstats,0x00200FB0,0x00234030
alpha-only,PerfStats::Stop: [%X] not found,0x0020161C,
retail-only,perpToAxleInA1,,0x0024055C
retail-only,perpToAxleInA2,,0x0024054C
retail-only,perpToFreeAxisInB,,0x00240538
alpha-only,PFacet-area-keep,0x0020401C,
alpha-only,PFX::Simulate,0x001FC864,
alpha-only,PFX::Update,0x001FC874,
alpha-only,Pgood,0x00204FD4,
alpha-only,PGood-facet-neighbors,0x002040E0,
alpha-only,Pgood-facets,0x002040F8,
alpha-only,Ph 2+,0x001E4449,
retail-only,Ph$T#,,0x00100D04
alpha-only,"Ph,""+",0x0014F104 | 0x00151C27 | 0x00152708 | 0x0015284B,
alpha-only,"Ph,y ",0x00144749,
alpha-only,Ph00 ,0x0013826D,
alpha-only,Ph01+,0x001E378D | 0x001E37DC | 0x001E3800,
retail-only,Ph0T#,,0x00100CED
alpha-only,Ph8A ,0x0013A246,
alpha-only,Ph<' ,0x00129CCB | 0x00129D5D | 0x00129E09,
retail-only,Ph@T#,,0x00100CD6
alpha-only,Ph@x ,0x0014446F,
alpha-only,"Ph@Y""",0x000C8F9A,
retail-only,Ph\T#,,0x00100CA8
alpha-only,Ph`6+,0x000750E8,
alpha-only,Ph`_ ,0x0013FCFF,
alpha-only,Ph`g ,0x00141976,
retail-only,Ph`y(,,0x000B6A69
alpha-only,Phantoms,0x001F9C20,
retail-only,PhDt#,,0x00128854
alpha-only,Phd} ,0x00145B10,
retail-only,PhhT#,,0x00100C91
alpha-only,PHp ,0x00224B48 | 0x00225558,
retail-only,Php7#,,0x000D7654
alpha-only,Phpj ,0x0014158E,
alpha-only,Phpm ,0x0014131F,
retail-only,PhPT#,,0x00100CBF
retail-only,PhtT#,,0x00100C7A
alpha-only,PhX3+,0x001D47FD,
alpha-only,Phx4 ,0x001402B4 | 0x0014036E | 0x00144789 | 0x001563FC | 0x0015679E | 0x0015682A | 0x00158BAE | 0x00158F46 | 0x001591BC,
alpha-only,Physics,0x001FAF2C,
alpha-only,physics_havok_bvtree.cpp,0x001F9D24,
alpha-only,physics_havok_collision_manager.cpp,0x001F9F9C,
alpha-only,physics_havok_collision_object.cpp,0x001FA354,
alpha-only,physics_havok_collisionfilter.cpp,0x001FA50C,
alpha-only,physics_havok_meshshape.cpp,0x0020EB1C,
alpha-only,physics_havok_ray.cpp,0x001F9BF0,
alpha-only,physics_havok_rigid_body.cpp,0x001F9EF0,
alpha-only,physics_havok_trimesh.cpp,0x0020EAA0,
alpha-only,Ph|v ,0x00143791,
retail-only,pivotInA,,0x0023DF60
retail-only,pivotInB,,0x0023DF54
shared,PjLj,0x001AC2D4 | 0x001AC2E6,0x001E1E54 | 0x001E1E66
retail-only,pkpushed,,0x0022FFF8
retail-only,planeAxisInA,,0x0023DF44
retail-only,planeAxisInB,,0x0023DF34
retail-only,planeEquations,,0x0024022C
retail-only,planeMaxAngle,,0x0023DEE4
retail-only,planeMinAngle,,0x0023DEF4
shared,Play,0x001F8614,0x002331BC
alpha-only,PlayAnim.cpp,0x0020E258,
alpha-only,PlayAnim::Update,0x0020E304,
shared,player,0x001F3278,0x0022A780
alpha-only,PlayerCamera,0x001EB02C,
alpha-only,PlayerCharacter,0x001EBE10,
shared,playerCharacter,0x001F325C,0x0022A764
alpha-only,PlayerFocus,0x001EB510,
alpha-only,PlayerMove,0x001EB588,
alpha-only,PlayerObject,0x001EB650,
alpha-only,PlayerShip,0x001EC920,
shared,playerShip,0x001F326C,0x0022A774
retail-only,PlayOneShot,,0x00236270
alpha-only,PlayPeriodically,0x001F8600,
alpha-only,PlayStatic,0x001F86A0,
retail-only,PlayUnattached,,0x00233174
alpha-only,Please tell Gordon about problems with WeaponTargetRay::Hit #1b2,0x001EA2D0,
alpha-only,Please tell Gordon about problems wtih CollisionManager::HandleWeaponCollide #941,0x001F3398,
alpha-only,plist->groupId,0x001F79DC,
alpha-only,PMerge-keep,0x00203FD4,
alpha-only,Pointer not in heap,0x00201FEC,
alpha-only,points,0x00204774,
alpha-only,points checked for facets' outer planes,0x002087F8,
alpha-only,points ignored (didn't create a good new facet),0x00208880,
alpha-only,points ignored (not above a good facet),0x002088B0,
alpha-only,points ignored (not above max_outside),0x002088D8,
alpha-only,points processed,0x00208B6C,
alpha-only,Polygon[{,0x0020BD44,
alpha-only,port < MAX_PORTS,0x001FF7CC,
retail-only,Portuguese,,0x0023391C
alpha-only,pos == SET || pos == CUR || pos == END,0x002018B0,
alpha-only,"pos=%f,%f,%f",0x001E9714,
shared,position,0x001F3EA0,0x0023199C
alpha-only,position : ,0x002026C4,
alpha-only,positionInRbLocal,0x00202D28,
alpha-only,Posted events,0x001FAF1C,
alpha-only,PostSimulate event,0x001FAF34,
alpha-only,Poutput-forced,0x002040D0,
shared,powerup,0x001EDD48,0x0022A75C
shared,POWj,0x000838B0,0x00143990
shared,PP24(,0x001CC558,0x00202BF0
retail-only,pppp,,0x0029F704
alpha-only,Pprecision-ignore,0x002040BC,
alpha-only,PQhHh ,0x001417D4,
alpha-only,PQRj,0x00142AC2,
alpha-only,preBegin.parent,0x001FB394,
alpha-only,preBegin.parent == NULL,0x001FB3E0,
alpha-only,precision problems (corrected unless 'Q0' or an error),0x00208320,
alpha-only,precision statistics,0x00208444,
alpha-only,preferredIndex <= allocator.capacityMask,0x001ED03C,
retail-only,Prefetch,,0x00233E28
retail-only,PreLoad,,0x002331B4
shared,PrepareForLanding,0x001F19F0,0x0022B3A0
shared,PrependRule,0x001F27F0,0x0022B4A8
alpha-only,PreSimulate event,0x001FAF80,
alpha-only,PrimSort,0x001F78E8,
alpha-only,PrimSubmit,0x001F78DC,
shared,Print,0x001FC44C,0x0023649C
shared,print,0x001FDF30,0x0023EFF4
retail-only,PrintAsWarning,,0x00238640
retail-only,PrintDebugInfo,,0x0023627C
shared,PrintDmaInfo,0x001F6730,0x00234534
alpha-only,PrintObject,0x001F67E8,
retail-only,probeManager,,0x0022A704
retail-only,Proceed,,0x0022AD70
shared,PROCESS,0x001FFBE8,0x00235224
shared,Process,0x001F0DB8,0x0022B904
alpha-only,processable,0x001FAEF8,
shared,processContactCallbackDelay,0x001F432C,0x00231FB8
alpha-only,profile,0x001F2270,
alpha-only,Profile version mismatch! [0x%08X][0x%08X],0x001F25CC,
alpha-only,Profile: Total [%d] Save [%d],0x001F2450,
alpha-only,Program: ,0x0020D2C0,
retail-only,progress,,0x0022A79C
retail-only,PROGRESSIVESCAN,,0x00234374
alpha-only,Prop,0x001EF1B4,
alpha-only,prop,0x001F32A0,
shared,properties,0x001F42CC,0x00231EA0
retail-only,Property,,0x00231F44
retail-only,PVWj,,0x00044982
shared,PWWh,0x0007544B,0x000B30F9
alpha-only,Q0-no-premerge,0x00203E54,
alpha-only,Q1-no-angle-sort,0x00203E40,
alpha-only,Q10-no-narrow,0x00203DD8,
alpha-only,Q11-trinormals Qtriangulate,0x00203DE8,
alpha-only,Q2-no-merge-independent,0x00203DC0,
alpha-only,Q3-no-merge-vertices,0x00203DA8,
alpha-only,Q3-no-merge-vertices-dim-high,0x00204DB4,
alpha-only,Q4-avoid-old-into-new,0x00203D3C,
alpha-only,Q5-no-check-outer,0x00203D28,
alpha-only,Q6-no-concave-merge,0x00203D14,
alpha-only,Q7-no-breadth-first,0x00203D00,
alpha-only,Q8-no-near-inside,0x00203CEC,
alpha-only,Q9-pick-furthest,0x00203CD8,
alpha-only,Q@h4< ,0x0013AB8D,
alpha-only,Q@hX= ,0x0013AA53,
shared,Q@N@O0LU,0x00186437,0x001BBD0F
alpha-only,Qb-project-dim,0x00203F64,
alpha-only,Qbbound-last,0x00203F74,
alpha-only,Qbbound-last-qj,0x00205080,
alpha-only,QbBound-unit-box,0x00203F84,
alpha-only,QBound-dim-high,0x00203F44,
alpha-only,Qbound-dim-low,0x00203F54,
alpha-only,Qcoplanar,0x002049E0,
alpha-only,Qcoplanar-keep,0x00203F34,
alpha-only,Qfurthest-outside,0x00203F20,
alpha-only,Qgood-facets-only,0x00203F0C,
alpha-only,QGood-if-dont-see-point,0x00203C1C,
alpha-only,QGood-if-see-point,0x00203C34,
alpha-only,Qh A ,0x0013A33D,
retail-only,Qh(7#,,0x000D773A
alpha-only,Qh09 ,0x0013B1D3,
alpha-only,"Qh@"" ",0x001236AC,
alpha-only,Qh@p ,0x00141CC3,
alpha-only,Qh\M ,0x0013BE56,
alpha-only,qh_detvnorm: Voronoi vertex or midpoint,0x0020BB4C,
alpha-only,qh_distplane: ,0x0020B07C,
alpha-only,qh_gausselem: result,0x0020B1E8,
alpha-only,qh_maxmin: found the max and min points (by dim):,0x00207D64,
alpha-only,qh_printlists: facets:,0x002060F8,
alpha-only,qh_rotatepoints: rotate points by,0x0020798C,
alpha-only,qh_setfacetplane: f%d offset %2.2g normal: ,0x0020B414,
alpha-only,qh_sethalfspace: halfspace at offset %6.2g to point: ,0x00207C34,
alpha-only,qh_voronoi_center: at infinity for ,0x00207C6C,
alpha-only,QhD? ,0x0013A7C8,
alpha-only,QhH +,0x00146230,
alpha-only,QhHZ ,0x0013F38E,
alpha-only,QhP5 ,0x0013B443,
alpha-only,QhpB ,0x00139FEC,
shared,QHPj,0x000866B0 | 0x0009E793,0x00146BD0
alpha-only,QhTo ,0x00141E98,
alpha-only,qhull,0x00203468,
alpha-only,qhull ,0x0020770C,
alpha-only,"qhull error: could not open file ""%s"".",0x00203930,
alpha-only,qhull input error: tracing is not installed (qh_NOtrace in user.h),0x00204D70,
alpha-only,qhull Qt Pp W1e-7 E1e-7,0x0020300C,
alpha-only,Qinterior-keep,0x00203EFC,
alpha-only,QJoggle,0x00203C14,
alpha-only,Qmax-outside-only,0x00203EE8,
alpha-only,QPCj,0x000C7638,
alpha-only,Qrandom-outside,0x00203ED8,
alpha-only,QRandom-seed,0x00203BB8,
alpha-only,QRh ^ ,0x0013F961,
alpha-only,QRh l ,0x0014143B,
alpha-only,QRhh[ ,0x0013F1A8,
alpha-only,QRhxV ,0x0013DAF0,
alpha-only,QRotate-id,0x00203BC8,
alpha-only,QRWh,0x0013C42F,
alpha-only,Qsearch-initial-simplex,0x00203EC0,
alpha-only,QShPq ,0x0014218E,
alpha-only,QSWh Q ,0x0013C5DA,
alpha-only,Qtriangulate,0x00203EB0,
retail-only,quantum,,0x0022B054
shared,QueryTree,0x001F5719,0x00239E79
shared,Quit,0x00200BEC,0x00233F78
alpha-only,QupperDelaunay,0x00203EA0,
alpha-only,QV-good-facets-not-point,0x00203B0C,
alpha-only,QV-good-facets-point,0x00203AF4,
alpha-only,Qvertex-neighbors-convex,0x00203E84,
alpha-only,Qxact-merge,0x00203E78,
alpha-only,Qxact_merge,0x002050FC,
alpha-only,Qz-infinity-point,0x00203E64,
shared,radius,0x001F5AA8,0x00230FA8
shared,radiusSqrd,0x001F4458,0x0023289C
retail-only,Ragdoll,,0x00237ACC
alpha-only,"Ran out of data reading from raw buffer! [%d, %d, %d]",0x001F2224,
alpha-only,"Ran out of room writing to raw buffer! [%d, %d, %d]",0x001F21D8,
shared,random,0x001FC478,0x002364C4
alpha-only,Random_perturb,0x002044E4,
retail-only,RandomIdFromTag,,0x0022BC04
alpha-only,range1.lo < range1.hi,0x001ED184,
alpha-only,Raw Time Limit: %f  Distance: %f  Distance Based Time Limit:  %f,0x001ED1B8,
alpha-only,rawDirectory.userAddress == NULL,0x00201BEC,
shared,rawget,0x001FDF28,0x0023EFEC
shared,rawgetglobal,0x001FDFD4,0x0023F090
shared,rawgettable,0x001FDF14,0x0023EFD8
alpha-only,rawLoadSize >= 0,0x001F225C,
alpha-only,rawPosition >= 0,0x001F25A4,
shared,rawset,0x001FDF20,0x0023EFE4
shared,rawsetglobal,0x001FDFC4,0x0023F080
shared,rawsettable,0x001FDF08,0x0023EFCC
alpha-only,rawSize <= S32_MAX,0x001F25F8,
alpha-only,ray cast failed,0x001E9324,
alpha-only,raytest,0x001F32A8,
retail-only,RD9E,,0x000229C8 | 0x0002A90F
alpha-only,Read request failed,0x00200488,
shared,READ_AXIS,0x001FFC20,0x0023526C
shared,READ_BUTTON,0x001FFC2C,0x00235278
alpha-only,readOp.handle != INVALID_STREAM_HANDLE,0x00200CD4,
alpha-only,readStreamInterface,0x00200E34,
shared,ReadyToSwitch,0x00200A6C,0x00233E48
shared,ReanimateTag,0x001F0AE8,0x0022C078
alpha-only,reason,0x0020BB44,
alpha-only,recordCountF32 <= MAX_RECORDS_F32,0x001F23F0,
alpha-only,recordCountKey <= MAX_RECORDS_KEY,0x001F2414,
alpha-only,recordCountStr <= MAX_RECORDS_STR,0x001F23CC,
alpha-only,redundant,0x0020A7CC,
alpha-only,ref >= 0,0x001F9A78,
shared,reference table overflow,0x001FD5DC,0x0023E8E4
retail-only,region,,0x0023648C
alpha-only,"Region supplied, but no mission or marker type for [%s]",0x001F003C,
shared,RegionPosition,0x001F0974,0x0022BE40
alpha-only,RegionPosition failed (region):,0x001F05A0,
alpha-only,registeredHandlers.IsEmpty(),0x001FF138,
alpha-only,"Registering viewer """,0x00202584,
shared,RegisterKeyTable,0x001FFBB4,0x002351F0
shared,RegisterMission,0x001EFCDC,0x0022B7E0
shared,Registers:,0x0020134C,0x00233734
shared,RegisterType,0x001EFCEC,0x0022B7F0
retail-only,RegisterVolumeObject,,0x0022CBA0
shared,RegisterZone,0x001F1A28,0x0022B3D8
alpha-only,reinterpret_cast<U32>(memory.userAddress) == lge.currentAddress,0x00201DD0,
shared,Release,0x001B1B84,0x001E7708
retail-only,release,,0x0022A3F4
shared,ReleaseEffects,0x001FABB4,0x0022CBE4
shared,ReleaseFrontBuffer,0x001F65C8,0x002344F4
alpha-only,ReleaseTag,0x001F09D8,
shared,ReloadWeaponAmmo,0x001EB294,0x0022CE30
retail-only,remove,,0x0022B94C
shared,RemoveAll,0x001F1324,0x0022E910
retail-only,RemoveAllDeadObjects,,0x0022B0B4
shared,RemoveF32,0x001F24F8,0x0022EC30
shared,RemoveGroup,0x001EEFC4,0x0022AA08
retail-only,RemoveIdFromTag,,0x0022BC54
shared,RemoveKey,0x001F2514,0x0022EC4C
shared,RemoveRegion,0x001EEFDC,0x0022AA20
shared,RemoveRegionMarker,0x001F09B4,0x0022BE80
retail-only,RemoveS32,,0x0022EC14
shared,RemoveStr,0x001F24DC,0x0022EBF8
shared,RemoveTag,0x001EEFF8,0x0022AA3C
shared,RemoveTagMarker,0x001F0994,0x0022BE60
retail-only,removeWhenBroken,,0x0023DD6C
alpha-only,rename failures due to duplicated ridges,0x00209A50,
alpha-only,renamed vertex statistics,0x00209AF4,
alpha-only,renamed vertices in a pinched facet,0x00209AA8,
alpha-only,renamed vertices shared by multiple facets,0x00209A7C,
alpha-only,renamed vertices shared by two facets,0x00209ACC,
alpha-only,Render,0x001FAFB0,
alpha-only,Render::BeginDraw,0x001F735C,
alpha-only,Render::Callback,0x001F7324,
alpha-only,Render::Debug,0x001F7338,
alpha-only,Render::DrawWorld,0x001F7348,
alpha-only,Render=%d Sead=%d,0x001F7E5C,
shared,RenderInfo,0x001F681C,0x0023467C
shared,repeat,0x001FEF30,0x0023F918
alpha-only,Request to build unknown behavior type [%08x] for [%s],0x001F2B7C,
alpha-only,required behavior type [%s] not in engine block! did you add asset,0x001F28E8,
shared,Reset,0x001EAA40,0x00229578
shared,ResetAll,0x001EAA34,0x0022956C
retail-only,ResetDmaInfo,,0x00234524
shared,ResetMarkers,0x001F0984,0x0022BE50
retail-only,ResetTag,,0x0022B18C
alpha-only,resident-group,0x002008AC,
alpha-only,resource_manager.cpp,0x001F68B8,
alpha-only,resourceList.Find(objectPtr) == resourceList.End(),0x001F6910,
alpha-only,respawnManager,0x001EF3D8,
retail-only,RESPONSE_INVALID,,0x00232044
retail-only,RESPONSE_MAX_ID,,0x00231FF8
retail-only,RESPONSE_NONE,,0x00232008
retail-only,RESPONSE_REPORTING,,0x00232018
retail-only,RESPONSE_SIMPLE_CONTACT,,0x0023202C
retail-only,ResponseType,,0x00231FE8
retail-only,RestartLayer,,0x0022B1E0
shared,restitution,0x001F3E14,0x00231910
alpha-only,Restore,0x001F6664,
shared,RestoreDynamic,0x001F66E0,0x00234430
shared,RestoreStatic,0x001F66A0,0x002343DC
alpha-only,results >= 0,0x001F0CC0,
shared,Resume,0x001F2E9C,0x00236168
retail-only,ResumeCategory,,0x00233154
alpha-only,retries due to precision problems,0x00208B48,
shared,return,0x001FD854,0x0023EAA8
alpha-only,Rh m ,0x00141344,
alpha-only,Rh8t ,0x00143348,
retail-only,Rhd7#,,0x000D766B
alpha-only,Rhl| ,0x00145411,
shared,RHPj,0x00087EE8,0x00148415
alpha-only,RhT? ,0x0013A796,
alpha-only,ridge with multiple neighbors,0x00205E00,
alpha-only,ridges created altogether,0x002085C4,
alpha-only,ridges for f,0x00206CFC,
alpha-only,ridges with multiple neighbors,0x002081A0,
retail-only,right_foot,,0x002280EC
alpha-only,RigidBody,0x001F9EB0,
alpha-only,RigidBody: rigidBody not initialised.,0x001EB594,
shared,rigidBodyDeactivatorType,0x001F3DEC,0x002318E8
shared,rigidbodysoftcloth,0x001F497C,0x0023AA48
alpha-only,Root,0x001FF0D4,
alpha-only,root,0x001F6420,
retail-only,RotateThoughtOption,,0x0022AC30
shared,RotateVec2,0x001FC49C,0x002364E8
shared,rotation,0x001F3E94,0x00231990
alpha-only,rotationAngle >= 0.0F && rotationAngle <= (Core::PI * 2.0F),0x00200130,
alpha-only,rotationTarget >= 0.0F && rotationTarget <= (Core::PI * 2.0F),0x0020016C,
alpha-only,RPh X ,0x0013E849,
shared,RQ.3),0x001CC598,0x00202C30
shared,run-time error,0x001FE03C,0x0023F0F8
shared,runtime error ,0x0020DA34,0x00238FB4
alpha-only,s < (formatBuf + sizeof(formatBuf)),0x00201668,
shared,sam-site,0x001EE8F0,0x0022660C
alpha-only,SAMPLE NAME               SAMPLES   MAX SAMP   AVG SAMP  FRAME DIF ,0x00201588,
retail-only,Sand,,0x00229B44
retail-only,Saturday,,0x00238758
shared,Save,0x001F24CC,0x0022AD80
shared,SaveData,0x001FC4F8,0x00236544
shared,SaveDynamic,0x001F6714,0x00234478
retail-only,SaveSite,,0x0022C64C
shared,SaveStatic,0x001F66D4,0x00234424
alpha-only,Saving profile [%s],0x001F22F0,
alpha-only,sb.isOk(),0x0020EA94,
shared,scaling,0x0020ED80,0x0023A684
retail-only,schemeCommands,,0x0023DC44
retail-only,schemeData,,0x0023DC54
retail-only,schemeModifiers,,0x0023DC34
retail-only,schemeMotors,,0x0023DC24
retail-only,schemeResultsSize,,0x0023DC10
shared,ScreenShot,0x001F6834,0x002346B0
retail-only,ScreenShotHiRes,,0x002346A0
alpha-only,screenX > 0,0x001FF4A0,
alpha-only,screenY > 0,0x001FF494,
alpha-only,script,0x001EC288,
shared,Script Error,0x001F9938,0x00238558
alpha-only,Script function:%X not handled by Building,0x001EA984,
alpha-only,Script function:%X not handled by mag manager,0x001F2798,
alpha-only,Script function:%X not handled by ParticleEffect,0x001FC6C0,
alpha-only,Script function:%X not handled by player,0x001EB660,
alpha-only,Script function:%X not handled by PlayerFocus,0x001EB1B8,
alpha-only,Script function:%X not handled by PlayerShip,0x001EC960,
alpha-only,Script function:%X not handled by thought manager,0x001F26F8,
alpha-only,Script function:%X not handled by WeaponObject,0x001FA600,
alpha-only,script.cpp,0x001F991C,
alpha-only,Script::Call,0x001F9A08,
shared,ScriptHeapFree,0x00200A28,0x00233DE0
shared,ScriptHeapSize,0x00200A38,0x00233DF0
alpha-only,scriptState,0x0020086C,
shared,Sead,0x001F680C,0x0023466C
alpha-only,Sead::GetObject,0x001F7B48,
alpha-only,searches of all points for initial simplex,0x00208960,
alpha-only,Section: resident fixups,0x002008E4,
alpha-only,segId < (U32)seg->GetNbSegment(),0x001EA67C,
shared,self,0x001F5497 | 0x001FEB64,0x00239BE7 | 0x0023FC2C
alpha-only,Sending conversation stimulus to %d,0x001E9DB8,
alpha-only,Sending geometry with id ,0x00202784,
alpha-only,Sending immediate display geometry data. numGeometries =  ,0x0020280C,
alpha-only,Sending immmediate display geometry and transform. It has ,0x002027D0,
alpha-only,Sending remove geometry reqest with id ,0x00202848,
shared,SendWeaponEvent,0x001EB97C,0x0022D9FC
retail-only,September,,0x002386E0
alpha-only,"Server could not be created, please check that you platform supports sockets with the hkBase library",0x00202328,
alpha-only,Server created and will poll for new client(s) on port ,0x00202398,
alpha-only,Server deleted,0x002024E4,
alpha-only,"Server has already been created, only one server allowed per visual debugger instance",0x002022D0,
alpha-only,set: ,0x00205310,
shared,SetAccess,0x001FF998,0x0023538C
alpha-only,SetAccess failed [0x%08X][%d] (too many bindings),0x001FFC6C,
shared,SetActivated,0x001EF080,0x0022AB74
shared,SetActorDebug,0x001ECE80,0x0022853C
shared,SetActorDebugDistance,0x001ECE68,0x00228524
retail-only,SetActorDebugFlags,,0x00228510
retail-only,SetAdditionalVOTag,,0x0022C004
shared,SetAmbientDynamic,0x001F66F0,0x00234454
shared,SetAmbientStatic,0x001F66B0,0x00234400
retail-only,SetAmmo,,0x00236410
shared,SetAnim,0x001FBC50,0x0022CF30
alpha-only,SetAnim: *WARNING* anim not found: %08x,0x001FBBF8,
retail-only,SetAnimationProgram,,0x0022BD2C
shared,SetAnimationTag,0x001F0ABC,0x0022C03C
alpha-only,SetAnimationTag Failed to find animation tag [%s],0x001F0388,
shared,SetAnimCrc,0x001FBC44,0x002368D4
retail-only,SetAnimProgress,,0x0022CF10
shared,SetAnimSpeed,0x001FAC84,0x0022CF20
alpha-only,SetArea,0x001F164C,
retail-only,SetAttenuation,,0x00233088
retail-only,SetBankBalance,,0x0022A000
shared,SetBasisTime,0x00200FA0,0x0023403C
shared,SetBehavior,0x001F0AA8,0x0022BB78
alpha-only,SetBehavior - Behavior name [%s] unknown (did you AddAsset?,0x001F0864,
alpha-only,SetBehavior - Tag [%s] unknown,0x001F08A0,
alpha-only,"SetBehavior(%s, %s ...) -- could not apply to [%s]",0x001F07FC,
alpha-only,"SetBehavior(%s, %s ...) -- error parsing parameters",0x001F0830,
retail-only,SetBehaviorChangeFunc,,0x0022843C
retail-only,SetBehaviorCompleteFunc,,0x00228454
retail-only,SetBehaviorCompleteOnVO,,0x0022BF84
retail-only,SetBehaviorSequence,,0x0022BB84
alpha-only,SetBleedover,0x001F1794,
retail-only,SetBlur,,0x0022E4F4
alpha-only,SetBounceHandler,0x001EB2EC,
alpha-only,SetBounceMask,0x001EB300,
retail-only,SetCallback,,0x002362A0
alpha-only,setcallhook,0x001FD928,
shared,SetCameraParams,0x001EB7EC,0x0022D828
shared,SetCameraPitchInvert,0x001EB7D4,0x0022D810
shared,SetCameraPitchSensitivity,0x001EB7A4,0x0022D7C8
retail-only,SetCameraSingleStick,,0x0022D7E4
retail-only,SetCameraUpdateEnable,,0x0022D710
shared,SetCameraYawInvert,0x001EB7C0,0x0022D7FC
shared,SetCameraYawSensitivity,0x001EB78C,0x0022D7B0
retail-only,SetCarUnload,,0x0022846C
retail-only,SetCharacterMoveState,,0x0022D878
alpha-only,SetCloakMode,0x001EC9B4,
alpha-only,SetCloakMode: invalid arguments,0x001EC940,
shared,SetColor,0x001F6684,0x002343C0
shared,SetColorDynamic,0x001F6704,0x00234468
shared,SetColorStatic,0x001F66C4,0x00234414
shared,SetConcentration,0x001EB744,0x0022D768
retail-only,SetConcentrationMax,,0x0022D740
alpha-only,SetConstantLoss,0x001F1774,
retail-only,SetCreateFunc,,0x0022B164
retail-only,SetCullFunc,,0x0022B148
shared,SetCurrentPlayerID,0x001EB0A4,0x0022D338
shared,SetDamagableImmunity,0x001FBE4C,0x0022CD38
retail-only,SetDeathFunc,,0x0022D328
retail-only,SetDebugFadeDeadObjects,,0x0022B07C
shared,SetDebugFlags,0x002009C0,0x0022B0A4
shared,SetDebugMode,0x001FFB48,0x00235184
retail-only,SetDebugRange,,0x0022B094
retail-only,SetDefaultBehavior,,0x0022BFE8
retail-only,SetDestroyFunc,,0x0022B154
retail-only,SetDirectedSpawnLevel,,0x0022B0FC
retail-only,SetDirectedSpawnOneShot,,0x0022B0E4
retail-only,SetDirectionDynamic,,0x00234440
retail-only,SetDirectionStatic,,0x002343EC
shared,SetDrawFlag,0x001FAC5C,0x0022CC94
retail-only,SetE3RoadOffset,,0x0022CD94
retail-only,SetEffectPeriod,,0x0022A4D4
shared,SetEnvironment,0x001F8690,0x00233104
retail-only,SetEventDisableTime,,0x00235360
shared,SetEventFunc,0x001EAA00,0x00228580
alpha-only,SetFar,0x001F2EC0,
alpha-only,SetFear,0x001F1614,
retail-only,SetFearInactiveTime,,0x0022A52C
retail-only,SetFearLevel,,0x0022A508
retail-only,SetFearLevelRange,,0x0022A540
retail-only,SetFearRemovalTime,,0x0022A518
shared,SetFilter,0x001F6770,0x0023459C
shared,SetFilterColor,0x001F6760,0x0023458C
shared,SetFirstPerson,0x001EB77C,0x0022D7A0
shared,SetFlag,0x001FC77C,0x0022B184
alpha-only,SetFluidCoeff,0x001FBC6C,
alpha-only,SetFluidEnergyLoss,0x001FBC58,
shared,SetFocusCharacter,0x001EB85C,0x0022D8AC
alpha-only,"SetFocusRange(focusStart, focusEnd) - focusStart must be > 0.01",0x001FFFF0,
shared,SetFocusShip,0x001EB870,0x0022D8C0
retail-only,SetForceHide,,0x0022CD74
shared,SetFOV,0x001F2F0C,0x00236190
shared,SetFrame,0x001F6754,0x00234580
shared,SetFrictionRequest,0x001EB2B4,0x0022CE8C
retail-only,SetGammaRamp,,0x0023455C
retail-only,SetGenericPoolSizes,,0x002372C0
shared,setglobal,0x001FDEFC,0x0023EFC0
shared,SetGravity,0x001FC5F0,0x002366C0
shared,SetHeading,0x001EC0BC,0x00229D10
shared,SetHealth,0x001FBE6C,0x0022CD58
shared,SetHelpFlag,0x001FC510,0x0023655C
retail-only,SetHitFunc,,0x0022D31C
retail-only,SetImplantedThought,,0x0022AC44
alpha-only,SetInfiniteAmmo(%d),0x001E96AC,
shared,SetInfiniteWeaponAmmo,0x001EB27C,0x0022CE00
retail-only,SetInfo,,0x0022EBDC
alpha-only,SetInitEye,0x001F2E88,
alpha-only,SetInitTarget,0x001F2E78,
alpha-only,SetInitUp,0x001F2E6C,
retail-only,SetInstanceDebugFlags,,0x0022BC88
retail-only,SetInstanceDebugRange,,0x0022BC70
alpha-only,SetInternalRange,0x001F1760,
alpha-only,SetInvert,0x001F2EF0,
retail-only,SetInvulnerable,,0x0022CDA4
retail-only,SetJetPack,,0x00229CEC
shared,SetJetPackEnable,0x001EB95C,0x0022D9DC
shared,SetLanded,0x001F1A04,0x0022B3B4
retail-only,SetLandingBeamDown,,0x0022E0AC
alpha-only,SetLanguage,0x001F24B8,
shared,SetLightEnable,0x001EAA7C,0x002295B4
alpha-only,setlinehook,0x001FD91C,
alpha-only,setlocal,0x001FD910,
shared,SetLock,0x001F1A10,0x0022B3C0
alpha-only,SetLodRatio,0x001F2EB4,
alpha-only,SetLogFear,0x001F1728,
shared,SetMaterialVariant,0x001F6640,0x00234494
retail-only,SetMaxDistance,,0x00233068
retail-only,SetMaxManagedObjects,,0x0022B1FC
retail-only,SetMinDistance,,0x00233078
retail-only,SetMode,,0x002330FC
shared,SetMotor,0x001FF9A4,0x00235398
alpha-only,SetMoveHandler,0x001EB2DC,
shared,SetMoveState,0x001EB83C,0x00229D00
shared,SetNearFar,0x001F2EC8,0x00236184
alpha-only,SetNorth,0x001EEFB8,
retail-only,SetNoSpawnRadiusMod,,0x0022B1B4
shared,SetPalette,0x001B1CE8,0x001E7868
shared,SetParam,0x001EAA48,0x00229580
retail-only,SetPassengerEgressFunc,,0x00228424
alpha-only,SetPercentLoss,0x001F1784,
shared,SetPersistent,0x001F0AD8,0x0022C068
alpha-only,SetPersistent: Failed to find tag [%s],0x001F0360,
shared,SetPFXTest,0x001EB700,0x0022D6C0
retail-only,SetPhysicsEnableBody,,0x0022C024
shared,SetPhysicsRequest,0x001EB2C8,0x0022CEA0
retail-only,SetPitch,,0x00233190
retail-only,SetPoolSizes,,0x002372D4
shared,SetPos,0x001EB854,0x00229CF8
retail-only,SetPowerupEventFunc,,0x0022E8FC
shared,SetProcessFunc,0x00200A7C,0x00233ECC
retail-only,SetProfileKeyPrefix,,0x0022C628
shared,SetRange,0x001F6678,0x002343B4
alpha-only,SetRate,0x001F2EAC,
retail-only,SetReadErrorFunc,,0x00233EB8
retail-only,SetRefreshRate,,0x002345C8
shared,SetRenderTarget,0x001B1D18,0x001E7898
retail-only,SetRespawnCount,,0x0022B174
alpha-only,SetReturnedRange,0x001F174C,
retail-only,SetRoadDebug,,0x00228560
retail-only,SetRoadDebugFlags,,0x0022854C
alpha-only,SetRoadDraw,0x001ECE90,
shared,SetRot,0x001FAC14,0x0022CC44
shared,SetRotation,0x001F666C,0x002343A8
shared,SetScale,0x001FABDC,0x0022CC0C
retail-only,SetScreenPosition,,0x0023456C
shared,SetScreenRatio,0x001F677C,0x002345F0
shared,SetSeed,0x001FC480,0x002364CC
alpha-only,SetShadowDist,0x001F2EFC,
shared,SetShadowFlag,0x001FAC24,0x0022CC5C
retail-only,SetShipMoveState,,0x0022D890
retail-only,SetShow,,0x0022AB48
retail-only,SetShowAbility,,0x0022AB38
retail-only,SetShowEntryBeam,,0x0022E084
retail-only,SetSimulateRealTime,,0x002365B4
shared,SetSound,0x001FACBC,0x0022CCF4
shared,SetSoundCrc,0x001FACB0,0x0022CCE8
shared,SetSpawnTable,0x001EF618,0x0022F058
shared,SetStartPoint,0x001EB7FC,0x0022D838
retail-only,SetStateSoundtable,,0x0023628C
retail-only,SetSubtitle,,0x002360E4
shared,settable,0x001FE544,0x0023F550
shared,settag,0x001FDEF4,0x0023EFB8
shared,SetTagAddColor,0x001F08C0,0x0022BCE0
retail-only,SetTagAlienAbilityEnable,,0x0022BCB0
shared,SetTagColor,0x001F08D0,0x0022BCF0
retail-only,SetTagDamageableImmunity,,0x0022BBD8
retail-only,SetTagEffectAddColor,,0x0022BD64
retail-only,SetTagEffectColor,,0x0022BD7C
retail-only,SetTagEffectOpacity,,0x0022BD90
retail-only,SetTagEffectScale,,0x0022BD50
retail-only,SetTagMaxHealth,,0x0022BEDC
shared,settagmethod,0x001FDEE4,0x0023EFA8
retail-only,SetTagProbePoint,,0x0022BCCC
shared,SetTarget,0x001FC770,0x00236D7C
shared,SetTargetableImmunity,0x001FBE34,0x0022CD20
retail-only,SetTerrainTextureScale,,0x00234544
shared,SetTexture,0x001B1CF4,0x001E7874
shared,SetTrigger,0x001EB260,0x0022CDE4
shared,SetTriggerMask,0x001EB26C,0x0022CDF0
shared,SetTriggerMode,0x001EB250,0x0022CDD4
shared,SetVel,0x001EB84C,0x0022D8A4
shared,SetVertexShaderInput,0x001B1D00,0x001E7880
retail-only,SetVibrate,,0x00235354
retail-only,SetVolume,,0x0023319C
retail-only,SetVolumeCategory,,0x00233130
alpha-only,SetVolumeEmitter,0x001F859C,
alpha-only,SetVolumeGroup,0x001F858C,
retail-only,SetVolumeModifierCategory,,0x00233114
alpha-only,SetVolumeSound,0x001F85B0,
retail-only,SetVOTag,,0x0022C018
retail-only,SetVOVocalizationFlag,,0x0022D6E0
retail-only,SetVOVocalizationsDelay,,0x0022D6F8
shared,SetWaterHeight,0x001FC5D0,0x002366A0
shared,SetWaterRegion,0x001FC5E0,0x002366B0
shared,SetWeapon,0x001EB2A8,0x0022CE74
alpha-only,SetWeapon(%d): Cannot find weapon (%s),0x001E9800,
shared,SetWeaponAmmo,0x001EB240,0x0022CDC4
retail-only,SetWeaponEventFunc,,0x0023631C
shared,SetWireFlag,0x001FAC44,0x0022CC7C
shared,SetZoneMarker,0x001F1A18,0x0022B3C8
shared,SetZonesActive,0x001EFC7C,0x0022B758
retail-only,SEVEN,,0x002286B8
retail-only,SEVEN ,,0x002286FC
alpha-only,Sh01+,0x001E3EC1,
retail-only,"Sh0n""",,0x0002721F
alpha-only,Sh4` ,0x0013FEDD,
alpha-only,Sh\' ,0x00129CC5,
alpha-only,shadowLight,0x001F6470,
alpha-only,Shake,0x001F2E64,
shared,shape,0x001F42E8,0x00231EBC
shared,shapeCollection,0x0020EE44,0x0023A898
alpha-only,shapeCount < MAX_SHAPES_IN_GROUP,0x001F9D00,
alpha-only,shapeHeader,0x001FB178,
retail-only,shapePhantom,,0x0023E220
alpha-only,Shapes,0x002023F4,
alpha-only,Shho ,0x00141E4A,
alpha-only,ShhQ ,0x0013C58E,
alpha-only,ShHU ,0x0013D1ED | 0x0013D541,
alpha-only,ship,0x001E8E3C,
shared,ShipCamPlayer%02u,0x001ECAF8,0x0022EFB8
alpha-only,ShipMove,0x001ECBC8,
alpha-only,ShipThirdPersonCamera,0x001ECAAC,
alpha-only,short_src,0x001FD984,
shared,Show,0x001EAA54,0x0022958C
shared,ShowFPS,0x001FAFB8,0x002365C8
retail-only,"Shpy""",,0x000228E8
retail-only,Silent,,0x0023625C
alpha-only,Sim Manager,0x001F322C,
alpha-only,sim.cpp,0x001FAEF0,
alpha-only,Sim::Manager::GetInstance()->GetWorld(),0x001EFE14,
alpha-only,Sim::Manager::GetWorld(),0x001FC414,
alpha-only,Sim::Object::GetPtr(o),0x001FA658,
alpha-only,sim_actor.cpp,0x001FBD88,
alpha-only,sim_attach_modifier.cpp,0x001FB670,
alpha-only,sim_camera.cpp,0x001FB95C,
alpha-only,sim_dynamic_tag.cpp,0x001FCF7C,
alpha-only,sim_id_issuer.cpp,0x001FC1EC,
alpha-only,sim_math.cpp,0x001FC060,
alpha-only,sim_mesh.cpp,0x001FBB1C,
alpha-only,sim_model.cpp,0x001FA7F8,
alpha-only,sim_momento_manager.cpp,0x001FC180,
alpha-only,sim_particle_effect.cpp,0x001FB144,
alpha-only,sim_particle_effect_factory.cpp,0x001FC64C,
alpha-only,sim_particle_emitter.cpp,0x001FCCE8,
alpha-only,sim_particle_emitter_mesh.cpp,0x001FD408,
alpha-only,sim_particle_emitter_point.cpp,0x001FD3A8,
alpha-only,sim_particle_emitter_ribbon.cpp,0x001FD478,
alpha-only,sim_particle_pattern_line.cpp,0x001FB720,
alpha-only,sim_particle_pattern_outside_box.cpp,0x001FB920,
alpha-only,sim_particle_shape.cpp,0x001FCE14,
alpha-only,sim_particle_shape_box.cpp,0x001FD1FC,
alpha-only,sim_particle_shape_ring.cpp,0x001FD144,
alpha-only,sim_particle_shape_skeleton.cpp,0x001FD254,
alpha-only,sim_particle_shape_spline.cpp,0x001FB6EC,
alpha-only,sim_posted_event.cpp,0x001FC9DC,
alpha-only,sim_script.cpp,0x001FC430,
alpha-only,sim_spawn_site.cpp,0x001FD0B8,
alpha-only,sim_spawn_site_manager.cpp,0x001FC2A8,
alpha-only,sim_spawn_site_script.cpp,0x001FC2F8,
alpha-only,sim_static_tag.cpp,0x001FCE9C,
alpha-only,sim_tag_manager.cpp,0x001FB458,
alpha-only,sim_targetable_manager.cpp,0x001FB768,
alpha-only,sim_task.cpp,0x001FCAC8,
alpha-only,sim_trigger_modifier.cpp,0x001FBA30,
alpha-only,sim_weapon_object.cpp,0x001FA670,
alpha-only,sim_world.cpp,0x001FB304,
alpha-only,sim_world_object.cpp,0x001FAA88,
alpha-only,sim_world_object_collider.cpp,0x001FB8EC,
alpha-only,sim_world_object_effects.cpp,0x001FCA70,
alpha-only,sim_world_object_id_manager.cpp,0x001FB800,
alpha-only,similar,0x0020A7C4,
alpha-only,similar and redundant,0x0020A7D8,
alpha-only,simplices merged into coplanar horizon,0x002093D0,
alpha-only,Simulate,0x001FB020,
alpha-only,Simulate event,0x001FAF48,
shared,sinh,0x0020D15C | 0x0022BBC3,0x002388A8 | 0x0025AA9B
retail-only,SIX ,,0x00228704
alpha-only,size,0x001EF920,
alpha-only,size > 0,0x001ED090,
alpha-only,size >= 0,0x001ED068,
shared,SIZE_B,0x001FED80,0x0023FE18
shared,SIZE_INSTRUCTION,0x001FED90,0x0023FE28
shared,SIZE_OP,0x001FED88,0x0023FE20
alpha-only,sizeBuildingBlockLinkType,0x001EF7F0,
alpha-only,sizeBuildingBlockType,0x001EF824,
alpha-only,sizeBuildingDestroyedType,0x001EF83C,
alpha-only,sizeBuildingEffectType,0x001EF7D8,
alpha-only,sizeBuildingFixtureType,0x001EF80C,
alpha-only,sizeBuildingPieceType,0x001EF858,
alpha-only,sizeBuildingType,0x001EF870,
alpha-only,sizeCarType,0x001EF7AC,
shared,sizeCinfo,0x001F82DC,0x00231208
alpha-only,sizeFuronAlienType,0x001EF8B4,
alpha-only,sizeFuronFighterType,0x001EF89C,
shared,sizeof(Instruction),0x001FEDA4,0x0023FE3C
shared,sizeof(int),0x001FEDC8,0x0023FE60
shared,sizeof(size_t),0x001FEDB8,0x0023FE50
alpha-only,sizeOrdnanceMissileGuidedType,0x001EF778,
alpha-only,sizeParticleEmitter,0x001EF6FC,
alpha-only,sizeParticleEmitterMesh,0x001EF6B0,
alpha-only,sizeParticleEmitterPoint,0x001EF6E0,
alpha-only,sizeParticleEmitterQuad,0x001EF6C8,
alpha-only,sizeParticleModifier,0x001EF698,
alpha-only,sizeParticleModifierField,0x001EF67C,
alpha-only,sizeParticleShape,0x001EF668,
alpha-only,sizeParticleShapePoint,0x001EF650,
alpha-only,sizePedestrianType,0x001EF798,
alpha-only,sizePlayerWeaponType,0x001EF710,
alpha-only,sizePowerupType,0x001EF7B8,
alpha-only,sizePropType,0x001EF7C8,
alpha-only,sizeSimActorType,0x001EF8C8,
alpha-only,sizeSpawnTable,0x001EF8F0,
alpha-only,sizeTrafficActorType,0x001EF884,
alpha-only,sizeWeaponLauncherMissileType,0x001EF758,
alpha-only,sizeWeaponPlatformTrackingType,0x001EF738,
alpha-only,sizeWeaponType,0x001EF728,
alpha-only,sizeWorldObjectInstanceRecord,0x001EF900,
alpha-only,sizeWorldObjectType,0x001EF8DC,
shared,Skel,0x001F6814,0x00234674
alpha-only,skel && (actualIndex < skel->GetNbNodes()),0x001FD084,
alpha-only,skel && actualIndex<skel->GetNbNodes(),0x001FCA48,
alpha-only,Skel::UpdateMatrix,0x001F63D0,
alpha-only,Skel::UpdateTree,0x001F63E4,
alpha-only,skelId>=0,0x001EAED4,
alpha-only,skelPtr,0x0020E2FC,
shared,Sleep,0x001FCC30,0x00236A54
retail-only,Slot %d,,0x0022EB78
alpha-only,slot * stride == difference,0x001F837C,
alpha-only,SM::Simulate,0x001EF5D0,
retail-only,SOLVER_TYPE_2ITERS_HARD,,0x00232664
retail-only,SOLVER_TYPE_2ITERS_MEDIUM,,0x0023267C
retail-only,SOLVER_TYPE_2ITERS_SOFT,,0x00232698
retail-only,SOLVER_TYPE_4ITERS_HARD,,0x00232618
retail-only,SOLVER_TYPE_4ITERS_MEDIUM,,0x00232630
retail-only,SOLVER_TYPE_4ITERS_SOFT,,0x0023264C
retail-only,SOLVER_TYPE_8ITERS_HARD,,0x002325CC
retail-only,SOLVER_TYPE_8ITERS_MEDIUM,,0x002325E4
retail-only,SOLVER_TYPE_8ITERS_SOFT,,0x00232600
retail-only,SOLVER_TYPE_INVALID,,0x002326B0
retail-only,SOLVER_TYPE_MAX_ID,,0x002325B8
shared,solverDamp,0x001F486C,0x00232520
shared,solverIterations,0x001F4858,0x0023250C
shared,solverTau,0x001F4878,0x0023252C
retail-only,SolverType,,0x002325AC
retail-only,sonicboom,,0x0022B00C
shared,sort,0x001FDEB0,0x0023EF78
shared,sound,0x001F87A0,0x0023330C
alpha-only,sound.SetEnvironment - unknown audio environment [%s],0x001F8500,
alpha-only,Sound::EmitterNonPositional::SetPosition is nonsense.,0x001F904C,
alpha-only,Sound::EmitterNonVelocityal::SetVelocity is nonsense.,0x001F90A4,
alpha-only,sound_bufferfactory.cpp,0x001F9410,
alpha-only,sound_buffergroup.cpp,0x001F9654,
alpha-only,sound_bufferproxy.cpp,0x001F9704,
alpha-only,sound_bufferstreaming.cpp,0x001F9560,
alpha-only,sound_bufferutils.cpp,0x001F97A0,
alpha-only,sound_emittergroupinvalid.cpp,0x001F91E8,
alpha-only,sound_emittergroupvalid.cpp,0x001F88A4,
alpha-only,sound_emitterinvalid.cpp,0x001F933C,
alpha-only,sound_emitternonpositional.cpp,0x001F9084,
alpha-only,sound_emitterqueued.cpp,0x001F915C,
alpha-only,sound_emittervalid.cpp,0x001F93C4,
alpha-only,sound_sound.cpp,0x001F857C,
alpha-only,sound_soundmanager.cpp,0x001F83E4,
alpha-only,sound_streamsourcedisk.cpp,0x001F97F8,
alpha-only,soundBuffers.IsEmpty(),0x001F93AC,
alpha-only,SoundBufferStreaming - DSB alloc failed %08x,0x001F95E4,
alpha-only,"SoundBufferStreaming::SetPosition - failed (%f, %f, %f)",0x001F9528,
alpha-only,"SoundBufferStreaming::SetVelocity - failed (%f, %f, %f)",0x001F957C,
alpha-only,soundDescriptor.minDistance < soundDescriptor.cullDistance,0x001F9764,
alpha-only,soundDescriptor.streamDescriptor,0x001F9614,
alpha-only,SoundEmitterQueued::SetPosition is nonsense.,0x001F912C,
alpha-only,SoundEmitterQueued::SetVelocity is nonsense.,0x001F9174,
alpha-only,SOUNDENVIRONMENT,0x001F8538,
alpha-only,soundManager,0x001F87C8,
alpha-only,source,0x001FD990,
alpha-only,sourceOffset < sourceSize - 3,0x00201C94,
alpha-only,sourceOffset >= 0,0x00201CB4,
retail-only,Spanish,,0x00233940
shared,Spawn,0x001F0AB4,0x0022BFFC
shared,spawn,0x001F323C,0x0022F068
alpha-only,spawn.SetSpawnTable(%s) failed - could not find table,0x001EF5E0,
retail-only,SpawnFormationAt_V1,,0x0022F044
alpha-only,spawnsite,0x001FC2D8,
shared,SpawnType,0x001FC3C0,0x00236398
alpha-only,speed>0.f,0x001F1FF4,
retail-only,Spend,,0x0022A010
alpha-only,Sphere,0x001FA158,
alpha-only,sphereList.GetSize(),0x001F7020,
alpha-only,sphereList[curSphId].firstEntry>=0,0x001FD318,
alpha-only,sphereList[i].firstEntry<MAX_PARTICLES,0x001F7AD0,
alpha-only,sphereList[i].lastEntry<MAX_PARTICLES,0x001F7AA8,
retail-only,spheres,,0x0023A250
retail-only,spinRate,,0x0023E560
alpha-only,splHeader.density>1,0x001FB6D8,
alpha-only,splHeader.segments>0,0x001FB6C0,
alpha-only,springDamping,0x00202D00,
alpha-only,springElasticity,0x00202CEC,
alpha-only,Sprintf exceeded buffer size [actual=%d buffer=%d],0x002016C4,
shared,sqrt,0x001FDAC8,0x00238870
alpha-only,St3AxisSweep,0x001F44C4,
shared,Stack overflow,0x002011F4,0x00233804
shared,stack overflow,0x001FD820,0x0023EA90
shared,stack overflow (%.30s),0x001FD66C,0x0023E96C
alpha-only,stack size != # local vars,0x001FEC54,
alpha-only,stack.IsEmpty() || (p->crc == stack.Top()),0x0020163C,
alpha-only,StackHighWater,0x00200FBC,
alpha-only,standard,0x001F6580,
alpha-only,standardTime>0.f,0x001F1FE0,
shared,Start,0x001EFCD4,0x0022B7C4
alpha-only,start <= allocHigh && allocHigh <= end && allocLow <= allocHigh,0x00201080,
alpha-only,start <= allocLow && allocLow <= end && allocLow <= allocHigh,0x002010C0,
retail-only,Started,,0x002360D0
retail-only,StartLayer,,0x0022B1F0
retail-only,StartLoadResidentAudio,,0x00233E80
retail-only,StartNodeAnim,,0x00236674
shared,StartObjective,0x001EFCBC,0x0022B7AC
alpha-only,startOfHeap == NULL,0x00201F7C,
alpha-only,Startup heap: %dK,0x002006DC,
alpha-only,state,0x001EAF40,
alpha-only,state->IsTable(state->GetTop()),0x001F9A98,
alpha-only,state.IsTable(-1),0x001EFF84,
alpha-only,state.IsTable(state.GetTop()),0x001F0BE8,
alpha-only,state:%s from:%s to:%s vo:%s,0x001F27C8,
alpha-only,stateBlockId<STATE_BLOCK_SIZE,0x001F6DE4,
alpha-only,stateInfo.items,0x0020192C,
alpha-only,states,0x001EA6DC,
retail-only,staticFriction,,0x0023E264
alpha-only,staticObjLight,0x001F6460,
alpha-only,Statistics,0x00202B08,
alpha-only,statistics for determining merges,0x002090E0,
alpha-only,statistics for matching ridges,0x00209210,
alpha-only,statistics for merging,0x00209600,
alpha-only,Statistics for: %s | %s,0x0020A5E1,
alpha-only,status != STATUS_ACTIVE,0x001F0CF8,
shared,Stboundary,0x001F5480,0x00239BD0
alpha-only,StCalcAabbs,0x001F44D4,
shared,StCastSpheres,0x001F5534,0x00239CB4
alpha-only,Stchild,0x001F57BC,
shared,StCollide,0x001F54C4,0x00239C44
shared,Stcollide,0x001F54F8,0x00239C78
retail-only,Stealth,,0x00236254
alpha-only,step >= 0 && step < numSteps,0x001EC598,
shared,StExamine,0x001F44B8,0x00239C38
shared,Stexamine,0x001F54EC,0x00239C6C
shared,StGetSpheres,0x001F5544,0x00239CC4
shared,StgetSpheres,0x001F5510,0x00239C90
shared,StGsk,0x001F5410,0x00239BA0
retail-only,stimulus,,0x0022A73C
alpha-only,stimulusDispatcher,0x001F2948,
alpha-only,StimulusManager::Simulate,0x001F2A68,
shared,StNarrowPhase,0x001F5700,0x00239E60
shared,Stop,0x001EFCCC,0x0022B7BC
retail-only,StopCategory,,0x00233144
alpha-only,StopEmitter,0x001F85E8,
shared,StopFalse,0x001F0D10,0x0022B8AC
alpha-only,StopGroup,0x001F85DC,
retail-only,StopLayer,,0x0022B1D4
retail-only,StopNodeAnim,,0x00236664
shared,StopObjective,0x001EFCAC,0x0022B79C
retail-only,StopOneShot,,0x00236264
alpha-only,StopSound,0x001F85F4,
shared,StopTrue,0x001F0D1C,0x0022B8B8
alpha-only,StPostCollideCB,0x001F421C,
alpha-only,str1 && str2,0x00201718,
shared,strbyte,0x001FDBB0,0x0023EC78
shared,strchar,0x001FDBC8,0x0023EC90
alpha-only,Stream [%s] has already been opened,0x00200DBC,
alpha-only,Stream Source Disk Operation FAILED %d,0x001F97D0,
alpha-only,Stream::ProcessMainThread,0x00200DA0,
shared,Strecurse,0x001F5474,0x00239BC4
shared,strfind,0x001FDBA0,0x0023EC68
alpha-only,stride >= 4,0x001E9570,
shared,stridingTypeArray,0x0020ED08,0x0023A60C
shared,string,0x001FE2C4,0x0023F32C
shared,"string """,0x001FE308,0x0023F360
shared,"string ""%.99s""",0x001FE2F0,0x0023F348
shared,string or function expected,0x001FDCD4,0x0023ED9C
shared,string size overflow,0x001FE364,0x0023F3BC
retail-only,Strip,,0x0023463C
shared,strlen,0x001FDBF0,0x0023ECB8
shared,strlower,0x001FDBDC,0x0023ECA4
shared,strrep,0x001FDBC0,0x0023EC88
shared,strsub,0x001FDBE8,0x0023ECB0
shared,strupper,0x001FDBD0,0x0023EC98
shared,StTim,0x001F5418,0x00239BA8
shared,Sttransform,0x001F5504,0x00239C84
alpha-only,studioPlacedIds,0x001EF43C,
alpha-only,subMeshArray,0x001F6C3C,
alpha-only,summary,0x0020476C,
alpha-only,summary information,0x002087C4,
retail-only,Sunday,,0x00238794
alpha-only,SunMonTueWedThuFriSat,0x0020D9A4,
alpha-only,surf,0x001F629C,
alpha-only,SUVWh,0x00066AB6,
alpha-only,SUVWh 2+,0x001E4976,
retail-only,SUVWhhh(,,0x001234EA
shared,SUVWj,0x000FD943,0x00194FB3
retail-only,SUWh,,0x00089DD9 | 0x000E070E
alpha-only,SVh01+,0x001E3F9F,
alpha-only,SVh8n ,0x00141F7C,
shared,SVWh,0x00066BD6 | 0x000C1E40,0x000DB616 | 0x000E8F30
alpha-only,SVWh 2+,0x001E48EC | 0x001E4EA6,
retail-only,SVWj,,0x00012C04 | 0x00015FE7 | 0x00057C14 | 0x00086064 | 0x00089AF3 | 0x0008C743
retail-only,SVWPhd\#,,0x00180F4A
shared,SVWUj,0x0015D877,0x0013A267
alpha-only,SWhhw ,0x00143CCD,
shared,Switch,0x002006A8,0x00233E34
shared,syntax error,0x001FE020,0x0023F0DC
alpha-only,System '%s' already initialized,0x00201B8C,
alpha-only,System '%s' not being shut down in order (found '%s'),0x00201ADC,
alpha-only,System '%s' not being shut down in order (no systems registered),0x00201B18,
alpha-only,System not initialised,0x00201B5C,
alpha-only,system.activeHeap != NULL,0x00201100,
alpha-only,system.GetOnline(),0x001FF748,
alpha-only,systemState,0x001FF358,
retail-only,"t h0n""",,0x000968DF
retail-only,t Ph@7#,,0x000D76DE
retail-only,t PhL7#,,0x000D76B7
retail-only,t PhX7#,,0x000D7690
alpha-only,t!;5x!+,0x0014AD15,
shared,t!Hu'j,0x0004E223,0x00062ED3
retail-only,"t""=5",,0x0001B22B
retail-only,"t#h,W$",,0x000255EB
retail-only,t#hPY$,,0x000255A0
shared,T$ h,0x000C1C81,0x000E8D41 | 0x001207C8
shared,T$ j,0x0014DBD0,0x0020CE35
shared,T$ PQj,0x000B3250,0x00123460
alpha-only,T$ RPQh,0x001453C5,
retail-only,T$$h,,0x00044E7F
shared,T$$j,0x00058925,0x0007A1A7
shared,t$$j,0x0003374B,0x00089B2C
shared,T$$Rj,0x000BCC94,0x0020B1FA
retail-only,T$(h,,0x0007A441
retail-only,T$(j,,0x000CF451 | 0x001241A3
alpha-only,"T$,hX9 ",0x0013B036,
shared,"T$,j",0x000595B9,0x000570A6 | 0x00076021
alpha-only,"T$,Rj",0x000B2D81,
alpha-only,"t$,Wj",0x000B5C77,
alpha-only,T$0h,0x000CB143,
shared,T$0j,0x00167B5D,0x000CB3C8
alpha-only,T$0Rj,0x000B9B78,
retail-only,T$4h,,0x0007A4E2
alpha-only,T$4j,0x00017437,
retail-only,T$4Pj,,0x00057051
alpha-only,T$4Qj,0x000B6D05,
alpha-only,T$4Rj,0x0016FBE8,
alpha-only,T$8j,0x000174CD | 0x000B6CC6,
retail-only,T$@j,,0x0005DEF6
shared,T$@Rh,0x001AE915,0x001E4495
retail-only,T$\h,,0x00102A89
alpha-only,T$\RPj,0x00156BAD,
retail-only,T$`Rj,,0x000A08B9
alpha-only,T$Dh,0x0003651E,
alpha-only,T$dh,0x0005871B,
retail-only,T$DRh,,0x000E7790
alpha-only,T$Hh,0x00129E80,
alpha-only,T$hj,0x000CD149,
retail-only,T$Lh,,0x0009D8D9
shared,T$LRh,0x001AEAB4,0x001E4634
alpha-only,T$Pj,0x0006F64E,
shared,T$PRh,0x0012741E,0x000CADEF
retail-only,T$Tj,,0x000E8B96
retail-only,t$tWj,,0x00079BFA
retail-only,t)Vh,,0x00068459
alpha-only,t/Wj,0x00061D37,
retail-only,"t09|$,u*j",,0x00089B40
retail-only,"t1h0""",,0x00089FBB
alpha-only,t1hHu(,0x0010874F,
shared,T8 ?,0x0021C280 | 0x0021CB40,0x00253CC8
shared,t8)E,0x001B60F1,0x001EC1ED
shared,T:\$C\%08X%08X,0x001F3B5C,0x00230C8C
shared,t:\$u\,0x001F38C4,0x00230B14
shared,t:\$u\%s,0x001F3890,0x00230AE0
shared,table,0x001FE2BC,0x0023F324
alpha-only,table expected,0x001FD5CC,
shared,table index is nil,0x001FE6D8,0x0023F690
shared,table overflow,0x001FE718,0x0023F6BC
shared,table: %p,0x001FE1BC,0x0023F278
shared,tag %d was not created by `newtag',0x001FE5EC,0x0023F5F8
shared,tag method must be a function (or nil),0x001FE610,0x0023F61C
shared,tag table overflow,0x001FE5C0,0x0023F5CC
alpha-only,"Tag would like to upgrade storage for new id additions, but there are no large storage cells left",0x001FB470,
shared,tag-method,0x001FD6FC,0x0023E9D4
shared,TagDistance,0x001F0A10,0x0022BED0
alpha-only,TagDistance failed (positions):,0x001F06DC,
alpha-only,TagDistance failed (tags):,0x001F06A0,
shared,TagPosition,0x001F0A04,0x0022BEC4
alpha-only,TagPosition failed (tags):,0x001F06FC,
alpha-only,TagPosition failed:,0x001F072C,
shared,TagVisible,0x001F09F8,0x0022BEB8
shared,tanh,0x0020D14C | 0x0022BC03,0x00238898 | 0x0025AADB
alpha-only,targetable,0x001ED9AC,
alpha-only,targetBox.nodeId < skel->GetNbNodes(),0x001FD1D4,
alpha-only,targetId == INVALID_ID,0x001EE1E8,
alpha-only,targetOffset < sourceSize,0x00201C64,
alpha-only,targetOffset < targetSize,0x00201C48,
alpha-only,targetOffset >= 0,0x00201C80,
alpha-only,"targetPos=%f,%f,%f",0x001E96F0,
alpha-only,targetWeapon,0x001E95B4,
shared,task,0x001FC610,0x002366DC
alpha-only,task not found,0x001FCB6C,
alpha-only,Task: no func(%d),0x001FCB3C,
alpha-only,Task: Start task(%d): %s,0x001FCB50,
alpha-only,TaskFactory,0x001FB0F8,
alpha-only,TaskObject,0x001FCB30,
alpha-only,TaskSimulate event,0x001FAF58,
alpha-only,TC::Update,0x001EE308,
alpha-only,Tcheck-frequently,0x00203AA4,
alpha-only,TCone-stop,0x002039E4,
alpha-only,tdPh|4 ,0x001579A1 | 0x00157A71,
alpha-only,TempNbMsg>=0 && TempNbMsg<PLAYANIM_MAX_MSG_ARRAY_SIZE,0x0020E2A0,
alpha-only,Tensor,0x00202BC8,
alpha-only,terrainMesh,0x001F7700,
alpha-only,test emitter not found,0x001EC39C,
alpha-only,TextSubmit,0x001F7904,
alpha-only,textureFormat < sizeof (conversionTable) / sizeof (conversionTable[0]),0x001F6AA8,
alpha-only,textureFormat >= 0,0x001F6AF0,
alpha-only,TextureUsage = %d (%.02fMo),0x001F631C,
alpha-only,TF::FindClosestPointTo,0x001ECDA4,
alpha-only,TF::MakeIt,0x001ECDDC,
alpha-only,TF::SimActors,0x001ECDBC,
alpha-only,TF::Simulate,0x001ECDCC,
alpha-only,TF::Update,0x001ECD74,
retail-only,tF;E,,0x000A3967
alpha-only,TFacet-log,0x00203988,
retail-only,tH9],,0x000461DC
retail-only,The file doesn't contain any compressed frames yet.,,0x0023AC08
alpha-only,"The game and engine block versions are incompatible.  Get a new gorilla and xbe, then rebuild all data and deploy it",0x001EFA28,
alpha-only,The map has too many tags to store them all!,0x001FB508,
shared,then,0x001FEF28,0x0023F910
alpha-only,There will not be any room for dynamic tags at all!,0x001FB4D4,
alpha-only,This doesn't work yet!,0x001F12D8,
alpha-only,this!=NULL,0x00201138,
alpha-only,Thought table:%s not found,0x001F26B8,
shared,thoughts,0x001F3250,0x0022A750
retail-only,THREE,,0x002286D4
retail-only,THREE ,,0x0022871C
retail-only,thresholdSqrd,,0x0023DD80
retail-only,Thursday,,0x0023876C
shared,TIMER,0x001FFBC8,0x00235204
alpha-only,Timer values (cpu cycles) are shown in usec (10e-6s),0x0020E8DC,
alpha-only,TimeScript,0x00200FDC,
alpha-only,TInput-file,0x00203924,
shared,tinsert,0x001FDEA8,0x0023EF70
shared,ToggleFirstPerson,0x001EB70C,0x0022D6CC
shared,ToggleHeight,0x001ECBD4,0x0022EE98
alpha-only,toInstantiate,0x001EF42C,
shared,tonumber,0x001FDED4,0x0023EF9C
shared,too many %.50s (limit=%d),0x001FF010,0x0023F9F0
shared,too many arguments,0x001FE180,0x0023F23C
shared,too many captures,0x001FDCA0,0x0023ED68
alpha-only,Too many effects,0x001FC834,
alpha-only,Too many registered effects,0x001FC848,
alpha-only,Too many Single Materials on screen MAX is %d,0x001F7748,
alpha-only,top == GetState().GetTop(),0x001F0CDC,
alpha-only,top<MAXOBJS,0x002015CC,
alpha-only,top>0,0x002015EC,
shared,tostring,0x001FDEC8,0x0023EF90
alpha-only,Total,0x0020A3FC,
alpha-only,total area of facets,0x0020848C,
alpha-only,total lookups for matching ridges of new facets,0x002091E0,
alpha-only,total lookups of subridges (duplicates and boundary),0x0020917C,
alpha-only,total number of distance tests,0x00208E74,
alpha-only,total number of facets or cycles of facets merged,0x0020940C,
alpha-only,total vertices deleted,0x00208DA0,
alpha-only,TOutput-file,0x00203810,
retail-only,tr9|$Dulj,,0x00089BA4
alpha-only,TRACE,0x0020B658,
alpha-only,Trace-merge,0x002036A8,
alpha-only,Trace-point,0x002036FC,
alpha-only,trackPos,0x00201910,
shared,traffic,0x001F32BC,0x0022A720
alpha-only,traffic_actor.cpp,0x001EE020,
alpha-only,traffic_actorcar.cpp,0x001EE290,
alpha-only,traffic_actorpedestrian.cpp,0x001EE52C,
alpha-only,traffic_actorsamsite.cpp,0x001EE948,
alpha-only,traffic_behavior.cpp,0x001ED19C,
alpha-only,traffic_behavior_pedestrian_animate.cpp,0x001ED4A4,
alpha-only,traffic_behavior_pedestrian_converse.cpp,0x001ED530,
alpha-only,traffic_behavior_pedestrian_orient.cpp,0x001ED590,
alpha-only,traffic_behaviourlanefollow.cpp,0x001ED7F0,
alpha-only,traffic_behaviourpedestrianfear.cpp,0x001EDA3C,
alpha-only,traffic_behaviourphysics.cpp,0x001EDC20,
alpha-only,traffic_behaviourtransmogrify.cpp,0x001EDD50,
alpha-only,traffic_factory.cpp,0x001ECD60,
alpha-only,traffic_factory_script.cpp,0x001ECE4C,
alpha-only,traffic_laneengineblock.cpp,0x001ECF30,
alpha-only,traffic_lanesequence.cpp,0x001ECF70,
alpha-only,traffic_navigation_path_planner.cpp,0x001EEC60,
alpha-only,traffic_navigation_priority_queue.cpp,0x001EEC88,
alpha-only,traffic_physicscontrollerabducto.cpp,0x001EDE84,
alpha-only,traffic_physicscontrollermattermove.cpp,0x001EDECC,
alpha-only,traffic_roadnetworkengineblock.cpp,0x001ED0B8,
alpha-only,traffic_state.cpp,0x001EDDEC,
alpha-only,traffic_trafficcontrollerfactory.cpp,0x001ED128,
alpha-only,traffic_voice_over_controller.cpp,0x001EEC24,
alpha-only,traffic_weaponfactory.cpp,0x001EE9A8,
alpha-only,traffic_weapongun.cpp,0x001EEA04,
alpha-only,traffic_weaponplatformtracking.cpp,0x001EEAD0,
shared,transform,0x00202FC4,0x0023A948
retail-only,transformArray,,0x0023E310
shared,tremove,0x001FDEA0,0x0023EF68
alpha-only,TRerun,0x00203654,
alpha-only,Triangulation statistics (Qt),0x00209C14,
alpha-only,tried to create object of typeCrc %08x but could not find it in engine block,0x001EE2B8,
alpha-only,TriMesh,0x0020EA10,
alpha-only,TRUE,0x001FF474,
alpha-only,True,0x001F0C24,
shared,true,0x001F9A44,0x00238620
alpha-only,Trying to create a sweep shape from non-convex object. Your shape must derive from hkConvexShape.,0x001F9F10,
alpha-only,TS::Update,0x001EE8FC,
alpha-only,Tstatistics,0x00203A98,
alpha-only,tSVWh,0x00130918,
retail-only,Tt ukk,,0x00292159
retail-only,TtCapsCaps,,0x00239A0C
alpha-only,TtCapsuleTri,0x001F5244,
shared,TtCapsuleTriangle,0x001F5254,0x002399D4
shared,TtConvexWelder,0x001F5124,0x002398A0
alpha-only,Ttcvx cvx,0x00202D78,
alpha-only,Ttgjk,0x00202D84,
shared,TtGsk,0x001F5408,0x00239B98
alpha-only,TthkBvAgent,0x001F57E0,
shared,TthkShapeCollection::castRay,0x00202F04,0x0023A3E8
shared,TthkShapeCollection::getMaximumProjection,0x00202F24,0x0023A408
alpha-only,TtIntegrate,0x001F4488,
alpha-only,TtIslandPostCollideCb,0x001F4230,
shared,TtMopp,0x001F56B4,0x00239E14
shared,TtmultiRay-cvx,0x001F5138,0x002398B4
shared,TtMultiSphereTri,0x001F51CC,0x00239948
shared,TtMultiSphereTriangle,0x001F51E0,0x0023995C
alpha-only,TtNarrowPhase,0x001F44F8,
alpha-only,TtPhantom::castRay,0x0020E070,
alpha-only,TtPostIntegrateCb,0x001F4270,
alpha-only,TtPostSimulateCb,0x001F425C,
shared,TtShapeCollection,0x001F565C,0x00239DBC
shared,TtSphereBox,0x001F52F0,0x00239A5C
shared,TtSphereCapsule,0x001F5398,0x00239B04
shared,TtSphereSphere,0x001F53C8,0x00239B34
shared,TtSphereTriangle,0x001F5340,0x00239AAC
retail-only,Tuesday,,0x00238784
alpha-only,TV-stop-after-point,0x002035DC,
alpha-only,TV-stop-before-point,0x002035F0,
alpha-only,Tverify,0x00203A90,
alpha-only,TWide-trace,0x0020358C,
retail-only,twistAxisInA,,0x0023DF24
retail-only,twistAxisInB,,0x0023DF14
retail-only,twistMaxAngle,,0x0023DEC4
retail-only,twistMinAngle,,0x0023DED4
retail-only,TWO ,,0x00228724
alpha-only,two facets with the same vertices,0x00205974,
alpha-only,two look-aheads,0x001FE9C0,
retail-only,TWUU,,0x0029FB74
shared,type,0x001E9590,0x0022BB04
alpha-only,type != name,0x00200718,
alpha-only,type.beamAttachPoint,0x001E91EC,
alpha-only,type.speedHalfLife > 0.0f,0x001F1C44,
alpha-only,type>=0&&type<mtl_nblayer,0x001F6A40,
alpha-only,typeEB,0x001EDD9C,
alpha-only,typeThoughts.awarenessThoughts,0x001F2644,
alpha-only,typeThoughts.generalThoughts,0x001F2664,
alpha-only,Tz-stdout,0x00203A3C,
alpha-only,u)Wj,0x00141995,
alpha-only,U-coplanar,0x00204444,
alpha-only,U-coplanar-distance,0x00207F84,
alpha-only,u/htY ,0x0013EAB8,
alpha-only,U@Uht? ,0x0013A5E3,
alpha-only,udata cannot be fixed,0x001FE774,
shared,ufo.log,0x001F34A0,0x0022B508
alpha-only,ufo_behavior_factory.cpp,0x001F2BB4,
alpha-only,ufo_building.cpp,0x001EA52C,
alpha-only,ufo_building_block.cpp,0x001EAD4C,
alpha-only,ufo_building_damage.cpp,0x001EA880,
alpha-only,ufo_building_destroyed.cpp,0x001EAE0C,
alpha-only,ufo_building_factory.cpp,0x001EA95C,
alpha-only,ufo_building_fixture.cpp,0x001EAE6C,
alpha-only,ufo_camera.cpp,0x001F2E20,
alpha-only,ufo_character_camera.cpp,0x001EBF88,
alpha-only,ufo_character_move.cpp,0x001EC25C,
alpha-only,ufo_character_move_states.cpp,0x001EC654,
alpha-only,ufo_character_pack.cpp,0x001EC7D0,
alpha-only,ufo_environment.cpp,0x001F2C80,
alpha-only,ufo_fear_manager.cpp,0x001F13E8,
alpha-only,ufo_fear_manager_script.cpp,0x001F146C,
alpha-only,ufo_fire_manager.cpp,0x001F30A4,
alpha-only,ufo_havok_collision_manager.cpp,0x001F3358,
alpha-only,ufo_hud_display_fear.cpp,0x001EEDC0,
alpha-only,ufo_hud_display_radar.cpp,0x001EEE78,
alpha-only,ufo_instance_factory.cpp,0x001EF268,
alpha-only,ufo_instance_manager.cpp,0x001EF34C,
alpha-only,ufo_landing.cpp,0x001F186C,
alpha-only,ufo_magmanager.cpp,0x001F2784,
alpha-only,ufo_mission.cpp,0x001EFAD8,
alpha-only,ufo_mission_objective.cpp,0x001F0C64,
alpha-only,ufo_mission_objective_camerastate.cpp,0x001F0D7C,
alpha-only,ufo_mission_objective_custom.cpp,0x001F0DD0,
alpha-only,ufo_mission_objective_group.cpp,0x001F0E38,
alpha-only,ufo_mission_objective_logic.cpp,0x001F0E80,
alpha-only,ufo_mission_objective_player.cpp,0x001F0F84,
alpha-only,ufo_mission_objective_tag.cpp,0x001F1048,
alpha-only,ufo_mission_objective_timer.cpp,0x001F11AC,
alpha-only,ufo_mission_processor.cpp,0x001EFF98,
alpha-only,ufo_mission_scripting.cpp,0x001F02E8,
alpha-only,ufo_mission_type.cpp,0x001F0B7C,
alpha-only,ufo_mission_utility.cpp,0x001F0BD0,
alpha-only,ufo_move_state_machine.cpp,0x001EAF60,
alpha-only,ufo_ordnance_discrete.cpp,0x001F1C60,
alpha-only,ufo_ordnance_factory.cpp,0x001F1C9C,
alpha-only,ufo_ordnance_grenade.cpp,0x001F1D9C,
alpha-only,ufo_ordnance_manager.cpp,0x001F1E78,
alpha-only,ufo_ordnance_shot.cpp,0x001F1F70,
alpha-only,ufo_player_character.cpp,0x001EBC24,
alpha-only,ufo_player_factory.cpp,0x001EB08C,
alpha-only,ufo_player_focus.cpp,0x001EB19C,
alpha-only,ufo_player_object.cpp,0x001EB6E8,
alpha-only,ufo_player_ship.cpp,0x001EC92C,
alpha-only,ufo_powerup.cpp,0x001F12F0,
alpha-only,ufo_profile.cpp,0x001F2214,
alpha-only,ufo_profile_scripting.cpp,0x001F2494,
alpha-only,ufo_profile_xbox.cpp,0x001F2560,
alpha-only,ufo_prop_manager.cpp,0x001EF1F4,
alpha-only,ufo_ship_move.cpp,0x001ECC54,
alpha-only,ufo_ship_thirdpersoncamera.cpp,0x001ECB30,
alpha-only,ufo_spawn_manager.cpp,0x001EF4B4,
alpha-only,ufo_stimulus_available_responses.cpp,0x001F2844,
alpha-only,ufo_stimulus_emitter.cpp,0x001F28A0,
alpha-only,ufo_stimulus_manager.cpp,0x001F292C,
alpha-only,ufo_stimulus_valid_responses.cpp,0x001F2AA4,
alpha-only,ufo_thoughtmanager.cpp,0x001F260C,
alpha-only,ufo_version_info.cpp,0x001EFA0C,
alpha-only,ufo_weapon_abducto.cpp,0x001E8F14,
alpha-only,ufo_weapon_aura.cpp,0x001E9090,
alpha-only,ufo_weapon_beam.cpp,0x001E9154,
alpha-only,ufo_weapon_brainray.cpp,0x001E9374,
alpha-only,ufo_weapon_cloak.cpp,0x001E946C,
alpha-only,ufo_weapon_control.cpp,0x001E9598,
alpha-only,ufo_weapon_cortex.cpp,0x001E98E4,
alpha-only,ufo_weapon_factory.cpp,0x001E9AA4,
alpha-only,ufo_weapon_gun.cpp,0x001E9AFC,
alpha-only,ufo_weapon_holobob.cpp,0x001E9D6C,
alpha-only,ufo_weapon_iondetonator.cpp,0x001E9FBC,
alpha-only,ufo_weapon_mattermove.cpp,0x001EA0F8,
alpha-only,ufo_weapon_ship_launcher.cpp,0x001EA214,
alpha-only,ufo_weapon_target_ray.cpp,0x001EA314,
alpha-only,uH*+,0x0014962C | 0x00149690 | 0x001496E8,
alpha-only,Uh8) ,0x0012AAE9,
alpha-only,"uH95,:+",0x0015F7FE,
retail-only,"uH95,}(",,0x0013CAA5
alpha-only,UhDD ,0x00139948,
alpha-only,Uhh>!,0x0006D57B,
alpha-only,Unable to build display geometry from hkShape geometry data,0x00202A3C,
alpha-only,Unable to create particle modifier of type:%08X,0x001FCCAC,
alpha-only,Unable to create particle shape of type:%08X,0x001FB184,
alpha-only,Unable to create XMV Decoder for %s (error: %d),0x001F5DD4,
alpha-only,Unable to find asset:%08X,0x001FB250,
alpha-only,Unable to get tag thought for %s,0x001F2694,
alpha-only,Unable to get type thought for %s,0x001F26D4,
shared,unable to recover; exiting,0x001FD8B0,0x0023EB04
shared,unbalanced pattern,0x001FDC8C,0x0023ED54
shared,undefined operation,0x001FE44C,0x0023F474
shared,unexpected `$' (pragmas are no longer supported),0x001FF088,0x0023FA68
shared,unexpected end of file in `%.99s',0x001FEC94,0x0023FD2C
shared,unfinished capture,0x001FDCB4,0x0023ED7C
shared,unfinished long string,0x001FF040,0x0023FA20
shared,unfinished string,0x001FF058,0x0023FA38
shared,unknown,0x001F4DE0,0x0022E8F4
alpha-only,Unknown call function [%s] in [%s],0x001FF2A0,
alpha-only,Unknown call function [%s] in objective [%s],0x001F0C80,
alpha-only,Unknown display handler type [%s][0x%08X],0x001FF4AC,
alpha-only,Unknown input handler type [%s][0x%08X],0x001FF19C,
alpha-only,Unknown objective type [%s] [%s][%s],0x001F00A4,
retail-only,Unknown parameter,,0x00233AE0
alpha-only,Unknown security failure detected!,0x0020D45C,
alpha-only,Unknown state,0x001F779C,
alpha-only,Unknown targetable / damagable immunity type specified - using Cheat,0x001FBD40,
alpha-only,Unknown transmog type 0x%08X,0x001EDD7C,
shared,Unknown-(Generic)-Type,0x001FBD98,0x002357FC
retail-only,unknown[%.8X],,0x00233970
retail-only,unnamed_,,0x0023E024
alpha-only,unnamed_%x,0x001F8040,
alpha-only,Unpause,0x001F5D90,
retail-only,UnregisterMission,,0x0022B7CC
retail-only,UnsetBehaviorChangeFunc,,0x002283F0
retail-only,UnsetBehaviorCompleteFunc,,0x00228408
retail-only,UnsetCreateFunc,,0x0022B138
retail-only,UnsetCullFunc,,0x0022B114
retail-only,UnsetDestroyFunc,,0x0022B124
retail-only,UnsetFuncs,,0x002283C8
retail-only,UnsetPassengerEgressFunc,,0x002283D4
shared,until,0x001FEF20,0x0023F908
alpha-only,Update Attach event,0x001FAFFC,
alpha-only,Update event,0x001FB010,
retail-only,UpdateDisplay,,0x0022ADB0
retail-only,updateFromCinfoFunc,,0x00231244
alpha-only,updateFromCinfoFunction,0x001F8314,
alpha-only,Upload of sound effects image for 3d sounds failed.,0x001F89A4,
shared,upvalue must be global or local to immediately outer scope,0x001FEA68,0x0023FB50
shared,upvalues,0x001FEA5C,0x0023FB44
alpha-only,URWPh,0x00141A5E,
alpha-only,"usage fear.%s(""regionName"" [, amount])",0x001F14BC,
alpha-only,"usage fear.%s(""regionName"", amount)",0x001F1448,
alpha-only,usage fear.SetBleedover(percentagePerSecondLostToNeighbours),0x001F16B8,
alpha-only,usage fear.SetConstantLoss(amountPerSecond),0x001F1654,
alpha-only,"usage fear.SetInternalRange(lowFear, highFear)",0x001F16F8,
alpha-only,usage fear.SetPercentLoss(percentagePerSecond),0x001F14E4,
alpha-only,"usage fear.SetReturnedRange(lowFear, highFear)",0x001F1688,
alpha-only,"usage SetArea(""regionName"", cellSize)",0x001F1624,
alpha-only,"usage: GetFearAtTag(""tagName"")",0x001F15F4,
alpha-only,Use of '<' past root [%s] in [%s],0x001FF364,
shared,userData,0x001F490C,0x00230F70
shared,userdata,0x001FE2D4,0x0023F33C
shared,userdata(%d): %p,0x001FE198,0x0023F254
shared,UserMemory,0x002009DC,0x00233D84
retail-only,userPlanes,,0x0023E1F4
shared,uses,0x002002DC,0x00233AA0
shared,useTims,0x001F47CC,0x00232468
alpha-only,UUh ? ,0x0013A7FA,
alpha-only,UUh C ,0x00139CAF,
alpha-only,UUh$9 ,0x0013B078,
alpha-only,UUh$B ,0x0013A156,
alpha-only,UUh(= ,0x0013AA86,
alpha-only,UUh(C ,0x00139C6F,
alpha-only,"UUh,B ",0x0013A13C,
alpha-only,UUh4? ,0x0013A7E0,
alpha-only,UUh4B ,0x0013A122,
alpha-only,UUh<: ,0x0013AEA0,
alpha-only,UUh<= ,0x0013AA6C,
alpha-only,UUh<C ,0x00139C2F,
alpha-only,UUh@> ,0x0013A946,
alpha-only,UUh@B ,0x0013A108,
alpha-only,UUh@E ,0x00139802,
alpha-only,UUh`C ,0x00139B2E,
alpha-only,UUhd> ,0x0013A8FE,
alpha-only,UUhdB ,0x0013A0BA,
alpha-only,UUhdG ,0x001394E9,
alpha-only,UUhHB ,0x0013A0EE,
alpha-only,UUhHC ,0x00139BEF,
alpha-only,UUhLE ,0x001397E0,
alpha-only,UUhlG ,0x001394CF,
alpha-only,UUhPC ,0x00139BAF,
alpha-only,UUhpC ,0x00139B14,
alpha-only,UUhpP ,0x0013BA34,
alpha-only,UUhT> ,0x0013A918,
alpha-only,UUhtG ,0x0013948F,
alpha-only,UUhx> ,0x0013A8E4,
alpha-only,UUhXB ,0x0013A0D4,
alpha-only,UUhXC ,0x00139B6F,
alpha-only,UUh|C ,0x00139AFA,
alpha-only,UUh|G ,0x0013944F,
retail-only,UUPE,,0x0023AC64
retail-only,UUUKk,,0x0029FA45
retail-only,UUUW,,0x0029F584 | 0x0029F78C
retail-only,UUUx,,0x0029F474
retail-only,UVWj,,0x001357A4
retail-only,UWVX,,0x0029F4FC
alpha-only,uY;5x!+,0x00141C20,
retail-only,uZ9=lk(,,0x0013CA03
alpha-only,v%d ,0x00206080,
retail-only,V\XP,,0x0029F604
alpha-only,ValidScriptPort(index),0x001FF8DC,
retail-only,ValidSlot,,0x0022EBE4
retail-only,value,,0x00231ED8
alpha-only,Value && Time0<=MaxTime && Time1<=MaxTime,0x0020E404,
shared,value expected,0x001FD684,0x0023E984
shared,value for `lua_getinfo' is not a function,0x001FD6D0,0x0023E9A8
shared,variables in a multiple assignment,0x001FEC18,0x0023FCE0
alpha-only,Vec2 table [%s] already exists,0x001FF680,
alpha-only,VECT 1 %d 1 %d 1 ,0x0020BF30,
alpha-only,vehicle,0x001F32C4,
retail-only,velocity,,0x0023E284
alpha-only,versionAdamIarossi,0x001EF9F8,
alpha-only,versionAndrewPayne,0x001EF9C4,
alpha-only,versionBradClancy,0x001EF9B0,
alpha-only,versionCraigJames,0x001EF99C,
alpha-only,versionDerekVanTonder,0x001EF928,
alpha-only,versionEricSmolikowski,0x001EF984,
alpha-only,versionGordonMoyes,0x001EF970,
alpha-only,versionJonathonAshcroft,0x001EF940,
alpha-only,versionSimonStevenson,0x001EF958,
alpha-only,vertex intersections for locating redundant vertices,0x00209914,
shared,vertexA,0x001F5AE0,0x00231040
shared,vertexB,0x001F5AD8,0x00231038
shared,vertexBaseArray,0x0020ED58,0x0023A65C
alpha-only,vertexBuffer[i],0x001F7984,
shared,vertexC,0x0020EE20,0x0023A3CC
shared,vertexStridingArray,0x0020ED44,0x0023A648
retail-only,vertices,,0x0024023C
alpha-only,vertices created altogether,0x002085FC,
alpha-only,vertices deleted by degenerate facet,0x002092A4,
alpha-only,vertices deleted by merging,0x00209300,
alpha-only,vertices deleted by merging into coplanar horizon,0x002092CC,
alpha-only,vertices for f,0x00206D0C,
alpha-only,vertices for r,0x002069A4,
alpha-only,vertices removed from facets due to no ridges,0x00209958,
alpha-only,Vh 2+,0x001E4AB5 | 0x001E4B40,
alpha-only,"Vh0""+",0x0014E97E | 0x0014EA3B | 0x0014F3D6,
alpha-only,"Vh<""+",0x0014FC7E | 0x00150068 | 0x0015025C | 0x00150F0A,
alpha-only,VhHU ,0x0013D267,
retail-only,"VhLn""",,0x000FEE56 | 0x000FFDD6
retail-only,"Vhr*""",,0x0021FB62
alpha-only,VhRj,0x00034AF2,
alpha-only,Visible,0x00204494,
alpha-only,visible,0x0020AC3C,
alpha-only,Visible-distance,0x00207F98,
alpha-only,Visual Debugger instance has been created,0x002023FC,
alpha-only,VisualDebugger: [,0x002023E0,
alpha-only,voiceIndex == 0,0x001F9400,
retail-only,void,,0x00231450
alpha-only,voronoi,0x00204764,
alpha-only,Voronoi ridge statistics,0x00209D74,
retail-only,VPhl\#,,0x00139167
retail-only,VUUU,,0x0029FBEC
alpha-only,VVVh,0x001DF6A0,
retail-only,VVVV,,0x0029FAF4
alpha-only,VWh8T ,0x0013D010,
retail-only,VWh`K#,,0x000E8D39
alpha-only,VWj@j,0x000B65F2,
alpha-only,VWPh(y ,0x0014468E,
retail-only,VWUU,,0x0029F90C
alpha-only,W(QRh,0x00055148,
alpha-only,W-outside,0x002043B4,
alpha-only,Waiting for device initialization...,0x001FF870,
shared,WaitRetrace,0x001F67F4,0x00234654
shared,Wake,0x001FCC28,0x00236A4C
alpha-only,"Want to change active spawn table, but none / no better one found Mode[%08x] Fear[%f]",0x001EF578,
retail-only,WarmAssetHeap,,0x00233EA8
retail-only,Water,,0x00229B6C
alpha-only,Water:::Lock,0x001F70E4,
alpha-only,Water:::Update,0x001F70D4,
alpha-only,Water:::UpdateNormals,0x001F70BC,
alpha-only,WBVj,0x00140A71,
alpha-only,Weapon,0x001E8C5C,
shared,weapon,0x001EE084,0x0022A788
retail-only,weapon.,,0x0022FBD8
alpha-only,weapon.Alive(),0x001EDE74,
alpha-only,WeaponAbductoBeam,0x001E8EEC,
alpha-only,WeaponAura,0x001E900C,
alpha-only,WeaponBrainRay,0x001E9314,
alpha-only,WeaponCloak,0x001E9508,
alpha-only,weaponControl,0x001E8C64,
alpha-only,WeaponCortex,0x001E98A4,
alpha-only,WeaponDeathRay,0x001E9978,
alpha-only,WeaponDestructoRay,0x001E9A04,
alpha-only,WeaponGun is under development,0x001E9BDC,
alpha-only,WeaponGunObject,0x001E9C90,
alpha-only,WeaponHoloBob,0x001E9D20,
alpha-only,WeaponHypnoRay,0x001E9ECC,
alpha-only,WeaponIonDetonator,0x001E9F94,
alpha-only,WeaponMatterMove,0x001EA084,
alpha-only,WeaponObject,0x001FA5F0,
alpha-only,WeaponShipLauncher,0x001EA1F4,
alpha-only,WeaponTargetRay,0x001EA2A8,
alpha-only,WeaponTransmog,0x001EA3AC,
alpha-only,weaponType->gunAnim,0x001E9BAC,
shared,weaponType->gunAnimActivate,0x001E9BC0,0x0022F844
shared,weaponType->gunAnimCharge,0x001E9B6C,0x0022F89C
shared,weaponType->gunAnimChargeSecondary,0x001E9B88,0x0022F8B8
shared,weaponType->gunAnimDeactivate,0x001E9B10,0x0022F964
shared,weaponType->gunAnimFire,0x001E9B30,0x0022F904
shared,weaponType->gunAnimFireSecondary,0x001E9B48,0x0022F91C
alpha-only,WeaponZapOMatic,0x001EA440,
retail-only,Wednesday,,0x00238778
alpha-only,Wh 2+,0x001E29B3,
shared,Wh!@,0x000711BB,0x000B2B48
alpha-only,Wh$C#,0x000B338E,
alpha-only,"Wh,""+",0x0014E360,
alpha-only,"Wh0""+",0x0014EBF5 | 0x0014F30C,
alpha-only,Wh0~ ,0x00145D35,
alpha-only,"Wh8""+",0x0014B835,
alpha-only,"Wh<""+",0x00151DD8,
retail-only,Wh`K#,,0x000E8CFA
alpha-only,what,0x001FD970,
alpha-only,what? ,0x00200B2C,
alpha-only,WhHU ,0x0013D3B0,
shared,while,0x001FEF18,0x0023F900
retail-only,"WhLn""",,0x000D7721 | 0x000D77AC
alpha-only,Whx4 ,0x0014020A,
retail-only,WIDESCREEN,,0x0023435C
alpha-only,widescreen,0x001F6574,
alpha-only,width < sizeof(fmtBuf),0x00201604,
alpha-only,Width-outside,0x00207F74,
alpha-only,win32\core_asyncfileio_win32.cpp,0x00202160,
alpha-only,win32\core_filedisk_win32.cpp,0x00201884,
alpha-only,win32\core_thread_win32.cpp,0x00202094,
alpha-only,win32\driver_stream_win32.cpp,0x00200D14,
retail-only,Wood,,0x00229B3C
shared,world,0x001F7370,0x002366CC
alpha-only,World update,0x001FAFEC,
alpha-only,world.Load,0x001FC440,
alpha-only,World::Draw,0x001F7E9C,
alpha-only,world\hkWorld.cpp,0x001F41A8,
alpha-only,WorldObject,0x001EC0B0,
alpha-only,worldObject,0x001EE2A8,
alpha-only,wrong API stack,0x001FE23C,
alpha-only,wrong count,0x001FE728,
alpha-only,wrong count for nblocks,0x001FE24C,
alpha-only,wrong levels,0x001FEAD4,
alpha-only,wrong list end,0x001FEAE4,
alpha-only,wrong stack,0x001FD72C,
alpha-only,WSQhHk ,0x001414F6,
alpha-only,wt.iface,0x001E964C,
retail-only,WUUU,,0x0029FA04 | 0x0029FA7C
alpha-only,WVh\2 ,0x0013854B,
retail-only,WVVV,,0x0029F88C
alpha-only,WWWh,0x001D70F4 | 0x001DF742,
retail-only,WWWW,,0x0029F80C
shared,WWWWh ,0x000756E1,0x000B338F
alpha-only,x > 0 && x < symCount,0x00202260,
retail-only,"X%(\""",,0x000F472F
shared,X8p ,0x00221008,0x00251DB0
shared,X94<,0x001D39E0 | 0x001F89F8 | 0x001F8A58 | 0x001F8AE8 | 0x001F8C98 | 0x001F8CF8 | 0x001F8D58 | 0x001F8E78,0x001F77C8 | 0x00232B18 | 0x00232B78 | 0x00232C08 | 0x00232DB8 | 0x00232E18 | 0x00232E78 | 0x00232F98
shared,Xbox,0x00200CB8,0x00233FE4
alpha-only,XBOX 1.0,0x001E24C8,
alpha-only,"Xbox dev, Mar 12 2004, 14:56:11",0x00200C2C,
retail-only,"Xbox release, May  4 2005, 16:53:39",,0x00233AA8
alpha-only,xbox\core_clock_xbox.cpp,0x00201AC0,
alpha-only,xbox\graphics_blur_xbox.cpp,0x0020E590,
alpha-only,xbox\graphics_burn_xbox.cpp,0x0020E4DC,
alpha-only,xbox\graphics_cachemanager_xbox.cpp,0x001F7778,
alpha-only,xbox\graphics_dof_xbox.cpp,0x001F752C,
alpha-only,xbox\graphics_greyscale_xbox.cpp,0x0020E66C,
alpha-only,xbox\graphics_interfacetextdraw_xbox.cpp,0x0020E6EC,
alpha-only,xbox\graphics_mesh_xbox.cpp,0x001F765C,
alpha-only,xbox\graphics_motionblur_xbox.cpp,0x0020E61C,
alpha-only,xbox\graphics_particlemanagerpoint_xbox.cpp,0x001F7A5C,
alpha-only,xbox\graphics_particlemanagerquad_xbox.cpp,0x001F7994,
alpha-only,xbox\graphics_particlesquad_xbox.cpp,0x001F6EA4,
alpha-only,xbox\graphics_renderer_xbox.cpp,0x001F62A4,
alpha-only,xbox\graphics_rendererimmediate_xbox.cpp,0x001F71C0,
alpha-only,xbox\graphics_rendererstring_xbox.cpp,0x001F6514,
alpha-only,xbox\graphics_skin_xbox.cpp,0x001F6C20,
alpha-only,xbox\graphics_skindraw_xbox.cpp,0x001F6E44,
alpha-only,xbox\graphics_soften_xbox.cpp,0x0020E6B4,
alpha-only,xbox\graphics_terrain_xbox.cpp,0x001F76E0,
alpha-only,xbox\graphics_terraindraw_xbox.cpp,0x001F75F4,
alpha-only,xbox\graphics_texturemanager_xbox.cpp,0x001F6B04,
alpha-only,xbox\graphics_worlddraw_xbox.cpp,0x001F7E78,
alpha-only,xbox\movie_xbox.cpp,0x001F5E64,
alpha-only,xbox\sound_bufferresident_xbox.cpp,0x001F94A8,
alpha-only,xbox\sound_manager_xbox.cpp,0x001F8968,
shared,XBOX_A,0x001FFD5C,0x002356E4
shared,XBOX_B,0x001FFD54,0x002356DC
shared,XBOX_BACK,0x001FFD88,0x00235710
shared,XBOX_BLACK,0x001FFD38,0x002356C0
shared,XBOX_DOWN,0x001FFDB8,0x00235740
shared,XBOX_LEFT,0x001FFDAC,0x00235734
shared,XBOX_LEFT_THUMB,0x001FFD78,0x00235700
shared,XBOX_LEFT_TRIGGER,0x001FFD18,0x002356A0
shared,XBOX_RIGHT,0x001FFDA0,0x00235728
shared,XBOX_RIGHT_THUMB,0x001FFD64,0x002356EC
shared,XBOX_RIGHT_TRIGGER,0x001FFD04,0x0023568C
shared,XBOX_START,0x001FFD94,0x0023571C
shared,XBOX_UP,0x001FFDC4,0x0023574C
shared,XBOX_WHITE,0x001FFD2C,0x002356B4
shared,XBOX_X,0x001FFD4C,0x002356D4
shared,XBOX_Y,0x001FFD44,0x002356CC
alpha-only,xbx\devices_gamepad_xbx.cpp,0x001FF7B0,
alpha-only,xbx\devices_xbx.cpp,0x001FF898,
retail-only,XGetTerritory,,0x00233D47
alpha-only,XNetStartup failed,0x00200AB4,
retail-only,Xppp,,0x0029F684
retail-only,XPR0,,0x0029C420 | 0x0029EC20
retail-only,xt1#,,0x0023321B
retail-only,Y%PP#,,0x000F79B5
alpha-only,Yh@6+,0x000750DC,
retail-only,Yh@y(,,0x000B6A5D
alpha-only,YHp ,0x0021FB28 | 0x002202F8 | 0x00223C78 | 0x00223DF0 | 0x00224050,
alpha-only,you want to clone an object that haven't been registered,0x001F6944,
alpha-only,you want to unregister an object that haven't been registered,0x001F6980,
alpha-only,Your anim is NULL,0x0020E2E8,
alpha-only,z > F32_EPSILON,0x001F62C4,
retail-only,"z#h,W$",,0x000239F4
retail-only,zapomatic,,0x0022AFF0
alpha-only,zDdefault_pedestrian_engage,0x001EE03A,
retail-only,ZERO,,0x002286E4
retail-only,ZERO ,,0x00228734
alpha-only,zero diagonal on back substitution,0x0020B1C4,
alpha-only,zero divisors during back substitute,0x002081EC,
alpha-only,zero divisors during gaussian elimination,0x002081C0,
alpha-only,zero pivot for Gaussian elimination,0x0020B200,
alpha-only,"{%16.8f, %16.8f, %16.8f}",0x0020BD28,
alpha-only,{8driver_overlap.cpp,0x0020065A,
alpha-only,{appearance {-normal -edge normscale 0} ,0x0020C5B8,
alpha-only,|$ j,0x0014D8C2,
alpha-only,|$@]j,0x00136F91,
retail-only,|$Dj,,0x00089B90
alpha-only,|$Lj,0x000C36FD,
alpha-only,|>;5 3+,0x001E5FDB,
retail-only,|gXxxi,,0x002920F0
retail-only,|motionblur,,0x0022E078
