target,referenceCount,tableLocations,functionStart,dispatchable,status
0x00011220,6,.rdata:0x00225D4C | .rdata:0x00225F24 | .rdata:0x0022658C | .rdata:0x002267B4 | .rdata:0x0022694C | .rdata:0x00226B1C,1,1,covered-function-start
0x00011270,10,.rdata:0x00225CB0 | .rdata:0x00225E88 | .rdata:0x00226040 | .rdata:0x002261A8 | .rdata:0x00226338 | .rdata:0x002264F0 | .rdata:0x00226718 | .rdata:0x002268B0 | .rdata:0x00226A80 | .rdata:0x00226C60,0,1,internal-target-covered
0x00011290,10,.rdata:0x00225CF0 | .rdata:0x00225EC8 | .rdata:0x00226080 | .rdata:0x002261E8 | .rdata:0x00226378 | .rdata:0x00226530 | .rdata:0x00226758 | .rdata:0x002268F0 | .rdata:0x00226AC0 | .rdata:0x00226CA0,1,1,covered-function-start
0x00011340,9,.rdata:0x00225DC8 | .rdata:0x00225FA0 | .rdata:0x00226158 | .rdata:0x002262C0 | .rdata:0x00226450 | .rdata:0x00226608 | .rdata:0x00226830 | .rdata:0x002269C8 | .rdata:0x00226B98,1,1,covered-function-start
0x000113D0,1,.rdata:0x00225D98,1,1,covered-function-start
0x00011470,10,.rdata:0x00225D80 | .rdata:0x00225F58 | .rdata:0x00226110 | .rdata:0x00226278 | .rdata:0x00226408 | .rdata:0x002265C0 | .rdata:0x002267E8 | .rdata:0x00226980 | .rdata:0x00226B50 | .rdata:0x00226D30,1,1,covered-function-start
0x00011560,10,.rdata:0x00225D84 | .rdata:0x00225F5C | .rdata:0x00226114 | .rdata:0x0022627C | .rdata:0x0022640C | .rdata:0x002265C4 | .rdata:0x002267EC | .rdata:0x00226984 | .rdata:0x00226B54 | .rdata:0x00226D34,1,1,covered-function-start
0x00011630,1,.rdata:0x0022C8A8,1,1,covered-function-start
0x00011650,1,.rdata:0x00225D30,1,1,covered-function-start
0x000117D0,4,.rdata:0x00225D48 | .rdata:0x002260D8 | .rdata:0x002263D0 | .rdata:0x00226588,1,1,covered-function-start
0x00011860,9,.rdata:0x00225D9C | .rdata:0x00225F74 | .rdata:0x0022612C | .rdata:0x00226424 | .rdata:0x002265DC | .rdata:0x00226804 | .rdata:0x0022699C | .rdata:0x00226B6C | .rdata:0x00226D4C,1,1,covered-function-start
0x000118C0,9,.rdata:0x00225D64 | .rdata:0x00225F3C | .rdata:0x002260F4 | .rdata:0x002263EC | .rdata:0x002265A4 | .rdata:0x002267CC | .rdata:0x00226964 | .rdata:0x00226B34 | .rdata:0x00226D14,1,1,covered-function-start
0x00011990,9,.rdata:0x00225D3C | .rdata:0x00225F14 | .rdata:0x002260CC | .rdata:0x00226234 | .rdata:0x002263C4 | .rdata:0x0022657C | .rdata:0x002267A4 | .rdata:0x0022693C | .rdata:0x00226B0C,1,1,covered-function-start
0x00011B10,1,.rdata:0x002264E4,0,1,internal-target-covered
0x00011B80,2,.rdata:0x002264E8 | .rdata:0x0022C8AC,1,1,covered-function-start
0x00011CB0,9,.rdata:0x00225DA0 | .rdata:0x00225F78 | .rdata:0x00226130 | .rdata:0x00226428 | .rdata:0x002265E0 | .rdata:0x00226808 | .rdata:0x002269A0 | .rdata:0x00226B70 | .rdata:0x00226D50,1,1,covered-function-start
0x00011F20,5,.rdata:0x002264DC | .rdata:0x0022C8A0 | .rdata:0x0022C9CC | .rdata:0x0022D454 | .rdata:0x0022E5CC,0,1,internal-target-covered
0x00011F30,5,.rdata:0x002264E0 | .rdata:0x0022C8A4 | .rdata:0x0022C9D0 | .rdata:0x0022D458 | .rdata:0x0022E5D0,1,1,covered-function-start
0x00011F40,35,.rdata:0x00225CFC | .rdata:0x00225ED4 | .rdata:0x0022608C | .rdata:0x002261F4 | .rdata:0x00226384 | .rdata:0x0022653C | .rdata:0x00226764 | .rdata:0x002268FC | .rdata:0x00226ACC | .rdata:0x00226CAC | .rdata:0x0022904C | .rdata:0x00229374 | .rdata:0x002299DC | .rdata:0x00229A9C | .rdata:0x00229BCC | .rdata:0x0022B44C | .rdata:0x0022B5E4 | .rdata:0x0022C8FC | .rdata:0x0022CA44 | .rdata:0x0022D4E4 | .rdata:0x0022DDA4 | .rdata:0x0022DE3C | .rdata:0x0022DED4 | .rdata:0x0022E024 | .rdata:0x0022E62C | .rdata:0x0022E81C | .rdata:0x0022ED24 | .rdata:0x0022FC5C | .rdata:0x00230064 | .rdata:0x00235914 | .rdata:0x00235AA4 | .rdata:0x00235E64 | .rdata:0x0023688C | .rdata:0x00236C54 | .rdata:0x00236CF4,1,1,covered-function-start
0x00011F60,33,.rdata:0x00225D18 | .rdata:0x00225EF0 | .rdata:0x002260A8 | .rdata:0x00226210 | .rdata:0x002263A0 | .rdata:0x00226558 | .rdata:0x00226780 | .rdata:0x00226918 | .rdata:0x00226AE8 | .rdata:0x00229068 | .rdata:0x00229390 | .rdata:0x002299F8 | .rdata:0x00229AB8 | .rdata:0x00229BE8 | .rdata:0x0022B468 | .rdata:0x0022B600 | .rdata:0x0022C918 | .rdata:0x0022D500 | .rdata:0x0022DDC0 | .rdata:0x0022DE58 | .rdata:0x0022DEF0 | .rdata:0x0022E040 | .rdata:0x0022E648 | .rdata:0x0022E838 | .rdata:0x0022ED40 | .rdata:0x0022FC78 | .rdata:0x00230080 | .rdata:0x00235930 | .rdata:0x00235AC0 | .rdata:0x00235E80 | .rdata:0x002368A8 | .rdata:0x00236C70 | .rdata:0x00236D10,1,1,covered-function-start
0x00011F90,34,.rdata:0x00225D24 | .rdata:0x00225EFC | .rdata:0x002260B4 | .rdata:0x0022621C | .rdata:0x002263AC | .rdata:0x00226564 | .rdata:0x0022678C | .rdata:0x00226924 | .rdata:0x00226AF4 | .rdata:0x00226CD4 | .rdata:0x00229074 | .rdata:0x0022939C | .rdata:0x00229A04 | .rdata:0x00229AC4 | .rdata:0x00229BF4 | .rdata:0x0022B474 | .rdata:0x0022B60C | .rdata:0x0022C924 | .rdata:0x0022D50C | .rdata:0x0022DDCC | .rdata:0x0022DE64 | .rdata:0x0022DEFC | .rdata:0x0022E04C | .rdata:0x0022E654 | .rdata:0x0022E844 | .rdata:0x0022ED4C | .rdata:0x0022FC84 | .rdata:0x0023008C | .rdata:0x0023593C | .rdata:0x00235ACC | .rdata:0x00235E8C | .rdata:0x002368B4 | .rdata:0x00236C7C | .rdata:0x00236D1C,1,1,covered-function-start
0x00011FA0,34,.rdata:0x00225D20 | .rdata:0x00225EF8 | .rdata:0x002260B0 | .rdata:0x00226218 | .rdata:0x002263A8 | .rdata:0x00226560 | .rdata:0x00226788 | .rdata:0x00226920 | .rdata:0x00226AF0 | .rdata:0x00226CD0 | .rdata:0x00229070 | .rdata:0x00229398 | .rdata:0x00229A00 | .rdata:0x00229AC0 | .rdata:0x00229BF0 | .rdata:0x0022B470 | .rdata:0x0022B608 | .rdata:0x0022C920 | .rdata:0x0022D508 | .rdata:0x0022DDC8 | .rdata:0x0022DE60 | .rdata:0x0022DEF8 | .rdata:0x0022E048 | .rdata:0x0022E650 | .rdata:0x0022E840 | .rdata:0x0022ED48 | .rdata:0x0022FC80 | .rdata:0x00230088 | .rdata:0x00235938 | .rdata:0x00235AC8 | .rdata:0x00235E88 | .rdata:0x002368B0 | .rdata:0x00236C78 | .rdata:0x00236D18,0,1,internal-target-covered
0x00011FC0,35,.rdata:0x00225D28 | .rdata:0x00225F00 | .rdata:0x002260B8 | .rdata:0x00226220 | .rdata:0x002263B0 | .rdata:0x00226568 | .rdata:0x00226790 | .rdata:0x00226928 | .rdata:0x00226AF8 | .rdata:0x00226CD8 | .rdata:0x00229078 | .rdata:0x002293A0 | .rdata:0x00229A08 | .rdata:0x00229AC8 | .rdata:0x00229BF8 | .rdata:0x0022B478 | .rdata:0x0022B610 | .rdata:0x0022C928 | .rdata:0x0022CA70 | .rdata:0x0022D510 | .rdata:0x0022DDD0 | .rdata:0x0022DE68 | .rdata:0x0022DF00 | .rdata:0x0022E050 | .rdata:0x0022E658 | .rdata:0x0022E848 | .rdata:0x0022ED50 | .rdata:0x0022FC88 | .rdata:0x00230090 | .rdata:0x00235940 | .rdata:0x00235AD0 | .rdata:0x00235E90 | .rdata:0x002368B8 | .rdata:0x00236C80 | .rdata:0x00236D20,1,1,covered-function-start
0x00011FD0,34,.rdata:0x00225D2C | .rdata:0x00225F04 | .rdata:0x002260BC | .rdata:0x00226224 | .rdata:0x002263B4 | .rdata:0x0022656C | .rdata:0x00226794 | .rdata:0x0022692C | .rdata:0x00226AFC | .rdata:0x00226CDC | .rdata:0x0022907C | .rdata:0x002293A4 | .rdata:0x00229A0C | .rdata:0x00229ACC | .rdata:0x00229BFC | .rdata:0x0022B47C | .rdata:0x0022B614 | .rdata:0x0022C92C | .rdata:0x0022D514 | .rdata:0x0022DDD4 | .rdata:0x0022DE6C | .rdata:0x0022DF04 | .rdata:0x0022E054 | .rdata:0x0022E65C | .rdata:0x0022E84C | .rdata:0x0022ED54 | .rdata:0x0022FC8C | .rdata:0x00230094 | .rdata:0x00235944 | .rdata:0x00235AD4 | .rdata:0x00235E94 | .rdata:0x002368BC | .rdata:0x00236C84 | .rdata:0x00236D24,0,1,internal-target-covered
0x00011FE0,14,.rdata:0x00225E44 | .rdata:0x00225FFC | .rdata:0x0022649C | .rdata:0x002266D4 | .rdata:0x0022686C | .rdata:0x00226A3C | .rdata:0x00226C04 | .rdata:0x00228FA4 | .rdata:0x0022C98C | .rdata:0x0022D414 | .rdata:0x0022E58C | .rdata:0x0022E78C | .rdata:0x0022EC94 | .rdata:0x00235884,0,1,internal-target-covered
0x00011FF0,14,.rdata:0x00225E50 | .rdata:0x00226008 | .rdata:0x002264A8 | .rdata:0x002266E0 | .rdata:0x00226878 | .rdata:0x00226A48 | .rdata:0x00226C10 | .rdata:0x00228FB0 | .rdata:0x0022C998 | .rdata:0x0022D420 | .rdata:0x0022E598 | .rdata:0x0022E798 | .rdata:0x0022ECA0 | .rdata:0x00235890,1,1,covered-function-start
0x00012000,14,.rdata:0x00225E54 | .rdata:0x0022600C | .rdata:0x002264AC | .rdata:0x002266E4 | .rdata:0x0022687C | .rdata:0x00226A4C | .rdata:0x00226C14 | .rdata:0x00228FB4 | .rdata:0x0022C99C | .rdata:0x0022D424 | .rdata:0x0022E59C | .rdata:0x0022E79C | .rdata:0x0022ECA4 | .rdata:0x00235894,1,1,covered-function-start
0x00012010,14,.rdata:0x00225E64 | .rdata:0x0022601C | .rdata:0x002264BC | .rdata:0x002266F4 | .rdata:0x0022688C | .rdata:0x00226A5C | .rdata:0x00226C24 | .rdata:0x00228FC4 | .rdata:0x0022C9AC | .rdata:0x0022D434 | .rdata:0x0022E5AC | .rdata:0x0022E7AC | .rdata:0x0022ECB4 | .rdata:0x002358A4,1,1,covered-function-start
0x00012030,9,.rdata:0x00225E68 | .rdata:0x00226020 | .rdata:0x002264C0 | .rdata:0x002266F8 | .rdata:0x00226890 | .rdata:0x00226A60 | .rdata:0x00226C28 | .rdata:0x00228FC8 | .rdata:0x002358A8,1,1,covered-function-start
0x00012040,15,.rdata:0x00225E6C | .rdata:0x00226024 | .rdata:0x002264C4 | .rdata:0x002266FC | .rdata:0x00226894 | .rdata:0x00226A64 | .rdata:0x00226C2C | .rdata:0x00228FCC | .rdata:0x002292FC | .rdata:0x0022C9B4 | .rdata:0x0022D43C | .rdata:0x0022E5B4 | .rdata:0x0022E7B4 | .rdata:0x0022ECBC | .rdata:0x002358AC,1,1,covered-function-start
0x00012050,9,.rdata:0x00225E2C | .rdata:0x00225FE4 | .rdata:0x00226484 | .rdata:0x002266BC | .rdata:0x00226854 | .rdata:0x00226A24 | .rdata:0x00226BEC | .rdata:0x00228F8C | .rdata:0x0023586C,1,1,covered-function-start
0x00012060,72,.rdata:0x00225CC4 | .rdata:0x00225CC8 | .rdata:0x00225CD8 | .rdata:0x00225CDC | .rdata:0x00225E9C | .rdata:0x00225EA0 | .rdata:0x00225EB0 | .rdata:0x00225EB4 | .rdata:0x00226054 | .rdata:0x00226058 | .rdata:0x00226068 | .rdata:0x0022606C | .rdata:0x002261BC | .rdata:0x002261C0 | .rdata:0x002261D0 | .rdata:0x002261D4 | .rdata:0x0022634C | .rdata:0x00226350 | .rdata:0x00226360 | .rdata:0x00226364 | .rdata:0x00226504 | .rdata:0x00226508 | .rdata:0x00226518 | .rdata:0x0022651C | .rdata:0x0022672C | .rdata:0x00226730 | .rdata:0x00226740 | .rdata:0x00226744 | .rdata:0x002268C4 | .rdata:0x002268C8 | .rdata:0x002268D8 | .rdata:0x002268DC | .rdata:0x00226A94 | .rdata:0x00226A98 | .rdata:0x00226AA8 | .rdata:0x00226AAC | .rdata:0x00226C74 | .rdata:0x00226C78 | .rdata:0x00226C88 | .rdata:0x00226C8C | .rdata:0x00229014 | .rdata:0x00229018 | .rdata:0x00229028 | .rdata:0x0022902C | .rdata:0x0022933C | .rdata:0x00229340 | .rdata:0x00229350 | .rdata:0x00229354 | .rdata:0x0022CA0C | .rdata:0x0022CA10 | .rdata:0x0022CA20 | .rdata:0x0022CA24 | .rdata:0x0022D4AC | .rdata:0x0022D4B0 | .rdata:0x0022D4C0 | .rdata:0x0022D4C4 | .rdata:0x0022E5F4 | .rdata:0x0022E5F8 | .rdata:0x0022E608 | .rdata:0x0022E60C | .rdata:0x0022E7E4 | .rdata:0x0022E7E8 | .rdata:0x0022E7F8 | .rdata:0x0022E7FC | .rdata:0x0022ECEC | .rdata:0x0022ECF0 | .rdata:0x0022ED00 | .rdata:0x0022ED04 | .rdata:0x002358DC | .rdata:0x002358E0 | .rdata:0x002358F0 | .rdata:0x002358F4,1,1,covered-function-start
0x00012070,14,.rdata:0x00225E30 | .rdata:0x00225FE8 | .rdata:0x00226488 | .rdata:0x002266C0 | .rdata:0x00226858 | .rdata:0x00226A28 | .rdata:0x00226BF0 | .rdata:0x00228F90 | .rdata:0x0022C978 | .rdata:0x0022D400 | .rdata:0x0022E578 | .rdata:0x0022E778 | .rdata:0x0022EC80 | .rdata:0x00235870,1,1,covered-function-start
0x00012080,14,.rdata:0x00225E34 | .rdata:0x00225FEC | .rdata:0x0022648C | .rdata:0x002266C4 | .rdata:0x0022685C | .rdata:0x00226A2C | .rdata:0x00226BF4 | .rdata:0x00228F94 | .rdata:0x0022C97C | .rdata:0x0022D404 | .rdata:0x0022E57C | .rdata:0x0022E77C | .rdata:0x0022EC84 | .rdata:0x00235874,1,1,covered-function-start
0x00012090,17,.rdata:0x00225D60 | .rdata:0x00225F38 | .rdata:0x002260F0 | .rdata:0x00226258 | .rdata:0x002263E8 | .rdata:0x002265A0 | .rdata:0x002267C8 | .rdata:0x00226960 | .rdata:0x00226B30 | .rdata:0x00226D10 | .rdata:0x002290B0 | .rdata:0x0022CAA8 | .rdata:0x0022D548 | .rdata:0x0022E690 | .rdata:0x0022E880 | .rdata:0x0022ED88 | .rdata:0x00235978,1,1,covered-function-start
0x000120A3,1,.rdata:0x0023C460,0,0,internal-target-candidate
0x000120B0,14,.rdata:0x00225E70 | .rdata:0x00226028 | .rdata:0x002264C8 | .rdata:0x00226700 | .rdata:0x00226898 | .rdata:0x00226A68 | .rdata:0x00226C30 | .rdata:0x00228FD0 | .rdata:0x0022C9B8 | .rdata:0x0022D440 | .rdata:0x0022E5B8 | .rdata:0x0022E7B8 | .rdata:0x0022ECC0 | .rdata:0x002358B0,1,1,covered-function-start
0x000120E0,17,.rdata:0x00225D00 | .rdata:0x00225ED8 | .rdata:0x00226090 | .rdata:0x002261F8 | .rdata:0x00226388 | .rdata:0x00226540 | .rdata:0x00226768 | .rdata:0x00226900 | .rdata:0x00226AD0 | .rdata:0x00226CB0 | .rdata:0x00229050 | .rdata:0x0022CA48 | .rdata:0x0022D4E8 | .rdata:0x0022E630 | .rdata:0x0022E820 | .rdata:0x0022ED28 | .rdata:0x00235918,1,1,covered-function-start
0x000120F0,4,.rdata:0x0022664C | .rdata:0x00226650 | .rdata:0x0022E504 | .rdata:0x0022E508,1,1,covered-function-start
0x00012100,1,.rdata:0x00226654,1,1,covered-function-start
0x00012110,1,.rdata:0x00226658,0,1,internal-target-covered
0x00012120,2,.rdata:0x0022665C | .rdata:0x0022E514,0,1,internal-target-covered
0x00012130,2,.rdata:0x00226660 | .rdata:0x0022E518,0,1,internal-target-covered
0x00012140,1,.rdata:0x00226664,0,1,internal-target-covered
0x00012150,2,.rdata:0x00226668 | .rdata:0x0022E520,0,1,internal-target-covered
0x00012160,1,.rdata:0x0022666C,0,1,internal-target-covered
0x00012170,2,.rdata:0x00226670 | .rdata:0x0022E528,0,1,internal-target-covered
0x00012180,2,.rdata:0x00226674 | .rdata:0x0022E52C,0,1,internal-target-covered
0x00012190,2,.rdata:0x00226678 | .rdata:0x0022E530,0,1,internal-target-covered
0x000121A0,2,.rdata:0x0022667C | .rdata:0x0022E534,0,1,internal-target-covered
0x000121B0,2,.rdata:0x00226680 | .rdata:0x0022E538,0,1,internal-target-covered
0x000121C0,2,.rdata:0x00226688 | .rdata:0x0022E540,0,1,internal-target-covered
0x000121D0,2,.rdata:0x00226684 | .rdata:0x0022E53C,0,1,internal-target-covered
0x000121E0,2,.rdata:0x0022668C | .rdata:0x0022E544,0,1,internal-target-covered
0x000121F0,2,.rdata:0x00226690 | .rdata:0x0022E548,0,1,internal-target-covered
0x00012200,2,.rdata:0x00226694 | .rdata:0x0022E54C,0,1,internal-target-covered
0x00012210,2,.rdata:0x00226698 | .rdata:0x0022E550,0,1,internal-target-covered
0x00012220,2,.rdata:0x0022669C | .rdata:0x0022E554,0,1,internal-target-covered
0x00012230,2,.rdata:0x002266A0 | .rdata:0x0022E558,0,1,internal-target-covered
0x00012240,2,.rdata:0x002266A8 | .rdata:0x0022E560,0,1,internal-target-covered
0x00012250,2,.rdata:0x002266A4 | .rdata:0x0022E55C,0,1,internal-target-covered
0x00012260,2,.rdata:0x002266AC | .rdata:0x0022E564,0,1,internal-target-covered
0x00012270,2,.rdata:0x002266B0 | .rdata:0x0022E568,0,1,internal-target-covered
0x00012280,1,.rdata:0x00225CCC,0,0,internal-target-candidate
0x000122B0,1,.rdata:0x00225CD0,1,1,covered-function-start
0x000122C0,30,.rdata:0x00225E38 | .rdata:0x00225E3C | .rdata:0x00225FF0 | .rdata:0x00225FF4 | .rdata:0x00226490 | .rdata:0x00226494 | .rdata:0x002266C8 | .rdata:0x002266CC | .rdata:0x00226860 | .rdata:0x00226864 | .rdata:0x00226A30 | .rdata:0x00226A34 | .rdata:0x00226BF8 | .rdata:0x00226BFC | .rdata:0x00228F98 | .rdata:0x00228F9C | .rdata:0x002292C8 | .rdata:0x002292CC | .rdata:0x0022C980 | .rdata:0x0022C984 | .rdata:0x0022D408 | .rdata:0x0022D40C | .rdata:0x0022E580 | .rdata:0x0022E584 | .rdata:0x0022E780 | .rdata:0x0022E784 | .rdata:0x0022EC88 | .rdata:0x0022EC8C | .rdata:0x00235878 | .rdata:0x0023587C,1,1,covered-function-start
0x000122D0,30,.rdata:0x00225E7C | .rdata:0x00225E80 | .rdata:0x00226034 | .rdata:0x00226038 | .rdata:0x002264D4 | .rdata:0x002264D8 | .rdata:0x0022670C | .rdata:0x00226710 | .rdata:0x002268A4 | .rdata:0x002268A8 | .rdata:0x00226A74 | .rdata:0x00226A78 | .rdata:0x00226C3C | .rdata:0x00226C40 | .rdata:0x00228FDC | .rdata:0x00228FE0 | .rdata:0x0022930C | .rdata:0x00229310 | .rdata:0x0022C9C4 | .rdata:0x0022C9C8 | .rdata:0x0022D44C | .rdata:0x0022D450 | .rdata:0x0022E5C4 | .rdata:0x0022E5C8 | .rdata:0x0022E7C4 | .rdata:0x0022E7C8 | .rdata:0x0022ECCC | .rdata:0x0022ECD0 | .rdata:0x002358BC | .rdata:0x002358C0,0,1,internal-target-covered
0x000122E0,17,.rdata:0x00225D5C | .rdata:0x00225F34 | .rdata:0x002260EC | .rdata:0x00226254 | .rdata:0x002263E4 | .rdata:0x0022659C | .rdata:0x002267C4 | .rdata:0x0022695C | .rdata:0x00226B2C | .rdata:0x00226D0C | .rdata:0x002290AC | .rdata:0x0022CAA4 | .rdata:0x0022D544 | .rdata:0x0022E68C | .rdata:0x0022E87C | .rdata:0x0022ED84 | .rdata:0x00235974,0,1,internal-target-covered
0x00012580,1,.rdata:0x00225CD4,1,1,covered-function-start
0x000126D0,1,.rdata:0x00225EA4,1,1,covered-function-start
0x00012700,1,.rdata:0x00225EA8,0,0,internal-target-candidate
0x00012710,1,.rdata:0x00225F1C,1,1,covered-function-start
0x00012720,1,.rdata:0x00225E60,1,1,covered-function-start
0x00012730,4,.rdata:0x00225F80 | .rdata:0x00225F84 | .rdata:0x002265E8 | .rdata:0x002265EC,1,1,covered-function-start
0x00012740,2,.rdata:0x00225F98 | .rdata:0x00225F9C,1,1,covered-function-start
0x000127C0,2,.rdata:0x00225F08 | .rdata:0x00226798,1,1,covered-function-start
0x000127D0,1,.rdata:0x00225F20,0,0,internal-target-candidate
0x000127E0,1,.rdata:0x00225EAC,0,0,internal-target-candidate
0x00012800,1,.rdata:0x00225F70,1,1,covered-function-start
0x000128B0,1,.rdata:0x00225F44,1,1,covered-function-start
0x00012900,1,.rdata:0x00225F7C,0,0,internal-target-candidate
0x00012990,2,.rdata:0x00225F68 | .rdata:0x002265D0,1,1,covered-function-start
0x00012A10,1,.rdata:0x0022605C,0,0,internal-target-candidate
0x00012A40,1,.rdata:0x00226060,0,0,internal-target-candidate
0x00012A50,3,.rdata:0x002260D4 | .rdata:0x0022623C | .rdata:0x002263CC,1,1,covered-function-start
0x00012A60,3,.rdata:0x002260DC | .rdata:0x002263D4 | .rdata:0x00226CFC,1,1,covered-function-start
0x00012A70,1,.rdata:0x00226018,0,1,internal-target-covered
0x00012A90,1,.rdata:0x00226064,1,1,covered-function-start
0x00012AB0,2,.rdata:0x002260C0 | .rdata:0x002263B8,1,1,covered-function-start
0x00012EA0,3,.rdata:0x002260F8 | .rdata:0x00226260 | .rdata:0x002263F0,1,1,covered-function-start
0x00012F40,2,.rdata:0x002260FC | .rdata:0x002263F4,1,1,covered-function-start
0x00013070,3,.rdata:0x00226120 | .rdata:0x00226288 | .rdata:0x00226418,1,1,covered-function-start
0x000131F0,3,.rdata:0x00226124 | .rdata:0x0022628C | .rdata:0x0022641C,1,1,covered-function-start
0x00013350,2,.rdata:0x00226128 | .rdata:0x00226420,1,1,covered-function-start
0x00013670,1,.rdata:0x00225FE0,1,1,covered-function-start
0x000137BB,1,.rdata:0x0023C470,0,0,internal-target-candidate
0x000139B0,1,.rdata:0x00226244,1,1,covered-function-start
0x000139C0,1,.rdata:0x00226298,0,1,internal-target-covered
0x00013A00,1,.rdata:0x00226228,1,1,covered-function-start
0x00013A60,1,.rdata:0x00226240,1,1,covered-function-start
0x00013AB0,1,.rdata:0x00226294,0,1,internal-target-covered
0x00013D30,1,.rdata:0x002261C4,1,1,covered-function-start
0x00013D70,1,.rdata:0x002261C8,1,1,covered-function-start
0x00013D80,4,.rdata:0x002262A0 | .rdata:0x002262A4 | .rdata:0x00226430 | .rdata:0x00226434,1,1,covered-function-start
0x00013D90,2,.rdata:0x002262B8 | .rdata:0x002262BC,1,1,covered-function-start
0x00013DA0,1,.rdata:0x002262C4,1,1,covered-function-start
0x00013DB0,3,.rdata:0x002262A8 | .rdata:0x00230F34 | .rdata:0x00231DA8,1,1,covered-function-start
0x00013E5E,1,.rdata:0x0023C71C,0,0,internal-target-candidate
0x00013EA0,1,.rdata:0x0022625C,0,1,internal-target-covered
0x00013EE0,1,.rdata:0x002261CC,1,1,covered-function-start
0x00013FC0,1,.rdata:0x00226264,1,1,covered-function-start
0x000148A0,1,.rdata:0x0022629C,1,1,covered-function-start
0x00015240,1,.rdata:0x00226290,1,1,covered-function-start
0x000152D0,1,.rdata:0x002262C8,0,1,internal-target-covered
0x00015440,2,.rdata:0x00226448 | .rdata:0x0022644C,1,1,covered-function-start
0x000154D0,1,.rdata:0x00226354,1,1,covered-function-start
0x00015510,1,.rdata:0x00226358,1,1,covered-function-start
0x00015570,1,.rdata:0x0022635C,0,1,internal-target-covered
0x00015660,6,.rdata:0x00225DA4 | .rdata:0x00226134 | .rdata:0x0022642C | .rdata:0x002265E4 | .rdata:0x0022680C | .rdata:0x00226B74,1,1,covered-function-start
0x000158F0,4,.rdata:0x00225D6C | .rdata:0x002265AC | .rdata:0x002267D4 | .rdata:0x00226B3C,1,1,covered-function-start
0x00015AB0,1,.rdata:0x0022650C,0,1,internal-target-covered
0x00015AE0,1,.rdata:0x00226510,0,0,internal-target-candidate
0x00015AF0,1,.rdata:0x00226584,1,1,covered-function-start
0x00015B00,2,.rdata:0x00226600 | .rdata:0x00226604,1,1,covered-function-start
0x00015B10,1,.rdata:0x00226570,1,1,covered-function-start
0x00015CE0,1,.rdata:0x00226514,1,1,covered-function-start
0x00015D00,1,.rdata:0x00226480,1,1,covered-function-start
0x00015D40,1,.rdata:0x002265D8,1,1,covered-function-start
0x00015F20,2,.rdata:0x002267B0 | .rdata:0x00226948,1,1,covered-function-start
0x00015F70,3,.rdata:0x002267D8 | .rdata:0x00226970 | .rdata:0x00226B40,1,1,covered-function-start
0x00015F90,3,.rdata:0x002267F8 | .rdata:0x00226990 | .rdata:0x00226B60,1,1,covered-function-start
0x00015FC0,3,.rdata:0x002267FC | .rdata:0x00226994 | .rdata:0x00226B64,0,1,internal-target-covered
0x00016190,1,.rdata:0x00226734,1,1,covered-function-start
0x000161C0,1,.rdata:0x00226738,0,0,internal-target-candidate
0x000161D0,2,.rdata:0x002267AC | .rdata:0x00226B14,1,1,covered-function-start
0x000161E0,3,.rdata:0x002264B8 | .rdata:0x002266F0 | .rdata:0x00226A58,1,1,covered-function-start
0x00016280,1,.rdata:0x0022673C,0,0,internal-target-candidate
0x000164A0,1,.rdata:0x002268CC,1,1,covered-function-start
0x000164E0,1,.rdata:0x002268D0,1,1,covered-function-start
0x000164F0,1,.rdata:0x00226944,1,1,covered-function-start
0x00016500,1,.rdata:0x00226888,1,1,covered-function-start
0x00016510,4,.rdata:0x002269A8 | .rdata:0x002269AC | .rdata:0x00226B78 | .rdata:0x00226B7C,1,1,covered-function-start
0x00016520,2,.rdata:0x002269C0 | .rdata:0x002269C4,1,1,covered-function-start
0x000165B0,1,.rdata:0x002268D4,0,1,internal-target-covered
0x00016870,1,.rdata:0x00226930,1,1,covered-function-start
0x000168C0,1,.rdata:0x002269A4,1,1,covered-function-start
0x000169C0,1,.rdata:0x0022696C,1,1,covered-function-start
0x00016A90,3,.rdata:0x00226800 | .rdata:0x00226998 | .rdata:0x00226B68,0,1,internal-target-covered
0x00016BC0,1,.rdata:0x00226A9C,1,1,covered-function-start
0x00016C00,1,.rdata:0x00226AA0,1,1,covered-function-start
0x00016C10,2,.rdata:0x00226B90 | .rdata:0x00226B94,1,1,covered-function-start
0x00016C80,1,.rdata:0x00226B00,0,1,internal-target-covered
0x00016C90,1,.rdata:0x00226B18,0,1,internal-target-covered
0x00016CA0,1,.rdata:0x00226AA4,0,1,internal-target-covered
0x00016CC0,1,.rdata:0x00226A20,1,1,covered-function-start
0x00016E20,1,.rdata:0x00226CF8,1,1,covered-function-start
0x00016E30,1,.rdata:0x00226C4C,0,1,internal-target-covered
0x00016E70,1,.rdata:0x00226BD4,1,1,covered-function-start
0x00016E8E,1,.rdata:0x0023C46C,0,0,internal-target-candidate
0x00016F00,1,.rdata:0x00226D78,1,1,covered-function-start
0x00017440,1,.rdata:0x00226C7C,1,1,covered-function-start
0x00017470,1,.rdata:0x00226C80,0,1,internal-target-covered
0x00017480,1,.rdata:0x00226BE4,1,1,covered-function-start
0x000174A0,1,.rdata:0x00226D00,1,1,covered-function-start
0x000174E0,1,.rdata:0x00226D04,1,1,covered-function-start
0x000174F0,1,.rdata:0x00226CF4,0,1,internal-target-covered
0x00017500,2,.rdata:0x00226D58 | .rdata:0x00226D5C,1,1,covered-function-start
0x00017510,2,.rdata:0x00226D70 | .rdata:0x00226D74,1,1,covered-function-start
0x00017520,1,.rdata:0x00226D60,1,1,covered-function-start
0x00017540,1,.rdata:0x00226C20,1,1,covered-function-start
0x000178B2,1,.rdata:0x0023B71C,0,0,internal-target-candidate
0x000179F0,1,.rdata:0x00226D40,1,1,covered-function-start
0x00017B60,1,.rdata:0x00226D44,0,1,internal-target-covered
0x00017C60,1,.rdata:0x00226BD8,1,1,covered-function-start
0x00017C90,1,.rdata:0x00226CEC,1,1,covered-function-start
0x00017F30,1,.rdata:0x00226C68,1,1,covered-function-start
0x000187D0,1,.rdata:0x00226CE0,1,1,covered-function-start
0x00018A10,1,.rdata:0x00226C84,0,1,internal-target-covered
0x00018AC0,2,.rdata:0x00226A14 | .rdata:0x00226BDC,0,1,internal-target-covered
0x00018AE0,1,.rdata:0x00226D20,0,1,internal-target-covered
0x00018B20,2,.rdata:0x00226A18 | .rdata:0x00226BE0,1,1,covered-function-start
0x00018B40,1,.rdata:0x00226D54,0,1,internal-target-covered
0x00018C10,1,.rdata:0x00226D1C,1,1,covered-function-start
0x00019010,1,.rdata:0x00226D28,1,1,covered-function-start
0x0001915C,2,.rdata:0x0023B85C | .rdata:0x0023CB7C,0,0,internal-target-candidate
0x0001945A,1,.rdata:0x0023B97C,0,0,internal-target-candidate
0x000194A0,1,.rdata:0x00226BE8,0,1,internal-target-covered
0x00019620,1,.rdata:0x0023B660,0,0,internal-target-candidate
0x0001974B,1,.rdata:0x0023C468,0,0,internal-target-candidate
0x00019B40,1,.rdata:0x00226D48,1,1,covered-function-start
0x00019D40,10,.rdata:0x00225DBC | .rdata:0x00225F94 | .rdata:0x0022614C | .rdata:0x002262B4 | .rdata:0x00226444 | .rdata:0x002265FC | .rdata:0x00226824 | .rdata:0x002269BC | .rdata:0x00226B8C | .rdata:0x00226D6C,0,1,internal-target-covered
0x00019ED6,1,.rdata:0x0023C4F8,0,0,internal-target-candidate
0x0001A1DB,1,.rdata:0x0023C81C,0,0,internal-target-candidate
0x0001A270,10,.rdata:0x00225DB4 | .rdata:0x00225F8C | .rdata:0x00226144 | .rdata:0x002262AC | .rdata:0x0022643C | .rdata:0x002265F4 | .rdata:0x0022681C | .rdata:0x002269B4 | .rdata:0x00226B84 | .rdata:0x00226D64,1,1,covered-function-start
0x0001A320,10,.rdata:0x00225DB8 | .rdata:0x00225F90 | .rdata:0x00226148 | .rdata:0x002262B0 | .rdata:0x00226440 | .rdata:0x002265F8 | .rdata:0x00226820 | .rdata:0x002269B8 | .rdata:0x00226B88 | .rdata:0x00226D68,1,1,covered-function-start
0x0001AEE2,1,.rdata:0x0023B554,0,0,internal-target-candidate
0x0001AF50,20,.rdata:0x00226E90 | .rdata:0x00226F28 | .rdata:0x00227074 | .rdata:0x002271F0 | .rdata:0x00227248 | .rdata:0x00227298 | .rdata:0x002272E8 | .rdata:0x002274E4 | .rdata:0x002275E0 | .rdata:0x0022762C | .rdata:0x002277B8 | .rdata:0x002278E8 | .rdata:0x00227BC8 | .rdata:0x00227C18 | .rdata:0x00227E68 | .rdata:0x00227EC8 | .rdata:0x00227FB4 | .rdata:0x0022806C | .rdata:0x00228150 | .rdata:0x002281A4,0,1,internal-target-covered
0x0001AF70,59,.rdata:0x00226E98 | .rdata:0x00226EE4 | .rdata:0x00226F30 | .rdata:0x00226F84 | .rdata:0x00226FE4 | .rdata:0x00227030 | .rdata:0x0022707C | .rdata:0x002270F0 | .rdata:0x00227150 | .rdata:0x002271A8 | .rdata:0x002271F8 | .rdata:0x00227250 | .rdata:0x002272A0 | .rdata:0x002272F0 | .rdata:0x00227340 | .rdata:0x002274A0 | .rdata:0x002274EC | .rdata:0x00227544 | .rdata:0x00227590 | .rdata:0x002275E8 | .rdata:0x00227634 | .rdata:0x00227680 | .rdata:0x002276D0 | .rdata:0x00227724 | .rdata:0x00227774 | .rdata:0x002277C0 | .rdata:0x0022780C | .rdata:0x00227858 | .rdata:0x002278A4 | .rdata:0x002278F0 | .rdata:0x00227954 | .rdata:0x002279C8 | .rdata:0x00227A2C | .rdata:0x00227A88 | .rdata:0x00227AE0 | .rdata:0x00227B30 | .rdata:0x00227B84 | .rdata:0x00227BD0 | .rdata:0x00227C20 | .rdata:0x00227C6C | .rdata:0x00227CC8 | .rdata:0x00227D20 | .rdata:0x00227D70 | .rdata:0x00227DC8 | .rdata:0x00227E20 | .rdata:0x00227E70 | .rdata:0x00227ED0 | .rdata:0x00227F20 | .rdata:0x00227F70 | .rdata:0x00227FBC | .rdata:0x00228020 | .rdata:0x00228074 | .rdata:0x002280D8 | .rdata:0x00228158 | .rdata:0x002281AC | .rdata:0x00228210 | .rdata:0x00228280 | .rdata:0x002282E0 | .rdata:0x0022834C,1,1,covered-function-start
0x0001AF80,59,.rdata:0x00226E94 | .rdata:0x00226EE0 | .rdata:0x00226F2C | .rdata:0x00226F80 | .rdata:0x00226FE0 | .rdata:0x0022702C | .rdata:0x00227078 | .rdata:0x002270EC | .rdata:0x0022714C | .rdata:0x002271A4 | .rdata:0x002271F4 | .rdata:0x0022724C | .rdata:0x0022729C | .rdata:0x002272EC | .rdata:0x0022733C | .rdata:0x0022749C | .rdata:0x002274E8 | .rdata:0x00227540 | .rdata:0x0022758C | .rdata:0x002275E4 | .rdata:0x00227630 | .rdata:0x0022767C | .rdata:0x002276CC | .rdata:0x00227720 | .rdata:0x00227770 | .rdata:0x002277BC | .rdata:0x00227808 | .rdata:0x00227854 | .rdata:0x002278A0 | .rdata:0x002278EC | .rdata:0x00227950 | .rdata:0x002279C4 | .rdata:0x00227A28 | .rdata:0x00227A84 | .rdata:0x00227ADC | .rdata:0x00227B2C | .rdata:0x00227B80 | .rdata:0x00227BCC | .rdata:0x00227C1C | .rdata:0x00227C68 | .rdata:0x00227CC4 | .rdata:0x00227D1C | .rdata:0x00227D6C | .rdata:0x00227DC4 | .rdata:0x00227E1C | .rdata:0x00227E6C | .rdata:0x00227ECC | .rdata:0x00227F1C | .rdata:0x00227F6C | .rdata:0x00227FB8 | .rdata:0x0022801C | .rdata:0x00228070 | .rdata:0x002280D4 | .rdata:0x00228154 | .rdata:0x002281A8 | .rdata:0x0022820C | .rdata:0x0022827C | .rdata:0x002282DC | .rdata:0x00228348,0,1,internal-target-covered
0x0001B020,1,.rdata:0x00226E6C,0,0,internal-target-candidate
0x0001B061,1,.rdata:0x0023C464,0,0,internal-target-candidate
0x0001B0F5,1,.rdata:0x0023C660,0,0,internal-target-candidate
0x0001B260,16,.rdata:0x00226E74 | .rdata:0x00226F0C | .rdata:0x00227058 | .rdata:0x0022727C | .rdata:0x0022747C | .rdata:0x002274C8 | .rdata:0x00227520 | .rdata:0x0022756C | .rdata:0x00227610 | .rdata:0x002276AC | .rdata:0x00227700 | .rdata:0x0022779C | .rdata:0x002277E8 | .rdata:0x00227CFC | .rdata:0x00227D4C | .rdata:0x00227DFC,1,1,covered-function-start
0x0001B580,4,.rdata:0x00226E70 | .rdata:0x002272C8 | .rdata:0x0022751C | .rdata:0x0022760C,1,1,covered-function-start
0x0001B670,6,.rdata:0x00226E78 | .rdata:0x002274CC | .rdata:0x002275C8 | .rdata:0x00227614 | .rdata:0x002277EC | .rdata:0x00228054,1,1,covered-function-start
0x0001B720,1,.rdata:0x00226EBC,1,1,covered-function-start
0x0001B750,2,.rdata:0x00226EDC | .rdata:0x00226FDC,1,1,covered-function-start
0x0001BA80,1,.rdata:0x00226EC4,1,1,covered-function-start
0x0001BBC0,1,.rdata:0x00226F08,0,0,internal-target-candidate
0x0001BDA0,1,.rdata:0x00226F10,1,1,covered-function-start
0x0001BED0,1,.rdata:0x00226F44,1,1,covered-function-start
0x0001BF60,1,.rdata:0x00226F5C,1,1,covered-function-start
0x0001BFC0,6,.rdata:0x00226F64 | .rdata:0x002278D0 | .rdata:0x00227B64 | .rdata:0x00227F9C | .rdata:0x00228138 | .rdata:0x0022818C,1,1,covered-function-start
0x0001C030,1,.rdata:0x00226F8C,1,1,covered-function-start
0x0001C260,6,.rdata:0x00226F58 | .rdata:0x002278C4 | .rdata:0x00227B58 | .rdata:0x00227F90 | .rdata:0x0022812C | .rdata:0x00228180,1,1,covered-function-start
0x0001C2A0,1,.rdata:0x00226FBC,1,1,covered-function-start
0x0001C2D0,2,.rdata:0x00226FC0 | .rdata:0x0022712C,1,1,covered-function-start
0x0001C300,1,.rdata:0x00226FC4,0,0,internal-target-candidate
0x0001C630,37,.rdata:0x00226EB8 | .rdata:0x00226F04 | .rdata:0x00226FB8 | .rdata:0x00227004 | .rdata:0x00227050 | .rdata:0x002270C4 | .rdata:0x00227124 | .rdata:0x0022717C | .rdata:0x00227224 | .rdata:0x00227274 | .rdata:0x002272C4 | .rdata:0x00227314 | .rdata:0x00227474 | .rdata:0x002274C0 | .rdata:0x00227518 | .rdata:0x00227564 | .rdata:0x00227608 | .rdata:0x00227654 | .rdata:0x002276A4 | .rdata:0x002276F8 | .rdata:0x00227748 | .rdata:0x00227794 | .rdata:0x002277E0 | .rdata:0x0022782C | .rdata:0x00227878 | .rdata:0x00227B04 | .rdata:0x00227BF4 | .rdata:0x00227C40 | .rdata:0x00227C9C | .rdata:0x00227CF4 | .rdata:0x00227D44 | .rdata:0x00227D9C | .rdata:0x00227DF4 | .rdata:0x00227EA4 | .rdata:0x00227EF4 | .rdata:0x00227F44 | .rdata:0x00228320,1,1,covered-function-start
0x0001C800,2,.rdata:0x00227008 | .rdata:0x00228324,1,1,covered-function-start
0x0001C8A0,1,.rdata:0x00227010,1,1,covered-function-start
0x0001CA90,1,.rdata:0x0022705C,1,1,covered-function-start
0x0001CAF0,1,.rdata:0x002270C8,1,1,covered-function-start
0x0001CB20,1,.rdata:0x002270CC,1,1,covered-function-start
0x0001CB50,1,.rdata:0x002270D0,0,1,internal-target-covered
0x0001CD40,1,.rdata:0x00227128,1,1,covered-function-start
0x0001CDA0,1,.rdata:0x00227130,1,1,covered-function-start
0x0001CFB0,1,.rdata:0x00227180,1,1,covered-function-start
0x0001CFE0,1,.rdata:0x002271AC,1,1,covered-function-start
0x0001D000,1,.rdata:0x0023B300,0,0,internal-target-candidate
0x0001D030,1,.rdata:0x00227188,0,1,internal-target-covered
0x0001D1A0,1,.rdata:0x002271D0,1,1,covered-function-start
0x0001D390,1,.rdata:0x002271D8,1,1,covered-function-start
0x0001D398,1,.rdata:0x0023C670,0,0,internal-target-candidate
0x0001D430,1,.rdata:0x0022722C,1,1,covered-function-start
0x0001D450,1,.rdata:0x00227230,1,1,covered-function-start
0x0001D520,1,.rdata:0x00227228,0,0,internal-target-candidate
0x0001D760,1,.rdata:0x00227278,1,1,covered-function-start
0x0001D810,1,.rdata:0x00227280,1,1,covered-function-start
0x0001D8B0,1,.rdata:0x002272CC,1,1,covered-function-start
0x0001D8D0,1,.rdata:0x002272D0,1,1,covered-function-start
0x0001DAA0,2,.rdata:0x0022731C | .rdata:0x00227CA4,1,1,covered-function-start
0x0001E050,1,.rdata:0x00227318,1,1,covered-function-start
0x0001E200,1,.rdata:0x00227320,1,1,covered-function-start
0x0001E4D0,5,.rdata:0x0022737C | .rdata:0x00227398 | .rdata:0x002273D0 | .rdata:0x002273EC | .rdata:0x00227424,1,1,covered-function-start
0x0001E820,8,.rdata:0x00227380 | .rdata:0x0022739C | .rdata:0x002273B8 | .rdata:0x002273D4 | .rdata:0x002273F0 | .rdata:0x0022740C | .rdata:0x00227428 | .rdata:0x00227454,1,1,covered-function-start
0x0001EAAF,1,.rdata:0x0023B518,0,0,internal-target-candidate
0x0001ECD0,1,.rdata:0x00227378,1,1,covered-function-start
0x0001ED00,1,.rdata:0x00227394,0,0,internal-target-candidate
0x0001EEF0,1,.rdata:0x002273B4,0,1,internal-target-covered
0x0001EFE0,1,.rdata:0x002273B0,1,1,covered-function-start
0x0001F300,1,.rdata:0x002273CC,0,0,internal-target-candidate
0x0001F400,1,.rdata:0x002273E8,0,0,internal-target-candidate
0x0001F500,1,.rdata:0x00227408,0,0,internal-target-candidate
0x0001F660,1,.rdata:0x00227404,1,1,covered-function-start
0x0001F697,1,.rdata:0x0023B2F4,0,0,internal-target-candidate
0x0001F800,1,.rdata:0x00227420,0,0,internal-target-candidate
0x0001F900,1,.rdata:0x0022744C,0,0,internal-target-candidate
0x0001F930,1,.rdata:0x00227450,1,1,covered-function-start
0x0001F971,1,.rdata:0x0023BA7C,0,0,internal-target-candidate
0x0001FBFA,1,.rdata:0x0023B30C,0,0,internal-target-candidate
0x000205D0,1,.rdata:0x00227478,1,1,covered-function-start
0x00020620,1,.rdata:0x00227480,1,1,covered-function-start
0x00020700,2,.rdata:0x00227054 | .rdata:0x002274C4,1,1,covered-function-start
0x00020750,1,.rdata:0x00227524,0,0,internal-target-candidate
0x000208D0,1,.rdata:0x00227594,1,1,covered-function-start
0x00020940,1,.rdata:0x002275C0,1,1,covered-function-start
0x00020B40,1,.rdata:0x00227658,1,1,covered-function-start
0x00020BC0,3,.rdata:0x00226EC0 | .rdata:0x0022765C | .rdata:0x00227DA4,1,1,covered-function-start
0x00020C90,1,.rdata:0x00227660,1,1,covered-function-start
0x00021020,5,.rdata:0x002271A0 | .rdata:0x00227588 | .rdata:0x002276C8 | .rdata:0x00227E18 | .rdata:0x002282D8,0,1,internal-target-covered
0x00021030,2,.rdata:0x00227568 | .rdata:0x002276A8,1,1,covered-function-start
0x00021200,2,.rdata:0x00227570 | .rdata:0x002276B0,1,1,covered-function-start
0x000213F0,1,.rdata:0x002276FC,1,1,covered-function-start
0x00021490,1,.rdata:0x002276EC,1,1,covered-function-start
0x000214A0,12,.rdata:0x002270E8 | .rdata:0x00227338 | .rdata:0x0022771C | .rdata:0x0022776C | .rdata:0x00227804 | .rdata:0x00227850 | .rdata:0x0022789C | .rdata:0x00227C64 | .rdata:0x00227CC0 | .rdata:0x00227D68 | .rdata:0x00227F18 | .rdata:0x00227F68,0,1,internal-target-covered
0x000216F0,1,.rdata:0x00227704,1,1,covered-function-start
0x00021726,1,.rdata:0x0023CC7C,0,0,internal-target-candidate
0x00021730,1,.rdata:0x00227750,1,1,covered-function-start
0x00021760,1,.rdata:0x00227754,1,1,covered-function-start
0x00021790,1,.rdata:0x0022773C,1,1,covered-function-start
0x00021830,1,.rdata:0x0022774C,1,1,covered-function-start
0x00021AF0,1,.rdata:0x00227738,1,1,covered-function-start
0x00021B30,1,.rdata:0x00227798,1,1,covered-function-start
0x00021B80,2,.rdata:0x002277A0 | .rdata:0x00227EB0,1,1,covered-function-start
0x00021BA0,1,.rdata:0x00227788,1,1,covered-function-start
0x00021BD0,1,.rdata:0x002277E4,1,1,covered-function-start
0x00021C80,1,.rdata:0x00227830,1,1,covered-function-start
0x00021DA0,2,.rdata:0x00227838 | .rdata:0x00227C4C,1,1,covered-function-start
0x00021DF0,2,.rdata:0x00227820 | .rdata:0x00227C34,1,1,covered-function-start
0x00021E70,2,.rdata:0x00227834 | .rdata:0x00227C48,1,1,covered-function-start
0x00021F00,1,.rdata:0x0022787C,1,1,covered-function-start
0x00021F70,2,.rdata:0x00227884 | .rdata:0x00227F00,1,1,covered-function-start
0x00021FA0,2,.rdata:0x0022786C | .rdata:0x00227EE8,1,1,covered-function-start
0x00021FB0,2,.rdata:0x002278C8 | .rdata:0x00228130,0,0,internal-target-candidate
0x00022000,1,.rdata:0x002278B8,1,1,covered-function-start
0x00022100,1,.rdata:0x002278F8,1,1,covered-function-start
0x00022150,1,.rdata:0x00226CC8,1,1,covered-function-start
0x00022200,1,.rdata:0x00227930,1,1,covered-function-start
0x00022270,2,.rdata:0x0022791C | .rdata:0x00227AA8,1,1,covered-function-start
0x00022469,1,.rdata:0x0023B550,0,0,internal-target-candidate
0x00022570,1,.rdata:0x00227914,1,1,covered-function-start
0x00022580,1,.rdata:0x00227928,0,0,internal-target-candidate
0x000225D0,1,.rdata:0x0022792C,1,1,covered-function-start
0x000225D5,1,.rdata:0x0023C66C,0,0,internal-target-candidate
0x000227E1,1,.rdata:0x0023C400,0,0,internal-target-candidate
0x00022970,1,.rdata:0x00227934,1,1,covered-function-start
0x00022E50,1,.rdata:0x002279A0,1,1,covered-function-start
0x00022F00,1,.rdata:0x002279A8,1,1,covered-function-start
0x0002334F,1,.rdata:0x0023B664,0,0,internal-target-candidate
0x00023460,1,.rdata:0x00227988,1,1,covered-function-start
0x0002346F,1,.rdata:0x0023B308,0,0,internal-target-candidate
0x00023470,1,.rdata:0x0022799C,0,1,internal-target-covered
0x000234C0,1,.rdata:0x002279A4,1,1,covered-function-start
0x000234E0,1,.rdata:0x00227990,0,1,internal-target-covered
0x00023CB0,1,.rdata:0x0022798C,1,1,covered-function-start
0x00023F32,1,.rdata:0x0023B2EC,0,0,internal-target-candidate
0x00023FB0,1,.rdata:0x00227A04,1,1,covered-function-start
0x00023FE0,1,.rdata:0x002279F4,1,1,covered-function-start
0x000242E0,1,.rdata:0x002279EC,1,1,covered-function-start
0x000242F0,1,.rdata:0x00227A00,0,0,internal-target-candidate
0x00024320,1,.rdata:0x00227A08,1,1,covered-function-start
0x0002455E,1,.rdata:0x0023B66C,0,0,internal-target-candidate
0x00024870,1,.rdata:0x002279F0,1,1,covered-function-start
0x00024A50,1,.rdata:0x00227A60,1,1,covered-function-start
0x00024AB0,2,.rdata:0x00227A0C | .rdata:0x00227A68,1,1,covered-function-start
0x00024B20,1,.rdata:0x00227A7C,1,1,covered-function-start
0x00024FE0,1,.rdata:0x00227A48,1,1,covered-function-start
0x00024FF0,1,.rdata:0x00227A5C,0,0,internal-target-candidate
0x00025040,1,.rdata:0x00227A64,1,1,covered-function-start
0x00025060,1,.rdata:0x00227A50,0,0,internal-target-candidate
0x000257F0,1,.rdata:0x00227A4C,1,1,covered-function-start
0x000259D0,1,.rdata:0x00227AB8,1,1,covered-function-start
0x000259F0,1,.rdata:0x00227ABC,1,1,covered-function-start
0x00025A00,1,.rdata:0x00227AC0,0,1,internal-target-covered
0x00025A40,1,.rdata:0x0023C4F4,0,0,internal-target-candidate
0x00025D40,1,.rdata:0x00227AA0,1,1,covered-function-start
0x00025D50,1,.rdata:0x00227AB4,0,1,internal-target-covered
0x00025FA0,1,.rdata:0x00227AA4,1,1,covered-function-start
0x00026100,1,.rdata:0x00227B0C,1,1,covered-function-start
0x000262F1,1,.rdata:0x0023C668,0,0,internal-target-candidate
0x00026370,1,.rdata:0x00227B10,0,1,internal-target-covered
0x000263F0,1,.rdata:0x00227AF8,1,1,covered-function-start
0x000264A0,1,.rdata:0x00227B08,1,1,covered-function-start
0x00026620,1,.rdata:0x00227B5C,1,1,covered-function-start
0x000266F0,2,.rdata:0x00226F60 | .rdata:0x00227B60,1,1,covered-function-start
0x00026710,3,.rdata:0x00226F4C | .rdata:0x00227B4C | .rdata:0x00227FE8,0,1,internal-target-covered
0x00026730,1,.rdata:0x00227B7C,1,1,covered-function-start
0x00026740,1,.rdata:0x00227B48,1,1,covered-function-start
0x00026850,6,.rdata:0x00226F88 | .rdata:0x002278F4 | .rdata:0x00227B44 | .rdata:0x00227FC0 | .rdata:0x0022815C | .rdata:0x002281B0,1,1,covered-function-start
0x00026860,1,.rdata:0x00227BA8,0,0,internal-target-candidate
0x00026880,1,.rdata:0x00227BB0,1,1,covered-function-start
0x00026940,1,.rdata:0x00227BF8,1,1,covered-function-start
0x00026990,12,.rdata:0x00227184 | .rdata:0x002271D4 | .rdata:0x002275C4 | .rdata:0x00227880 | .rdata:0x002278CC | .rdata:0x00227BFC | .rdata:0x00227EAC | .rdata:0x00227EFC | .rdata:0x00227F4C | .rdata:0x00228050 | .rdata:0x00228134 | .rdata:0x00228188,1,1,covered-function-start
0x00026BB0,1,.rdata:0x00227C00,1,1,covered-function-start
0x00026C20,1,.rdata:0x00227C44,1,1,covered-function-start
0x00026D20,1,.rdata:0x00227CA0,1,1,covered-function-start
0x00026DA0,1,.rdata:0x00227CA8,1,1,covered-function-start
0x00026F70,1,.rdata:0x00227CF8,1,1,covered-function-start
0x00027030,1,.rdata:0x00227CE8,1,1,covered-function-start
0x00027040,7,.rdata:0x00227148 | .rdata:0x0022753C | .rdata:0x00227678 | .rdata:0x00227B28 | .rdata:0x00227D18 | .rdata:0x00227DC0 | .rdata:0x00228278,0,1,internal-target-covered
0x00027940,1,.rdata:0x00227D00,0,1,internal-target-covered
0x00027A60,1,.rdata:0x00227D48,1,1,covered-function-start
0x00027AB0,1,.rdata:0x00227D38,1,1,covered-function-start
0x00027C80,1,.rdata:0x00227D50,1,1,covered-function-start
0x00027E80,1,.rdata:0x00227DA0,1,1,covered-function-start
0x00027F00,1,.rdata:0x00227DA8,1,1,covered-function-start
0x00027FAD,1,.rdata:0x0023B2F0,0,0,internal-target-candidate
0x00028000,1,.rdata:0x0023C530,0,0,internal-target-candidate
0x00028030,1,.rdata:0x00227DF8,1,1,covered-function-start
0x00028080,2,.rdata:0x00227E24 | .rdata:0x002282E4,1,1,covered-function-start
0x000280E0,1,.rdata:0x00227E00,1,1,covered-function-start
0x00028290,1,.rdata:0x00227E48,1,1,covered-function-start
0x00028300,2,.rdata:0x00227BAC | .rdata:0x00227E4C,1,1,covered-function-start
0x00028396,1,.rdata:0x0023B304,0,0,internal-target-candidate
0x00028550,2,.rdata:0x00227B98 | .rdata:0x00227E38,1,1,covered-function-start
0x00028560,4,.rdata:0x002271CC | .rdata:0x002275BC | .rdata:0x00227BA4 | .rdata:0x00227E44,0,1,internal-target-covered
0x00028892,1,.rdata:0x0023C664,0,0,internal-target-candidate
0x00028B40,1,.rdata:0x00227E50,0,1,internal-target-covered
0x00028BA0,1,.rdata:0x00227EA8,1,1,covered-function-start
0x00028C10,1,.rdata:0x00227EF8,1,1,covered-function-start
0x00028D50,1,.rdata:0x00227F50,1,1,covered-function-start
0x00028D90,1,.rdata:0x00227F48,1,1,covered-function-start
0x00028E50,1,.rdata:0x00227F94,1,1,covered-function-start
0x00028FC0,1,.rdata:0x00227F98,1,1,covered-function-start
0x00029015,1,.rdata:0x0023CA78,0,0,internal-target-candidate
0x000290B0,1,.rdata:0x00227FC4,1,1,covered-function-start
0x000291A0,1,.rdata:0x00227FF8,1,1,covered-function-start
0x000292D0,1,.rdata:0x00227FFC,1,1,covered-function-start
0x00029361,1,.rdata:0x0023B978,0,0,internal-target-candidate
0x00029480,1,.rdata:0x00227FF4,0,1,internal-target-covered
0x00029890,1,.rdata:0x00228000,1,1,covered-function-start
0x000299C0,1,.rdata:0x0022804C,1,1,covered-function-start
0x000299D0,1,.rdata:0x00228048,0,1,internal-target-covered
0x00029A00,22,.rdata:0x00227598 | .rdata:0x0022759C | .rdata:0x00228024 | .rdata:0x00228028 | .rdata:0x002280DC | .rdata:0x002280E0 | .rdata:0x00228214 | .rdata:0x00228218 | .rdata:0x002287A8 | .rdata:0x002289B8 | .rdata:0x00228BD8 | .rdata:0x00228C78 | .rdata:0x00228CE0 | .rdata:0x00228D40 | .rdata:0x00228D98 | .rdata:0x00228DF8 | .rdata:0x0022AEAC | .rdata:0x0022AEF4 | .rdata:0x00230304 | .rdata:0x002338FC | .rdata:0x002339E4 | .rdata:0x00236BD0,1,1,covered-function-start
0x00029A10,1,.rdata:0x002280B4,1,1,covered-function-start
0x00029B30,642,.rdata:0x00225D14 | .rdata:0x00225D40 | .rdata:0x00225D88 | .rdata:0x00225E78 | .rdata:0x00225EEC | .rdata:0x00225F18 | .rdata:0x00225F60 | .rdata:0x00225F6C | .rdata:0x00226030 | .rdata:0x002260A4 | .rdata:0x002260D0 | .rdata:0x00226118 | .rdata:0x0022620C | .rdata:0x00226238 | .rdata:0x00226280 | .rdata:0x0022639C | .rdata:0x002263C8 | .rdata:0x00226410 | .rdata:0x002264D0 | .rdata:0x00226554 | .rdata:0x00226580 | .rdata:0x002265C8 | .rdata:0x002265D4 | .rdata:0x00226708 | .rdata:0x0022677C | .rdata:0x002267A8 | .rdata:0x002267F0 | .rdata:0x002268A0 | .rdata:0x00226914 | .rdata:0x00226940 | .rdata:0x00226988 | .rdata:0x00226A70 | .rdata:0x00226AE4 | .rdata:0x00226B10 | .rdata:0x00226B58 | .rdata:0x00226C38 | .rdata:0x00226CC4 | .rdata:0x00226CF0 | .rdata:0x00226D38 | .rdata:0x00226E64 | .rdata:0x00226E7C | .rdata:0x00226E80 | .rdata:0x00226E84 | .rdata:0x00226EB0 | .rdata:0x00226EC8 | .rdata:0x00226ECC | .rdata:0x00226ED0 | .rdata:0x00226EFC | .rdata:0x00226F14 | .rdata:0x00226F18 | .rdata:0x00226F1C | .rdata:0x00226F50 | .rdata:0x00226F68 | .rdata:0x00226F6C | .rdata:0x00226F70 | .rdata:0x00226FB0 | .rdata:0x00226FC8 | .rdata:0x00226FCC | .rdata:0x00226FD0 | .rdata:0x00226FFC | .rdata:0x00227014 | .rdata:0x00227018 | .rdata:0x0022701C | .rdata:0x00227048 | .rdata:0x00227060 | .rdata:0x00227064 | .rdata:0x00227068 | .rdata:0x002270BC | .rdata:0x002270D4 | .rdata:0x002270D8 | .rdata:0x002270DC | .rdata:0x0022711C | .rdata:0x00227134 | .rdata:0x00227138 | .rdata:0x0022713C | .rdata:0x00227174 | .rdata:0x0022718C | .rdata:0x00227190 | .rdata:0x00227194 | .rdata:0x002271C4 | .rdata:0x002271DC | .rdata:0x002271E0 | .rdata:0x002271E4 | .rdata:0x0022721C | .rdata:0x00227234 | .rdata:0x00227238 | .rdata:0x0022723C | .rdata:0x0022726C | .rdata:0x00227284 | .rdata:0x00227288 | .rdata:0x0022728C | .rdata:0x002272BC | .rdata:0x002272D4 | .rdata:0x002272D8 | .rdata:0x002272DC | .rdata:0x0022730C | .rdata:0x00227324 | .rdata:0x00227328 | .rdata:0x0022732C | .rdata:0x0022746C | .rdata:0x00227484 | .rdata:0x00227488 | .rdata:0x0022748C | .rdata:0x002274B8 | .rdata:0x002274D0 | .rdata:0x002274D4 | .rdata:0x002274D8 | .rdata:0x00227510 | .rdata:0x00227528 | .rdata:0x0022752C | .rdata:0x00227530 | .rdata:0x0022755C | .rdata:0x00227574 | .rdata:0x00227578 | .rdata:0x0022757C | .rdata:0x002275B4 | .rdata:0x002275CC | .rdata:0x002275D0 | .rdata:0x002275D4 | .rdata:0x00227600 | .rdata:0x00227618 | .rdata:0x0022761C | .rdata:0x00227620 | .rdata:0x0022764C | .rdata:0x00227664 | .rdata:0x00227668 | .rdata:0x0022766C | .rdata:0x0022769C | .rdata:0x002276B4 | .rdata:0x002276B8 | .rdata:0x002276BC | .rdata:0x002276F0 | .rdata:0x00227708 | .rdata:0x0022770C | .rdata:0x00227710 | .rdata:0x00227740 | .rdata:0x00227758 | .rdata:0x0022775C | .rdata:0x00227760 | .rdata:0x0022778C | .rdata:0x002277A4 | .rdata:0x002277A8 | .rdata:0x002277AC | .rdata:0x002277D8 | .rdata:0x002277F0 | .rdata:0x002277F4 | .rdata:0x002277F8 | .rdata:0x00227824 | .rdata:0x0022783C | .rdata:0x00227840 | .rdata:0x00227844 | .rdata:0x00227870 | .rdata:0x00227888 | .rdata:0x0022788C | .rdata:0x00227890 | .rdata:0x002278BC | .rdata:0x002278D4 | .rdata:0x002278D8 | .rdata:0x002278DC | .rdata:0x00227920 | .rdata:0x00227938 | .rdata:0x0022793C | .rdata:0x00227940 | .rdata:0x00227994 | .rdata:0x002279AC | .rdata:0x002279B0 | .rdata:0x002279B4 | .rdata:0x002279F8 | .rdata:0x00227A10 | .rdata:0x00227A14 | .rdata:0x00227A18 | .rdata:0x00227A54 | .rdata:0x00227A6C | .rdata:0x00227A70 | .rdata:0x00227A74 | .rdata:0x00227AAC | .rdata:0x00227AC4 | .rdata:0x00227AC8 | .rdata:0x00227ACC | .rdata:0x00227AFC | .rdata:0x00227B14 | .rdata:0x00227B18 | .rdata:0x00227B1C | .rdata:0x00227B50 | .rdata:0x00227B68 | .rdata:0x00227B6C | .rdata:0x00227B70 | .rdata:0x00227B9C | .rdata:0x00227BB4 | .rdata:0x00227BB8 | .rdata:0x00227BBC | .rdata:0x00227BEC | .rdata:0x00227C04 | .rdata:0x00227C08 | .rdata:0x00227C0C | .rdata:0x00227C38 | .rdata:0x00227C50 | .rdata:0x00227C54 | .rdata:0x00227C58 | .rdata:0x00227C94 | .rdata:0x00227CAC | .rdata:0x00227CB0 | .rdata:0x00227CB4 | .rdata:0x00227CEC | .rdata:0x00227D04 | .rdata:0x00227D08 | .rdata:0x00227D0C | .rdata:0x00227D3C | .rdata:0x00227D54 | .rdata:0x00227D58 | .rdata:0x00227D5C | .rdata:0x00227D94 | .rdata:0x00227DAC | .rdata:0x00227DB0 | .rdata:0x00227DB4 | .rdata:0x00227DEC | .rdata:0x00227E04 | .rdata:0x00227E08 | .rdata:0x00227E0C | .rdata:0x00227E3C | .rdata:0x00227E54 | .rdata:0x00227E58 | .rdata:0x00227E5C | .rdata:0x00227E9C | .rdata:0x00227EB4 | .rdata:0x00227EB8 | .rdata:0x00227EBC | .rdata:0x00227EEC | .rdata:0x00227F04 | .rdata:0x00227F08 | .rdata:0x00227F0C | .rdata:0x00227F3C | .rdata:0x00227F54 | .rdata:0x00227F58 | .rdata:0x00227F5C | .rdata:0x00227F88 | .rdata:0x00227FA0 | .rdata:0x00227FA4 | .rdata:0x00227FA8 | .rdata:0x00227FEC | .rdata:0x00228004 | .rdata:0x00228008 | .rdata:0x0022800C | .rdata:0x00228040 | .rdata:0x00228058 | .rdata:0x0022805C | .rdata:0x00228060 | .rdata:0x002280A4 | .rdata:0x002280BC | .rdata:0x002280C0 | .rdata:0x002280C4 | .rdata:0x00228124 | .rdata:0x0022813C | .rdata:0x00228140 | .rdata:0x00228144 | .rdata:0x00228178 | .rdata:0x00228190 | .rdata:0x00228194 | .rdata:0x00228198 | .rdata:0x002281DC | .rdata:0x002281F4 | .rdata:0x002281F8 | .rdata:0x002281FC | .rdata:0x0022824C | .rdata:0x00228264 | .rdata:0x00228268 | .rdata:0x0022826C | .rdata:0x002282AC | .rdata:0x002282C4 | .rdata:0x002282C8 | .rdata:0x002282CC | .rdata:0x00228318 | .rdata:0x00228330 | .rdata:0x00228334 | .rdata:0x00228338 | .rdata:0x0022838C | .rdata:0x00228784 | .rdata:0x00228788 | .rdata:0x002287B8 | .rdata:0x002287BC | .rdata:0x002287CC | .rdata:0x00228800 | .rdata:0x00228830 | .rdata:0x00228844 | .rdata:0x002288E4 | .rdata:0x00228920 | .rdata:0x00228954 | .rdata:0x00228964 | .rdata:0x00228998 | .rdata:0x002289C8 | .rdata:0x002289CC | .rdata:0x002289DC | .rdata:0x00228C18 | .rdata:0x00228C20 | .rdata:0x00228C38 | .rdata:0x00228C68 | .rdata:0x00228CD0 | .rdata:0x00228CE8 | .rdata:0x00228D88 | .rdata:0x00228DE8 | .rdata:0x00228E40 | .rdata:0x00228E98 | .rdata:0x00228F00 | .rdata:0x00228FD8 | .rdata:0x00229064 | .rdata:0x00229090 | .rdata:0x0022909C | .rdata:0x002290D0 | .rdata:0x002290D4 | .rdata:0x002290D8 | .rdata:0x00229308 | .rdata:0x0022932C | .rdata:0x0022936C | .rdata:0x0022938C | .rdata:0x002293B8 | .rdata:0x0022976C | .rdata:0x0022983C | .rdata:0x00229880 | .rdata:0x002298B4 | .rdata:0x00229994 | .rdata:0x002299D4 | .rdata:0x002299F0 | .rdata:0x002299F4 | .rdata:0x00229A20 | .rdata:0x00229A2C | .rdata:0x00229A30 | .rdata:0x00229A54 | .rdata:0x00229A94 | .rdata:0x00229AB0 | .rdata:0x00229AB4 | .rdata:0x00229AE0 | .rdata:0x00229B84 | .rdata:0x00229BC4 | .rdata:0x00229BE0 | .rdata:0x00229BE4 | .rdata:0x00229C10 | .rdata:0x0022A43C | .rdata:0x0022A48C | .rdata:0x0022A660 | .rdata:0x0022A6C4 | .rdata:0x0022A8C4 | .rdata:0x0022AAB0 | .rdata:0x0022ADF8 | .rdata:0x0022AE30 | .rdata:0x0022AF50 | .rdata:0x0022AFA8 | .rdata:0x0022B364 | .rdata:0x0022B404 | .rdata:0x0022B444 | .rdata:0x0022B460 | .rdata:0x0022B464 | .rdata:0x0022B490 | .rdata:0x0022B59C | .rdata:0x0022B5DC | .rdata:0x0022B5F8 | .rdata:0x0022B5FC | .rdata:0x0022B628 | .rdata:0x0022B65C | .rdata:0x0022B84C | .rdata:0x0022B8A8 | .rdata:0x0022B9F8 | .rdata:0x0022BB3C | .rdata:0x0022C0C4 | .rdata:0x0022C13C | .rdata:0x0022C24C | .rdata:0x0022C404 | .rdata:0x0022C448 | .rdata:0x0022C47C | .rdata:0x0022C6AC | .rdata:0x0022C6F0 | .rdata:0x0022C714 | .rdata:0x0022C73C | .rdata:0x0022C780 | .rdata:0x0022C78C | .rdata:0x0022C8B4 | .rdata:0x0022C8F4 | .rdata:0x0022C910 | .rdata:0x0022C914 | .rdata:0x0022C940 | .rdata:0x0022C9C0 | .rdata:0x0022CA88 | .rdata:0x0022CA94 | .rdata:0x0022CAC8 | .rdata:0x0022CACC | .rdata:0x0022CAD0 | .rdata:0x0022CADC | .rdata:0x0022D3AC | .rdata:0x0022D448 | .rdata:0x0022D4FC | .rdata:0x0022D528 | .rdata:0x0022D534 | .rdata:0x0022D568 | .rdata:0x0022D56C | .rdata:0x0022D570 | .rdata:0x0022D62C | .rdata:0x0022D630 | .rdata:0x0022D65C | .rdata:0x0022DD5C | .rdata:0x0022DD9C | .rdata:0x0022DDB8 | .rdata:0x0022DDBC | .rdata:0x0022DDE8 | .rdata:0x0022DDF4 | .rdata:0x0022DE34 | .rdata:0x0022DE50 | .rdata:0x0022DE54 | .rdata:0x0022DE80 | .rdata:0x0022DE8C | .rdata:0x0022DECC | .rdata:0x0022DEE8 | .rdata:0x0022DEEC | .rdata:0x0022DF18 | .rdata:0x0022DF20 | .rdata:0x0022DF24 | .rdata:0x0022DF34 | .rdata:0x0022DF38 | .rdata:0x0022DF94 | .rdata:0x0022DFDC | .rdata:0x0022E01C | .rdata:0x0022E038 | .rdata:0x0022E03C | .rdata:0x0022E068 | .rdata:0x0022E5C0 | .rdata:0x0022E670 | .rdata:0x0022E67C | .rdata:0x0022E6B0 | .rdata:0x0022E6B4 | .rdata:0x0022E6B8 | .rdata:0x0022E7C0 | .rdata:0x0022E834 | .rdata:0x0022E86C | .rdata:0x0022E8A8 | .rdata:0x0022E950 | .rdata:0x0022ECC8 | .rdata:0x0022ED3C | .rdata:0x0022ED68 | .rdata:0x0022ED74 | .rdata:0x0022EDB0 | .rdata:0x0022EDE0 | .rdata:0x0022EE7C | .rdata:0x0022EE80 | .rdata:0x0022EF4C | .rdata:0x0022EFB4 | .rdata:0x0022EFF4 | .rdata:0x0022F114 | .rdata:0x0022F1D4 | .rdata:0x0022F274 | .rdata:0x0022F32C | .rdata:0x0022F3BC | .rdata:0x0022F47C | .rdata:0x0022F51C | .rdata:0x0022F604 | .rdata:0x0022F6D4 | .rdata:0x0022F78C | .rdata:0x0022F7DC | .rdata:0x0022F9E4 | .rdata:0x0022FAA4 | .rdata:0x0022FB3C | .rdata:0x0022FC14 | .rdata:0x0022FC54 | .rdata:0x0022FC70 | .rdata:0x0022FC74 | .rdata:0x0022FCA0 | .rdata:0x0022FCBC | .rdata:0x0022FCF8 | .rdata:0x0022FD04 | .rdata:0x0022FD54 | .rdata:0x0022FE04 | .rdata:0x0022FEC4 | .rdata:0x0022FF54 | .rdata:0x0023001C | .rdata:0x0023005C | .rdata:0x00230078 | .rdata:0x0023007C | .rdata:0x002300A8 | .rdata:0x002300CC | .rdata:0x00230194 | .rdata:0x00230204 | .rdata:0x002305DC | .rdata:0x0023065C | .rdata:0x00230FD8 | .rdata:0x00231028 | .rdata:0x00231060 | .rdata:0x002311B0 | .rdata:0x002311B8 | .rdata:0x00231660 | .rdata:0x00231B0C | .rdata:0x00231B34 | .rdata:0x00232320 | .rdata:0x00232794 | .rdata:0x00232798 | .rdata:0x0023279C | .rdata:0x00232820 | .rdata:0x00232FDC | .rdata:0x00232FE8 | .rdata:0x00232FEC | .rdata:0x00232FF8 | .rdata:0x00234084 | .rdata:0x00234094 | .rdata:0x00234184 | .rdata:0x002341B4 | .rdata:0x00234258 | .rdata:0x00234288 | .rdata:0x002342E0 | .rdata:0x00234310 | .rdata:0x002346F8 | .rdata:0x00234728 | .rdata:0x00234778 | .rdata:0x002347F0 | .rdata:0x00234824 | .rdata:0x00234898 | .rdata:0x002348F8 | .rdata:0x00234950 | .rdata:0x00234988 | .rdata:0x002349CC | .rdata:0x00234A04 | .rdata:0x00234A48 | .rdata:0x00234A80 | .rdata:0x00234AC4 | .rdata:0x00234B94 | .rdata:0x00234BC4 | .rdata:0x00234BF4 | .rdata:0x00234C40 | .rdata:0x00234C44 | .rdata:0x00234C48 | .rdata:0x00234C5C | .rdata:0x00234D14 | .rdata:0x00234E2C | .rdata:0x00234E74 | .rdata:0x00234EAC | .rdata:0x00234F58 | .rdata:0x00234FA4 | .rdata:0x00234FCC | .rdata:0x00234FD4 | .rdata:0x00234FE8 | .rdata:0x00234FF0 | .rdata:0x002350F4 | .rdata:0x0023578C | .rdata:0x002358B8 | .rdata:0x0023592C | .rdata:0x00235958 | .rdata:0x00235964 | .rdata:0x00235998 | .rdata:0x0023599C | .rdata:0x002359A0 | .rdata:0x00235A5C | .rdata:0x00235A9C | .rdata:0x00235AB8 | .rdata:0x00235ABC | .rdata:0x00235AE8 | .rdata:0x00235D00 | .rdata:0x00235D04 | .rdata:0x00235D0C | .rdata:0x00235E1C | .rdata:0x00235E5C | .rdata:0x00235E78 | .rdata:0x00235E7C | .rdata:0x00235EA8 | .rdata:0x00235F3C | .rdata:0x00235FB4 | .rdata:0x00236004 | .rdata:0x0023605C | .rdata:0x002361BC | .rdata:0x002363D4 | .rdata:0x002367A4 | .rdata:0x00236844 | .rdata:0x00236884 | .rdata:0x002368A0 | .rdata:0x002368A4 | .rdata:0x002368D0 | .rdata:0x00236914 | .rdata:0x00236A04 | .rdata:0x00236B38 | .rdata:0x00236B4C | .rdata:0x00236C0C | .rdata:0x00236C4C | .rdata:0x00236C68 | .rdata:0x00236C6C | .rdata:0x00236C98 | .rdata:0x00236CAC | .rdata:0x00236CEC | .rdata:0x00236D08 | .rdata:0x00236D0C | .rdata:0x00236D38 | .rdata:0x00236F2C | .rdata:0x00237238 | .rdata:0x0023723C | .rdata:0x00237244 | .rdata:0x00237300 | .rdata:0x002373C4 | .rdata:0x0023743C | .rdata:0x002376B8 | .rdata:0x002376BC | .rdata:0x002376C0 | .rdata:0x002376C4 | .rdata:0x002376C8 | .rdata:0x002376CC | .rdata:0x002376D4 | .rdata:0x002376D8 | .rdata:0x00237740 | .rdata:0x00237744 | .rdata:0x0023774C | .rdata:0x002378DC | .rdata:0x00237CEC | .rdata:0x00238004 | .rdata:0x00238290 | .rdata:0x00238294 | .rdata:0x0023829C | .rdata:0x00239604 | .rdata:0x00239608 | .rdata:0x0023960C | .rdata:0x0023970C | .rdata:0x0023A1B8 | .rdata:0x0023A3BC | .rdata:0x0023A8D0 | .rdata:0x0023A938 | .rdata:0x0023D860 | .rdata:0x0023D88C | .rdata:0x0023D9E8 | .rdata:0x0023DA70 | .rdata:0x0023DD50 | .rdata:0x0023DEA0 | .rdata:0x0023E1D0 | .rdata:0x0023E4A0 | .rdata:0x0023E540 | .rdata:0x0023E6B0 | .rdata:0x0023FFE4 | .rdata:0x00240008 | .rdata:0x0024000C | .rdata:0x0024002C | .rdata:0x00240058 | .rdata:0x0024005C | .rdata:0x00240060 | .rdata:0x00240070 | .rdata:0x00240084 | .rdata:0x00240088 | .rdata:0x002400BC | .rdata:0x00240110 | .rdata:0x00240360 | .rdata:0x00240510 | .rdata:0x002405F8 | .rdata:0x00240648,1,1,covered-function-start
0x00029B40,1,.rdata:0x002280A0,1,1,covered-function-start
0x00029D0D,1,.rdata:0x0023B668,0,0,internal-target-candidate
0x00029EFD,1,.rdata:0x0023CBBC,0,0,internal-target-candidate
0x0002A190,1,.rdata:0x00228098,1,1,covered-function-start
0x0002A1A0,1,.rdata:0x002280AC,0,0,internal-target-candidate
0x0002A1F0,1,.rdata:0x002280B0,1,1,covered-function-start
0x0002A54E,1,.rdata:0x0023B3E0,0,0,internal-target-candidate
0x0002A6CE,1,.rdata:0x0023B54C,0,0,internal-target-candidate
0x0002A870,1,.rdata:0x002280B8,1,1,covered-function-start
0x0002AAAB,1,.rdata:0x0023C6A0,0,0,internal-target-candidate
0x0002B220,1,.rdata:0x0022809C,1,1,covered-function-start
0x0002B540,2,.rdata:0x00227F84 | .rdata:0x00228120,1,1,covered-function-start
0x0002B730,1,.rdata:0x00228160,1,1,covered-function-start
0x0002B7C0,1,.rdata:0x00228184,1,1,covered-function-start
0x0002B810,1,.rdata:0x00228174,1,1,covered-function-start
0x0002B990,1,.rdata:0x002281B4,1,1,covered-function-start
0x0002B9E0,1,.rdata:0x002281D8,1,1,covered-function-start
0x0002BFB0,1,.rdata:0x002281E4,0,0,internal-target-candidate
0x0002BFF0,1,.rdata:0x002281E8,1,1,covered-function-start
0x0002C24D,1,.rdata:0x0023BA1C,0,0,internal-target-candidate
0x0002C38C,1,.rdata:0x0023BB3C,0,0,internal-target-candidate
0x0002C660,1,.rdata:0x002281EC,0,0,internal-target-candidate
0x0002C6E0,1,.rdata:0x002281F0,0,0,internal-target-candidate
0x0002C85D,1,.rdata:0x0023B514,0,0,internal-target-candidate
0x0002D110,1,.rdata:0x0023C408,0,0,internal-target-candidate
0x0002D134,1,.rdata:0x0023C52C,0,0,internal-target-candidate
0x0002D16B,1,.rdata:0x0023CC5C,0,0,internal-target-candidate
0x0002D230,1,.rdata:0x00228258,1,1,covered-function-start
0x0002D290,1,.rdata:0x0022825C,1,1,covered-function-start
0x0002D2D0,1,.rdata:0x00228260,1,1,covered-function-start
0x0002D4D0,1,.rdata:0x00228254,1,1,covered-function-start
0x0002D510,1,.rdata:0x002282B8,1,1,covered-function-start
0x0002D560,1,.rdata:0x002282BC,1,1,covered-function-start
0x0002D590,1,.rdata:0x002282C0,1,1,covered-function-start
0x0002D640,2,.rdata:0x00228248 | .rdata:0x002282A8,1,1,covered-function-start
0x0002D800,1,.rdata:0x002282B4,1,1,covered-function-start
0x0002DBAD,2,.rdata:0x0023C4E0 | .rdata:0x0023C4F0,0,0,internal-target-candidate
0x0002DDE0,12,.rdata:0x00226F7C | .rdata:0x00227028 | .rdata:0x00227498 | .rdata:0x0022794C | .rdata:0x002279C0 | .rdata:0x00227A24 | .rdata:0x00227A80 | .rdata:0x00227AD8 | .rdata:0x00228018 | .rdata:0x002280D0 | .rdata:0x00228208 | .rdata:0x00228344,1,1,covered-function-start
0x0002DEE0,2,.rdata:0x0022700C | .rdata:0x00228328,1,1,covered-function-start
0x0002DFC0,1,.rdata:0x0022832C,0,1,internal-target-covered
0x0002F950,1,.rdata:0x00228390,1,1,covered-function-start
0x0002FD7A,1,.rdata:0x0023C404,0,0,internal-target-candidate
0x00030220,1,.rdata:0x002283AC,1,1,covered-function-start
0x00031118,1,.rdata:0x0023B718,0,0,internal-target-candidate
0x0003134C,2,.rdata:0x0023B858 | .rdata:0x0023CB78,0,0,internal-target-candidate
0x0003215C,1,.rdata:0x0023C528,0,0,internal-target-candidate
0x000328C0,1,.rdata:0x00228770,1,1,covered-function-start
0x000328E0,1,.rdata:0x00228774,1,1,covered-function-start
0x00032900,4,.rdata:0x0022877C | .rdata:0x002287F4 | .rdata:0x00228894 | .rdata:0x00228914,1,1,covered-function-start
0x00032920,3,.rdata:0x0022878C | .rdata:0x00228804 | .rdata:0x00228924,1,1,covered-function-start
0x00032960,4,.rdata:0x0022879C | .rdata:0x00228814 | .rdata:0x00228934 | .rdata:0x002289AC,1,1,covered-function-start
0x00032990,3,.rdata:0x002287A0 | .rdata:0x00228818 | .rdata:0x00228938,1,1,covered-function-start
0x000329B0,3,.rdata:0x002287A4 | .rdata:0x0022881C | .rdata:0x0022893C,1,1,covered-function-start
0x000329C0,4,.rdata:0x002287B0 | .rdata:0x00228828 | .rdata:0x00228948 | .rdata:0x002289C0,1,1,covered-function-start
0x00032A40,2,.rdata:0x002287C0 | .rdata:0x00228838,1,1,covered-function-start
0x00032A90,5,.rdata:0x002287D0 | .rdata:0x00228848 | .rdata:0x002288E8 | .rdata:0x00228968 | .rdata:0x002289E0,1,1,covered-function-start
0x00032B70,1,.rdata:0x00228778,1,1,covered-function-start
0x00032B90,1,.rdata:0x00228780,1,1,covered-function-start
0x00032BD0,4,.rdata:0x002287C8 | .rdata:0x00228840 | .rdata:0x00228960 | .rdata:0x002289D8,1,1,covered-function-start
0x00032C00,3,.rdata:0x00228798 | .rdata:0x00228810 | .rdata:0x00228930,1,1,covered-function-start
0x00032CA0,3,.rdata:0x00228794 | .rdata:0x0022880C | .rdata:0x0022892C,1,1,covered-function-start
0x00032DF0,3,.rdata:0x00228790 | .rdata:0x00228808 | .rdata:0x00228928,1,1,covered-function-start
0x00032F10,3,.rdata:0x002287C4 | .rdata:0x0022883C | .rdata:0x0022895C,1,1,covered-function-start
0x00033020,1,.rdata:0x002287E8,1,1,covered-function-start
0x00033040,1,.rdata:0x002287EC,1,1,covered-function-start
0x00033060,1,.rdata:0x002287F8,0,0,internal-target-candidate
0x00033210,3,.rdata:0x00228820 | .rdata:0x002288C0 | .rdata:0x00228940,1,1,covered-function-start
0x00033220,1,.rdata:0x002287F0,1,1,covered-function-start
0x00033310,1,.rdata:0x00228888,1,1,covered-function-start
0x00033330,1,.rdata:0x0022888C,1,1,covered-function-start
0x00033350,1,.rdata:0x002288B0,0,1,internal-target-covered
0x00033380,1,.rdata:0x002288AC,1,1,covered-function-start
0x000333A8,1,.rdata:0x0023C818,0,0,internal-target-candidate
0x000333B0,1,.rdata:0x002288EC,1,1,covered-function-start
0x000334B0,1,.rdata:0x002288A8,1,1,covered-function-start
0x000334E0,1,.rdata:0x002288A4,1,1,covered-function-start
0x00033520,1,.rdata:0x002288B4,1,1,covered-function-start
0x00033550,1,.rdata:0x002288B8,1,1,covered-function-start
0x00033580,1,.rdata:0x002288BC,1,1,covered-function-start
0x000335A0,1,.rdata:0x002288C4,1,1,covered-function-start
0x000335C0,1,.rdata:0x002288C8,1,1,covered-function-start
0x00033B70,1,.rdata:0x00228890,1,1,covered-function-start
0x00033D20,1,.rdata:0x00228898,0,1,internal-target-covered
0x00034450,1,.rdata:0x0023B9DC,0,0,internal-target-candidate
0x00034660,1,.rdata:0x002288D0,1,1,covered-function-start
0x00034730,1,.rdata:0x002288D4,1,1,covered-function-start
0x00034770,1,.rdata:0x002288D8,1,1,covered-function-start
0x000347F0,1,.rdata:0x002288E0,1,1,covered-function-start
0x00034A60,1,.rdata:0x002288DC,1,1,covered-function-start
0x00034C70,1,.rdata:0x00228908,0,0,internal-target-candidate
0x00034C90,1,.rdata:0x0022890C,1,1,covered-function-start
0x00034CA0,2,.rdata:0x00228824 | .rdata:0x00228944,1,1,covered-function-start
0x00034CC0,1,.rdata:0x00228918,0,1,internal-target-covered
0x00034E10,1,.rdata:0x00228950,1,1,covered-function-start
0x00034E90,1,.rdata:0x00228958,1,1,covered-function-start
0x00034F00,1,.rdata:0x00228910,1,1,covered-function-start
0x00034FC0,1,.rdata:0x00228980,1,1,covered-function-start
0x00034FE0,1,.rdata:0x00228984,1,1,covered-function-start
0x00035000,1,.rdata:0x0022898C,0,0,internal-target-candidate
0x00035010,1,.rdata:0x002289B0,1,1,covered-function-start
0x000350A0,1,.rdata:0x002289BC,1,1,covered-function-start
0x000350E0,1,.rdata:0x002289D0,1,1,covered-function-start
0x00035140,1,.rdata:0x00228988,1,1,covered-function-start
0x00035170,1,.rdata:0x00228990,1,1,covered-function-start
0x00035380,1,.rdata:0x00228994,1,1,covered-function-start
0x000354D0,1,.rdata:0x002289A8,1,1,covered-function-start
0x00035520,1,.rdata:0x002289A4,1,1,covered-function-start
0x00035570,1,.rdata:0x002289A0,1,1,covered-function-start
0x000355C0,1,.rdata:0x0022899C,1,1,covered-function-start
0x00035610,1,.rdata:0x002289B4,1,1,covered-function-start
0x00035650,1,.rdata:0x002289D4,0,1,internal-target-covered
0x00036728,1,.rdata:0x0023C7F8,0,0,internal-target-candidate
0x00036E03,1,.rdata:0x0023C5E0,0,0,internal-target-candidate
0x000374F1,1,.rdata:0x0023B3E8,0,0,internal-target-candidate
0x00037BD0,1,.rdata:0x00228A30,1,1,covered-function-start
0x00037BF0,1,.rdata:0x00228A34,1,1,covered-function-start
0x00037C00,1,.rdata:0x00228A40,1,1,covered-function-start
0x00037C20,1,.rdata:0x00228A44,1,1,covered-function-start
0x00037C30,1,.rdata:0x00228A50,1,1,covered-function-start
0x00037C50,1,.rdata:0x00228A54,1,1,covered-function-start
0x00037C70,1,.rdata:0x00228A60,1,1,covered-function-start
0x00037C90,1,.rdata:0x00228A64,1,1,covered-function-start
0x00037CA0,4,.rdata:0x00228A38 | .rdata:0x00228A48 | .rdata:0x00228A58 | .rdata:0x00228A68,1,1,covered-function-start
0x000388DC,1,.rdata:0x0023B854,0,0,internal-target-candidate
0x00038FD0,1,.rdata:0x00228A70,1,1,covered-function-start
0x00038FF0,1,.rdata:0x00228A74,1,1,covered-function-start
0x00039000,1,.rdata:0x00228A78,1,1,covered-function-start
0x00039677,1,.rdata:0x0023CA74,0,0,internal-target-candidate
0x0003A440,1,.rdata:0x00228A3C,1,1,covered-function-start
0x0003A4D0,1,.rdata:0x00228A4C,1,1,covered-function-start
0x0003A520,1,.rdata:0x00228A5C,1,1,covered-function-start
0x0003A550,1,.rdata:0x00228A7C,1,1,covered-function-start
0x0003A650,1,.rdata:0x00228AB8,1,1,covered-function-start
0x0003A6B0,1,.rdata:0x00228ABC,1,1,covered-function-start
0x0003A710,1,.rdata:0x00228AC0,1,1,covered-function-start
0x0003A810,1,.rdata:0x00228AC4,0,1,internal-target-covered
0x0003A940,2,.rdata:0x00228AF8 | .rdata:0x00228B24,1,1,covered-function-start
0x0003AB73,1,.rdata:0x0023B3E4,0,0,internal-target-candidate
0x0003AEF0,2,.rdata:0x00228AF4 | .rdata:0x00228B20,1,1,covered-function-start
0x0003B000,1,.rdata:0x00228AEC,1,1,covered-function-start
0x0003B020,2,.rdata:0x00228AFC | .rdata:0x00228B68,1,1,covered-function-start
0x0003B3B2,1,.rdata:0x0023C6A8,0,0,internal-target-candidate
0x0003B5D0,2,.rdata:0x00228AF0 | .rdata:0x00228B1C,1,1,covered-function-start
0x0003B660,1,.rdata:0x00228B18,1,1,covered-function-start
0x0003B690,1,.rdata:0x00228B28,1,1,covered-function-start
0x0003B750,1,.rdata:0x00228B5C,0,1,internal-target-covered
0x0003BBB0,1,.rdata:0x00228B58,1,1,covered-function-start
0x0003BBD0,1,.rdata:0x00228B60,1,1,covered-function-start
0x0003BBFB,1,.rdata:0x0023C4E8,0,0,internal-target-candidate
0x0003BD00,1,.rdata:0x00228B64,1,1,covered-function-start
0x0003C470,10,.rdata:0x00228BB8 | .rdata:0x00228C10 | .rdata:0x00228C58 | .rdata:0x00228CC0 | .rdata:0x00228D20 | .rdata:0x00228D78 | .rdata:0x00228DD8 | .rdata:0x00228E30 | .rdata:0x00228E90 | .rdata:0x00228EF8,1,1,covered-function-start
0x0003C550,6,.rdata:0x00228C1C | .rdata:0x00228C64 | .rdata:0x00228CCC | .rdata:0x00228D84 | .rdata:0x00228DE4 | .rdata:0x00228E3C,1,1,covered-function-start
0x0003C5B0,1,.rdata:0x00228BA8,1,1,covered-function-start
0x0003C5E0,1,.rdata:0x00228BAC,1,1,covered-function-start
0x0003C5F0,1,.rdata:0x00228BC4,1,1,covered-function-start
0x0003C610,1,.rdata:0x00228BC8,1,1,covered-function-start
0x0003C630,1,.rdata:0x00228BBC,1,1,covered-function-start
0x0003C650,17,.rdata:0x002287FC | .rdata:0x00228834 | .rdata:0x0022889C | .rdata:0x002288A0 | .rdata:0x0022891C | .rdata:0x00228BE0 | .rdata:0x00228E58 | .rdata:0x00229C90 | .rdata:0x0022B8E8 | .rdata:0x0022B900 | .rdata:0x0022B92C | .rdata:0x0022B968 | .rdata:0x0022B980 | .rdata:0x0022B9C4 | .rdata:0x0022BA20 | .rdata:0x0022BA60 | .rdata:0x0022BAE8,0,1,internal-target-covered
0x0003C660,1,.rdata:0x00228BB0,0,1,internal-target-covered
0x0003C690,1,.rdata:0x00228BC0,1,1,covered-function-start
0x0003C770,1,.rdata:0x00228BDC,0,1,internal-target-covered
0x0003C880,1,.rdata:0x00228C00,0,0,internal-target-candidate
0x0003C8F0,1,.rdata:0x00228C48,1,1,covered-function-start
0x0003C910,1,.rdata:0x00228C4C,1,1,covered-function-start
0x0003C920,1,.rdata:0x00228C80,1,1,covered-function-start
0x0003C980,1,.rdata:0x00228C54,1,1,covered-function-start
0x0003C9B0,1,.rdata:0x00228C70,1,1,covered-function-start
0x0003C9D0,1,.rdata:0x00228C74,1,1,covered-function-start
0x0003CA00,3,.rdata:0x00228C6C | .rdata:0x00228E44 | .rdata:0x00228EA4,1,1,covered-function-start
0x0003CB40,2,.rdata:0x00228C08 | .rdata:0x00228C50,1,1,covered-function-start
0x0003CB80,1,.rdata:0x00228C7C,1,1,covered-function-start
0x0003CD20,1,.rdata:0x00228C60,0,1,internal-target-covered
0x0003D050,1,.rdata:0x00228CB0,1,1,covered-function-start
0x0003D070,1,.rdata:0x00228CB4,1,1,covered-function-start
0x0003D0A0,1,.rdata:0x00228CC4,1,1,covered-function-start
0x0003D140,2,.rdata:0x00228BD4 | .rdata:0x00228CDC,1,1,covered-function-start
0x0003D320,3,.rdata:0x00228BCC | .rdata:0x00228CD4 | .rdata:0x00228D8C,1,1,covered-function-start
0x0003D330,1,.rdata:0x00228CB8,0,1,internal-target-covered
0x0003D360,1,.rdata:0x00228CE4,1,1,covered-function-start
0x0003D555,1,.rdata:0x0023C720,0,0,internal-target-candidate
0x0003D6E0,1,.rdata:0x00228CC8,1,1,covered-function-start
0x0003DAAB,1,.rdata:0x0023B510,0,0,internal-target-candidate
0x0003DAF0,1,.rdata:0x00228D10,1,1,covered-function-start
0x0003DB10,1,.rdata:0x00228D14,1,1,covered-function-start
0x0003DB20,1,.rdata:0x00228D2C,1,1,covered-function-start
0x0003DB70,1,.rdata:0x00228D30,1,1,covered-function-start
0x0003DBB0,1,.rdata:0x00228D44,1,1,covered-function-start
0x0003DF00,1,.rdata:0x00228D48,0,0,internal-target-candidate
0x0003DF20,1,.rdata:0x00228D28,1,1,covered-function-start
0x0003DF30,3,.rdata:0x00228BD0 | .rdata:0x00228CD8 | .rdata:0x00228D38,1,1,covered-function-start
0x0003DF70,3,.rdata:0x00228BB4 | .rdata:0x00228CBC | .rdata:0x00228D1C,1,1,covered-function-start
0x0003DFB0,1,.rdata:0x00228D24,1,1,covered-function-start
0x0003E140,1,.rdata:0x00228D18,1,1,covered-function-start
0x0003E190,1,.rdata:0x00228D68,0,0,internal-target-candidate
0x0003E1B0,1,.rdata:0x00228D6C,1,1,covered-function-start
0x0003E1C0,1,.rdata:0x00228D7C,1,1,covered-function-start
0x0003E230,1,.rdata:0x00228D90,1,1,covered-function-start
0x0003E280,1,.rdata:0x00228D94,1,1,covered-function-start
0x0003E2E0,1,.rdata:0x00228D74,0,1,internal-target-covered
0x0003E39B,1,.rdata:0x0023C8F8,0,0,internal-target-candidate
0x0003E3A0,1,.rdata:0x00228D70,1,1,covered-function-start
0x0003E3F0,1,.rdata:0x00228D9C,1,1,covered-function-start
0x0003E420,1,.rdata:0x00228DA0,1,1,covered-function-start
0x0003E570,1,.rdata:0x00228D80,1,1,covered-function-start
0x0003E6E0,1,.rdata:0x00228DD4,1,1,covered-function-start
0x0003E710,1,.rdata:0x00228DEC,1,1,covered-function-start
0x0003ECC0,1,.rdata:0x00228DF0,1,1,covered-function-start
0x0003ECE0,1,.rdata:0x00228DF4,1,1,covered-function-start
0x0003ED00,1,.rdata:0x00228DDC,1,1,covered-function-start
0x0003ED10,1,.rdata:0x00228E00,1,1,covered-function-start
0x0003EE11,1,.rdata:0x0023C6A4,0,0,internal-target-candidate
0x0003F1A0,1,.rdata:0x00228DC8,1,1,covered-function-start
0x0003F1C0,1,.rdata:0x00228DCC,1,1,covered-function-start
0x0003F1D0,1,.rdata:0x00228E08,1,1,covered-function-start
0x0003F2A0,1,.rdata:0x00228DFC,1,1,covered-function-start
0x0003F580,1,.rdata:0x00228DD0,1,1,covered-function-start
0x0003F5A0,1,.rdata:0x00228DE0,1,1,covered-function-start
0x0003F6DD,1,.rdata:0x0023C4E4,0,0,internal-target-candidate
0x0003F6E0,1,.rdata:0x00228E20,1,1,covered-function-start
0x0003F700,1,.rdata:0x00228E24,1,1,covered-function-start
0x0003F710,1,.rdata:0x00228E34,1,1,covered-function-start
0x0003F730,1,.rdata:0x00228E38,1,1,covered-function-start
0x0003F7D0,1,.rdata:0x00228E54,1,1,covered-function-start
0x0003F870,3,.rdata:0x00228D3C | .rdata:0x00228E4C | .rdata:0x00228EAC,1,1,covered-function-start
0x0003F8A0,1,.rdata:0x00228E28,1,1,covered-function-start
0x0003F900,1,.rdata:0x00228E94,1,1,covered-function-start
0x0003F910,2,.rdata:0x00228EA8 | .rdata:0x00236B08,1,1,covered-function-start
0x0003F940,1,.rdata:0x00228EB8,1,1,covered-function-start
0x0003F9D0,1,.rdata:0x00228E9C,0,0,internal-target-candidate
0x0003FA90,1,.rdata:0x00228EA0,1,1,covered-function-start
0x0003FB70,1,.rdata:0x00228EB4,1,1,covered-function-start
0x0003FDD0,1,.rdata:0x00228E80,1,1,covered-function-start
0x0003FDF0,1,.rdata:0x00228E84,1,1,covered-function-start
0x0003FE00,7,.rdata:0x00228E50 | .rdata:0x00228EB0 | .rdata:0x00228F18 | .rdata:0x002310B0 | .rdata:0x00233900 | .rdata:0x002339E8 | .rdata:0x00235EBC,1,1,covered-function-start
0x0003FE70,1,.rdata:0x00228E88,1,1,covered-function-start
0x0003FED0,1,.rdata:0x00228F04,1,1,covered-function-start
0x0003FF30,1,.rdata:0x00228F08,1,1,covered-function-start
0x0003FFA0,1,.rdata:0x00228EF4,1,1,covered-function-start
0x0003FFD0,1,.rdata:0x00228F0C,1,1,covered-function-start
0x0004027C,1,.rdata:0x0022A214,0,0,internal-target-candidate
0x00040288,1,.rdata:0x0022A218,0,0,internal-target-candidate
0x0004028C,1,.rdata:0x0022A21C,0,0,internal-target-candidate
0x00040304,1,.rdata:0x0022A2E4,0,0,internal-target-candidate
0x00040310,1,.rdata:0x0022A2FC,1,1,covered-function-start
0x00040330,1,.rdata:0x0022A334,0,0,internal-target-candidate
0x0004033C,1,.rdata:0x0022A2E0,0,0,internal-target-candidate
0x00040348,1,.rdata:0x0022A2F4,0,0,internal-target-candidate
0x00040354,1,.rdata:0x0022A2DC,0,0,internal-target-candidate
0x0004035C,1,.rdata:0x0022A2F8,0,0,internal-target-candidate
0x00040364,1,.rdata:0x0022A310,0,0,internal-target-candidate
0x00040368,1,.rdata:0x0022A314,0,0,internal-target-candidate
0x0004036C,1,.rdata:0x0022A318,0,0,internal-target-candidate
0x0004037C,1,.rdata:0x0022A300,0,0,internal-target-candidate
0x00040384,1,.rdata:0x0022A32C,0,0,internal-target-candidate
0x00040388,1,.rdata:0x0022A330,0,0,internal-target-candidate
0x00040A40,1,.rdata:0x00228F20,0,1,internal-target-covered
0x00040A80,1,.rdata:0x0022A240,0,0,internal-target-candidate
0x00040A84,1,.rdata:0x0022A244,0,0,internal-target-candidate
0x00040A88,1,.rdata:0x0022A248,0,0,internal-target-candidate
0x00040FC0,1,.rdata:0x00228EE8,1,1,covered-function-start
0x00040FE0,1,.rdata:0x00228EEC,1,1,covered-function-start
0x00040FF0,2,.rdata:0x00228E48 | .rdata:0x00228F10,1,1,covered-function-start
0x00041010,1,.rdata:0x00228F14,1,1,covered-function-start
0x00041220,1,.rdata:0x00228EF0,1,1,covered-function-start
0x00041240,1,.rdata:0x00228F1C,1,1,covered-function-start
0x0004147C,1,.rdata:0x0022A344,0,0,internal-target-candidate
0x00041510,1,.rdata:0x00228FE4,1,1,covered-function-start
0x00041540,1,.rdata:0x00228FE8,0,1,internal-target-covered
0x000415A0,72,.rdata:0x00229000 | .rdata:0x00229328 | .rdata:0x00229768 | .rdata:0x00229838 | .rdata:0x002298B0 | .rdata:0x00229990 | .rdata:0x00229A50 | .rdata:0x00229B80 | .rdata:0x0022A438 | .rdata:0x0022A6C0 | .rdata:0x0022B360 | .rdata:0x0022B400 | .rdata:0x0022B598 | .rdata:0x0022B658 | .rdata:0x0022B848 | .rdata:0x0022BB38 | .rdata:0x0022C248 | .rdata:0x0022C6A8 | .rdata:0x0022C738 | .rdata:0x0022C8B0 | .rdata:0x0022C9F8 | .rdata:0x0022D3A8 | .rdata:0x0022D498 | .rdata:0x0022D658 | .rdata:0x0022DD58 | .rdata:0x0022DDF0 | .rdata:0x0022DE88 | .rdata:0x0022DFD8 | .rdata:0x0022E5E0 | .rdata:0x0022E7D0 | .rdata:0x0022ECD8 | .rdata:0x0022EF48 | .rdata:0x0022F1D0 | .rdata:0x0022F270 | .rdata:0x0022F328 | .rdata:0x0022F3B8 | .rdata:0x0022F478 | .rdata:0x0022F518 | .rdata:0x0022F600 | .rdata:0x0022F6D0 | .rdata:0x0022F788 | .rdata:0x0022F7D8 | .rdata:0x0022F9E0 | .rdata:0x0022FAA0 | .rdata:0x0022FB38 | .rdata:0x0022FC10 | .rdata:0x0022FCB8 | .rdata:0x0022FD50 | .rdata:0x0022FE00 | .rdata:0x0022FEC0 | .rdata:0x0022FF50 | .rdata:0x00230018 | .rdata:0x002300C8 | .rdata:0x00230190 | .rdata:0x00230200 | .rdata:0x00235788 | .rdata:0x002358C8 | .rdata:0x00235A58 | .rdata:0x00235E18 | .rdata:0x00235F38 | .rdata:0x00235FB0 | .rdata:0x00236000 | .rdata:0x00236058 | .rdata:0x002361B8 | .rdata:0x002363D0 | .rdata:0x002367A0 | .rdata:0x00236840 | .rdata:0x00236910 | .rdata:0x00236A00 | .rdata:0x00236B48 | .rdata:0x00236C08 | .rdata:0x00236CA8,1,1,covered-function-start
0x000415B0,2,.rdata:0x0022901C | .rdata:0x002358E4,1,1,covered-function-start
0x000415E0,2,.rdata:0x00229020 | .rdata:0x002358E8,1,1,covered-function-start
0x000415F0,1,.rdata:0x00229024,1,1,covered-function-start
0x000418D0,24,.rdata:0x00225D58 | .rdata:0x00225F30 | .rdata:0x002260E8 | .rdata:0x00226250 | .rdata:0x002263E0 | .rdata:0x00226598 | .rdata:0x002267C0 | .rdata:0x00226958 | .rdata:0x00226B28 | .rdata:0x00226D08 | .rdata:0x002290A8 | .rdata:0x00229A3C | .rdata:0x00229C2C | .rdata:0x0022CAA0 | .rdata:0x0022D540 | .rdata:0x0022D5C0 | .rdata:0x0022D5D4 | .rdata:0x0022E688 | .rdata:0x0022E708 | .rdata:0x0022E878 | .rdata:0x0022ED80 | .rdata:0x00235970 | .rdata:0x00236BD8 | .rdata:0x00236BDC,1,1,covered-function-start
0x000419BB,1,.rdata:0x0023CC78,0,0,internal-target-candidate
0x00041D78,1,.rdata:0x0022A340,0,0,internal-target-candidate
0x00041D90,8,.rdata:0x0022A348 | .rdata:0x0022A34C | .rdata:0x0022A350 | .rdata:0x0022A354 | .rdata:0x0022A358 | .rdata:0x0022A35C | .rdata:0x0022A360 | .rdata:0x0022A364,0,0,internal-target-candidate
0x000424BF,1,.rdata:0x0023B840,0,0,internal-target-candidate
0x00042620,1,.rdata:0x00229248,1,1,covered-function-start
0x00042630,1,.rdata:0x002292D4,1,1,covered-function-start
0x00042640,1,.rdata:0x002292E0,1,1,covered-function-start
0x00042660,1,.rdata:0x00229320,1,1,covered-function-start
0x00042780,8,.rdata:0x00229040 | .rdata:0x00229368 | .rdata:0x0022CA38 | .rdata:0x0022D4D8 | .rdata:0x0022E620 | .rdata:0x0022E810 | .rdata:0x0022ED18 | .rdata:0x00235908,1,1,covered-function-start
0x00042B70,1,.rdata:0x002292C0,1,1,covered-function-start
0x00042BF0,1,.rdata:0x002292C4,1,1,covered-function-start
0x00042C70,1,.rdata:0x0022937C,0,1,internal-target-covered
0x00043370,1,.rdata:0x00229344,0,1,internal-target-covered
0x000433A0,1,.rdata:0x00229348,1,1,covered-function-start
0x000433B0,1,.rdata:0x00229378,1,1,covered-function-start
0x000433E0,1,.rdata:0x002292D0,1,1,covered-function-start
0x000433F0,12,.rdata:0x00225E48 | .rdata:0x00226000 | .rdata:0x002264A0 | .rdata:0x002266D8 | .rdata:0x00226870 | .rdata:0x00226A40 | .rdata:0x00226C08 | .rdata:0x00228FA8 | .rdata:0x002292D8 | .rdata:0x0022E790 | .rdata:0x0022EC98 | .rdata:0x00235888,1,1,covered-function-start
0x00043410,1,.rdata:0x002292E4,1,1,covered-function-start
0x00043430,31,.rdata:0x002292E8 | .rdata:0x002292EC | .rdata:0x002299E0 | .rdata:0x00229A38 | .rdata:0x00229AA0 | .rdata:0x00229BD0 | .rdata:0x00229C28 | .rdata:0x0022B450 | .rdata:0x0022B5E8 | .rdata:0x0022C900 | .rdata:0x0022DDA8 | .rdata:0x0022DE40 | .rdata:0x0022DED8 | .rdata:0x0022E028 | .rdata:0x0022FC60 | .rdata:0x00230068 | .rdata:0x002303E8 | .rdata:0x00230450 | .rdata:0x002304AC | .rdata:0x00230500 | .rdata:0x00230564 | .rdata:0x00230670 | .rdata:0x00235AA8 | .rdata:0x00235E68 | .rdata:0x00236890 | .rdata:0x00236B18 | .rdata:0x00236B1C | .rdata:0x00236C58 | .rdata:0x00236CF8 | .rdata:0x00237710 | .rdata:0x00238260,1,1,covered-function-start
0x00043440,1,.rdata:0x002292F0,1,1,covered-function-start
0x00043450,82,.rdata:0x00225E74 | .rdata:0x0022602C | .rdata:0x002264CC | .rdata:0x00226640 | .rdata:0x00226704 | .rdata:0x0022689C | .rdata:0x00226A1C | .rdata:0x00226A6C | .rdata:0x00226C34 | .rdata:0x00226E68 | .rdata:0x00226EB4 | .rdata:0x00226F00 | .rdata:0x00226F54 | .rdata:0x00226FB4 | .rdata:0x00227000 | .rdata:0x0022704C | .rdata:0x002270C0 | .rdata:0x00227120 | .rdata:0x00227178 | .rdata:0x002271C8 | .rdata:0x00227220 | .rdata:0x00227270 | .rdata:0x002272C0 | .rdata:0x00227310 | .rdata:0x00227470 | .rdata:0x002274BC | .rdata:0x00227514 | .rdata:0x00227560 | .rdata:0x002275B8 | .rdata:0x00227604 | .rdata:0x00227650 | .rdata:0x002276A0 | .rdata:0x002276F4 | .rdata:0x00227744 | .rdata:0x00227790 | .rdata:0x002277DC | .rdata:0x00227828 | .rdata:0x00227874 | .rdata:0x002278C0 | .rdata:0x00227924 | .rdata:0x00227998 | .rdata:0x002279FC | .rdata:0x00227A58 | .rdata:0x00227AB0 | .rdata:0x00227B00 | .rdata:0x00227B54 | .rdata:0x00227BA0 | .rdata:0x00227BF0 | .rdata:0x00227C3C | .rdata:0x00227C98 | .rdata:0x00227CF0 | .rdata:0x00227D40 | .rdata:0x00227D98 | .rdata:0x00227DF0 | .rdata:0x00227E40 | .rdata:0x00227EA0 | .rdata:0x00227EF0 | .rdata:0x00227F40 | .rdata:0x00227F8C | .rdata:0x00227FF0 | .rdata:0x00228044 | .rdata:0x002280A8 | .rdata:0x00228128 | .rdata:0x0022817C | .rdata:0x002281E0 | .rdata:0x00228250 | .rdata:0x002282B0 | .rdata:0x0022831C | .rdata:0x002287AC | .rdata:0x00228D34 | .rdata:0x00228FD4 | .rdata:0x00229304 | .rdata:0x0022C6FC | .rdata:0x0022C700 | .rdata:0x0022D444 | .rdata:0x0022E5BC | .rdata:0x0022E7BC | .rdata:0x0022ECC4 | .rdata:0x0022EF9C | .rdata:0x0022EFA0 | .rdata:0x002358B4 | .rdata:0x00236B34,1,1,covered-function-start
0x00043460,2,.rdata:0x0022924C | .rdata:0x00229250,1,1,covered-function-start
0x00043470,1,.rdata:0x00229254,1,1,covered-function-start
0x00043480,1,.rdata:0x00229258,0,0,internal-target-candidate
0x00043490,1,.rdata:0x0022925C,0,0,internal-target-candidate
0x000434A0,1,.rdata:0x00229260,0,0,internal-target-candidate
0x000434B0,1,.rdata:0x00229264,0,0,internal-target-candidate
0x000434C0,1,.rdata:0x00229268,0,0,internal-target-candidate
0x000434D0,1,.rdata:0x0022926C,0,0,internal-target-candidate
0x000434E0,1,.rdata:0x00229270,0,0,internal-target-candidate
0x000434F0,1,.rdata:0x00229274,0,0,internal-target-candidate
0x00043500,1,.rdata:0x00229278,0,0,internal-target-candidate
0x00043510,1,.rdata:0x0022927C,0,0,internal-target-candidate
0x00043520,1,.rdata:0x00229280,0,0,internal-target-candidate
0x00043530,1,.rdata:0x00229288,0,0,internal-target-candidate
0x00043540,1,.rdata:0x00229284,0,0,internal-target-candidate
0x00043550,1,.rdata:0x0022928C,0,0,internal-target-candidate
0x00043560,1,.rdata:0x00229290,0,0,internal-target-candidate
0x00043570,1,.rdata:0x00229294,0,0,internal-target-candidate
0x00043580,1,.rdata:0x00229298,0,0,internal-target-candidate
0x00043590,1,.rdata:0x0022929C,0,0,internal-target-candidate
0x000435A0,1,.rdata:0x002292A0,0,0,internal-target-candidate
0x000435B0,1,.rdata:0x002292A8,0,0,internal-target-candidate
0x000435C0,1,.rdata:0x002292A4,0,0,internal-target-candidate
0x000435D0,36,.rdata:0x00225CE0 | .rdata:0x00225CE4 | .rdata:0x00225EB8 | .rdata:0x00225EBC | .rdata:0x00226070 | .rdata:0x00226074 | .rdata:0x002261D8 | .rdata:0x002261DC | .rdata:0x00226368 | .rdata:0x0022636C | .rdata:0x00226520 | .rdata:0x00226524 | .rdata:0x00226748 | .rdata:0x0022674C | .rdata:0x002268E0 | .rdata:0x002268E4 | .rdata:0x00226AB0 | .rdata:0x00226AB4 | .rdata:0x00226C90 | .rdata:0x00226C94 | .rdata:0x00229030 | .rdata:0x00229034 | .rdata:0x00229358 | .rdata:0x0022935C | .rdata:0x0022CA28 | .rdata:0x0022CA2C | .rdata:0x0022D4C8 | .rdata:0x0022D4CC | .rdata:0x0022E610 | .rdata:0x0022E614 | .rdata:0x0022E800 | .rdata:0x0022E804 | .rdata:0x0022ED08 | .rdata:0x0022ED0C | .rdata:0x002358F8 | .rdata:0x002358FC,0,1,internal-target-covered
0x000435E0,1,.rdata:0x002292AC,1,1,covered-function-start
0x000435F0,1,.rdata:0x002292B0,0,0,internal-target-candidate
0x00043600,16,.rdata:0x00225CA4 | .rdata:0x00225CA8 | .rdata:0x00226C58 | .rdata:0x00226C5C | .rdata:0x00228FF8 | .rdata:0x00228FFC | .rdata:0x0022C9F0 | .rdata:0x0022C9F4 | .rdata:0x0022D478 | .rdata:0x0022D47C | .rdata:0x0022DFD0 | .rdata:0x0022DFD4 | .rdata:0x0022FC04 | .rdata:0x0022FC08 | .rdata:0x00235E0C | .rdata:0x00235E10,0,1,internal-target-covered
0x00043610,1,.rdata:0x00229300,0,1,internal-target-covered
0x00043AA0,1,.rdata:0x0022931C,1,1,covered-function-start
0x00043AE0,1,.rdata:0x00229324,1,1,covered-function-start
0x00043C60,1,.rdata:0x002293A8,1,1,covered-function-start
0x00044160,1,.rdata:0x00229380,1,1,covered-function-start
0x00044210,1,.rdata:0x00229388,1,1,covered-function-start
0x00044590,1,.rdata:0x0022934C,1,1,covered-function-start
0x000445B0,1,.rdata:0x00229318,1,1,covered-function-start
0x00044660,1,.rdata:0x00229314,1,1,covered-function-start
0x00044A10,1,.rdata:0x00229384,1,1,covered-function-start
0x00044D90,1,.rdata:0x00229330,1,1,covered-function-start
0x00044E28,1,.rdata:0x0023CB74,0,0,internal-target-candidate
0x00045080,1,.rdata:0x002294DC,1,1,covered-function-start
0x00045240,1,.rdata:0x002294E0,1,1,covered-function-start
0x00045D80,1,.rdata:0x002294E8,1,1,covered-function-start
0x00047020,1,.rdata:0x002294D0,1,1,covered-function-start
0x00047040,1,.rdata:0x002294D4,1,1,covered-function-start
0x00047170,1,.rdata:0x002294D8,1,1,covered-function-start
0x00047190,1,.rdata:0x002294E4,1,1,covered-function-start
0x000473C8,1,.rdata:0x0023B714,0,0,internal-target-candidate
0x00047B2D,1,.rdata:0x0023C5E8,0,0,internal-target-candidate
0x00048A40,1,.rdata:0x002292B8,1,1,covered-function-start
0x00048C70,1,.rdata:0x00229510,1,1,covered-function-start
0x00048C90,1,.rdata:0x00229514,1,1,covered-function-start
0x00048D66,1,.rdata:0x0023BC9C,0,0,internal-target-candidate
0x00048E40,1,.rdata:0x00229520,1,1,covered-function-start
0x00048EE0,1,.rdata:0x00229518,1,1,covered-function-start
0x000490FC,1,.rdata:0x0023CA70,0,0,internal-target-candidate
0x00049FB0,1,.rdata:0x00229770,1,1,covered-function-start
0x0004A110,16,.rdata:0x00229784 | .rdata:0x0022A454 | .rdata:0x0022A6DC | .rdata:0x0022B37C | .rdata:0x0022B674 | .rdata:0x0022B864 | .rdata:0x0022BB54 | .rdata:0x0022C264 | .rdata:0x0022D3C4 | .rdata:0x0022F7A4 | .rdata:0x0022F7F4 | .rdata:0x00235F54 | .rdata:0x00235FCC | .rdata:0x00236074 | .rdata:0x002361D4 | .rdata:0x002367BC,1,1,covered-function-start
0x0004A130,16,.rdata:0x00229788 | .rdata:0x0022A458 | .rdata:0x0022A6E0 | .rdata:0x0022B380 | .rdata:0x0022B678 | .rdata:0x0022B868 | .rdata:0x0022BB58 | .rdata:0x0022C268 | .rdata:0x0022D3C8 | .rdata:0x0022F7A8 | .rdata:0x0022F7F8 | .rdata:0x00235F58 | .rdata:0x00235FD0 | .rdata:0x00236078 | .rdata:0x002361D8 | .rdata:0x002367C0,1,1,covered-function-start
0x0004A290,1,.rdata:0x0022978C,1,1,covered-function-start
0x0004A310,1,.rdata:0x002297BC,1,1,covered-function-start
0x0004A370,1,.rdata:0x002297D8,1,1,covered-function-start
0x0004A460,1,.rdata:0x002297C0,0,1,internal-target-covered
0x0004A480,1,.rdata:0x002297C4,1,1,covered-function-start
0x0004A4C0,1,.rdata:0x002297C8,1,1,covered-function-start
0x0004A5F5,1,.rdata:0x0023C814,0,0,internal-target-candidate
0x0004AB10,1,.rdata:0x002297D0,1,1,covered-function-start
0x0004ACC0,3,.rdata:0x0022951C | .rdata:0x002297CC | .rdata:0x00229800,0,1,internal-target-covered
0x0004B4C0,1,.rdata:0x002297F4,0,0,internal-target-candidate
0x0004B4E0,1,.rdata:0x002297F8,1,1,covered-function-start
0x0004B560,2,.rdata:0x00229528 | .rdata:0x0022980C,1,1,covered-function-start
0x0004BA70,1,.rdata:0x002297FC,1,1,covered-function-start
0x0004BF40,1,.rdata:0x00229854,0,0,internal-target-candidate
0x0004BF60,1,.rdata:0x00229858,1,1,covered-function-start
0x0004BF70,1,.rdata:0x00229884,1,1,covered-function-start
0x0004C030,1,.rdata:0x0022985C,1,1,covered-function-start
0x0004C060,1,.rdata:0x0022A700,1,1,covered-function-start
0x0004C150,1,.rdata:0x002298CC,1,1,covered-function-start
0x0004C180,1,.rdata:0x002298D0,1,1,covered-function-start
0x0004C190,1,.rdata:0x002298F8,1,1,covered-function-start
0x0004C1A0,1,.rdata:0x0022990C,1,1,covered-function-start
0x0004C1D6,1,.rdata:0x0023C5E4,0,0,internal-target-candidate
0x0004C240,1,.rdata:0x00229910,1,1,covered-function-start
0x0004C260,1,.rdata:0x00229914,1,1,covered-function-start
0x0004C280,1,.rdata:0x00229918,1,1,covered-function-start
0x0004C2A0,1,.rdata:0x00229904,1,1,covered-function-start
0x0004C2E0,1,.rdata:0x00229908,1,1,covered-function-start
0x0004C3A0,1,.rdata:0x002298D4,1,1,covered-function-start
0x0004C990,1,.rdata:0x002298F4,1,1,covered-function-start
0x0004C9C0,1,.rdata:0x002298B8,1,1,covered-function-start
0x0004CA10,1,.rdata:0x002298F0,1,1,covered-function-start
0x0004CC50,1,.rdata:0x002298FC,1,1,covered-function-start
0x0004CF10,1,.rdata:0x0022991C,1,1,covered-function-start
0x0004EC10,2,.rdata:0x0022AE78 | .rdata:0x002302D0,1,1,covered-function-start
0x0004F0B9,1,.rdata:0x0023C7F4,0,0,internal-target-candidate
0x0004F4E0,6,.rdata:0x002299AC | .rdata:0x00229A6C | .rdata:0x00229B9C | .rdata:0x00235A74 | .rdata:0x00236C24 | .rdata:0x00236CC4,1,1,covered-function-start
0x0004F500,6,.rdata:0x002299B0 | .rdata:0x00229A70 | .rdata:0x00229BA0 | .rdata:0x00235A78 | .rdata:0x00236C28 | .rdata:0x00236CC8,1,1,covered-function-start
0x0004F510,172,.rdata:0x00225CBC | .rdata:0x00225CC0 | .rdata:0x00225E94 | .rdata:0x00225E98 | .rdata:0x0022604C | .rdata:0x00226050 | .rdata:0x002261B4 | .rdata:0x002261B8 | .rdata:0x00226344 | .rdata:0x00226348 | .rdata:0x002264FC | .rdata:0x00226500 | .rdata:0x00226724 | .rdata:0x00226728 | .rdata:0x002268BC | .rdata:0x002268C0 | .rdata:0x00226A8C | .rdata:0x00226A90 | .rdata:0x00226C6C | .rdata:0x00226C70 | .rdata:0x0022900C | .rdata:0x00229010 | .rdata:0x00229334 | .rdata:0x00229338 | .rdata:0x00229774 | .rdata:0x00229778 | .rdata:0x00229844 | .rdata:0x00229848 | .rdata:0x002298BC | .rdata:0x002298C0 | .rdata:0x0022999C | .rdata:0x002299A0 | .rdata:0x00229A5C | .rdata:0x00229A60 | .rdata:0x00229B8C | .rdata:0x00229B90 | .rdata:0x0022A444 | .rdata:0x0022A448 | .rdata:0x0022A6CC | .rdata:0x0022A6D0 | .rdata:0x0022B36C | .rdata:0x0022B370 | .rdata:0x0022B40C | .rdata:0x0022B410 | .rdata:0x0022B5A4 | .rdata:0x0022B5A8 | .rdata:0x0022B664 | .rdata:0x0022B668 | .rdata:0x0022B854 | .rdata:0x0022B858 | .rdata:0x0022BB44 | .rdata:0x0022BB48 | .rdata:0x0022C254 | .rdata:0x0022C258 | .rdata:0x0022C6B4 | .rdata:0x0022C6B8 | .rdata:0x0022C744 | .rdata:0x0022C748 | .rdata:0x0022C8BC | .rdata:0x0022C8C0 | .rdata:0x0022CA04 | .rdata:0x0022CA08 | .rdata:0x0022D3B4 | .rdata:0x0022D3B8 | .rdata:0x0022D4A4 | .rdata:0x0022D4A8 | .rdata:0x0022D664 | .rdata:0x0022D668 | .rdata:0x0022DD64 | .rdata:0x0022DD68 | .rdata:0x0022DDFC | .rdata:0x0022DE00 | .rdata:0x0022DE94 | .rdata:0x0022DE98 | .rdata:0x0022DFE4 | .rdata:0x0022DFE8 | .rdata:0x0022E5EC | .rdata:0x0022E5F0 | .rdata:0x0022E7DC | .rdata:0x0022E7E0 | .rdata:0x0022ECE4 | .rdata:0x0022ECE8 | .rdata:0x0022EF54 | .rdata:0x0022EF58 | .rdata:0x0022F1DC | .rdata:0x0022F1E0 | .rdata:0x0022F27C | .rdata:0x0022F280 | .rdata:0x0022F334 | .rdata:0x0022F338 | .rdata:0x0022F3C4 | .rdata:0x0022F3C8 | .rdata:0x0022F484 | .rdata:0x0022F488 | .rdata:0x0022F524 | .rdata:0x0022F528 | .rdata:0x0022F60C | .rdata:0x0022F610 | .rdata:0x0022F6DC | .rdata:0x0022F6E0 | .rdata:0x0022F794 | .rdata:0x0022F798 | .rdata:0x0022F7E4 | .rdata:0x0022F7E8 | .rdata:0x0022F9EC | .rdata:0x0022F9F0 | .rdata:0x0022FAAC | .rdata:0x0022FAB0 | .rdata:0x0022FB44 | .rdata:0x0022FB48 | .rdata:0x0022FC1C | .rdata:0x0022FC20 | .rdata:0x0022FCC4 | .rdata:0x0022FCC8 | .rdata:0x0022FD5C | .rdata:0x0022FD60 | .rdata:0x0022FE0C | .rdata:0x0022FE10 | .rdata:0x0022FECC | .rdata:0x0022FED0 | .rdata:0x0022FF5C | .rdata:0x0022FF60 | .rdata:0x00230024 | .rdata:0x00230028 | .rdata:0x002300D4 | .rdata:0x002300D8 | .rdata:0x0023019C | .rdata:0x002301A0 | .rdata:0x0023020C | .rdata:0x00230210 | .rdata:0x00235794 | .rdata:0x00235798 | .rdata:0x002358D4 | .rdata:0x002358D8 | .rdata:0x00235A64 | .rdata:0x00235A68 | .rdata:0x00235D24 | .rdata:0x00235E24 | .rdata:0x00235E28 | .rdata:0x00235F44 | .rdata:0x00235F48 | .rdata:0x00235FBC | .rdata:0x00235FC0 | .rdata:0x0023600C | .rdata:0x00236010 | .rdata:0x00236064 | .rdata:0x00236068 | .rdata:0x002361C4 | .rdata:0x002361C8 | .rdata:0x002363DC | .rdata:0x002363E0 | .rdata:0x002367AC | .rdata:0x002367B0 | .rdata:0x0023684C | .rdata:0x00236850 | .rdata:0x0023691C | .rdata:0x00236920 | .rdata:0x00236A0C | .rdata:0x00236A10 | .rdata:0x00236B54 | .rdata:0x00236B58 | .rdata:0x00236C14 | .rdata:0x00236C18 | .rdata:0x00236CB4 | .rdata:0x00236CB8 | .rdata:0x0023725C | .rdata:0x002373E4 | .rdata:0x00237764 | .rdata:0x002378FC | .rdata:0x00237C94 | .rdata:0x00238024 | .rdata:0x002382B4,1,1,covered-function-start
0x0004F540,53,.rdata:0x00226160 | .rdata:0x00226458 | .rdata:0x00227ED4 | .rdata:0x00228BE8 | .rdata:0x00228C14 | .rdata:0x00228C40 | .rdata:0x00228C5C | .rdata:0x00228C88 | .rdata:0x00228CF0 | .rdata:0x00228D50 | .rdata:0x00228DA8 | .rdata:0x00228E60 | .rdata:0x00228EC0 | .rdata:0x00228EFC | .rdata:0x00228F28 | .rdata:0x00229A24 | .rdata:0x00229A28 | .rdata:0x00229C18 | .rdata:0x0022C224 | .rdata:0x0022C4DC | .rdata:0x0022C7B0 | .rdata:0x0022D624 | .rdata:0x0022F244 | .rdata:0x0022F39C | .rdata:0x0022F42C | .rdata:0x0022F4EC | .rdata:0x0022F58C | .rdata:0x0022F674 | .rdata:0x0022F744 | .rdata:0x0022FA54 | .rdata:0x0022FB14 | .rdata:0x0022FBAC | .rdata:0x0022FD14 | .rdata:0x0022FD2C | .rdata:0x0022FDAC | .rdata:0x0022FDC4 | .rdata:0x0022FE74 | .rdata:0x0022FF34 | .rdata:0x0022FFC4 | .rdata:0x0023013C | .rdata:0x00230274 | .rdata:0x00234C3C | .rdata:0x00236044 | .rdata:0x00236B30 | .rdata:0x00236BD4 | .rdata:0x002370B8 | .rdata:0x00237150 | .rdata:0x00237470 | .rdata:0x00237550 | .rdata:0x00237978 | .rdata:0x00237DA0 | .rdata:0x00237F10 | .rdata:0x002382A8,1,1,covered-function-start
0x0004F550,1,.rdata:0x002299B4,1,1,covered-function-start
0x0004F5B0,1,.rdata:0x00229AF8,1,1,covered-function-start
0x0004F6F0,1,.rdata:0x00229AE4,1,1,covered-function-start
0x0004F710,1,.rdata:0x00229AE8,1,1,covered-function-start
0x0004F730,1,.rdata:0x00229A74,1,1,covered-function-start
0x0004F800,1,.rdata:0x00229A58,1,1,covered-function-start
0x0004F970,1,.rdata:0x00229AFC,1,1,covered-function-start
0x0004F9E0,1,.rdata:0x00229AEC,0,1,internal-target-covered
0x0004FB50,1,.rdata:0x00229AF0,1,1,covered-function-start
0x0004FBA0,1,.rdata:0x00229B04,1,1,covered-function-start
0x0004FC30,1,.rdata:0x00229AF4,1,1,covered-function-start
0x00050000,1,.rdata:0x0023B980,0,0,internal-target-candidate
0x0005022D,1,.rdata:0x0023C728,0,0,internal-target-candidate
0x00050800,3,.rdata:0x0022D61C | .rdata:0x0022EE6C | .rdata:0x0023C820,1,1,covered-function-start
0x000508A0,1,.rdata:0x00229C14,1,1,covered-function-start
0x00050C50,1,.rdata:0x00229C84,1,1,covered-function-start
0x00050EA0,1,.rdata:0x00229C7C,1,1,covered-function-start
0x00050F30,1,.rdata:0x00229C8C,1,1,covered-function-start
0x00051030,1,.rdata:0x00229BA4,1,1,covered-function-start
0x00051680,1,.rdata:0x00229CA0,1,1,covered-function-start
0x00051BE0,1,.rdata:0x00229C88,1,1,covered-function-start
0x00052010,1,.rdata:0x00229C48,1,1,covered-function-start
0x00052030,1,.rdata:0x00229C4C,1,1,covered-function-start
0x00052040,1,.rdata:0x00229C60,1,1,covered-function-start
0x00052050,1,.rdata:0x00229C80,1,1,covered-function-start
0x00052060,1,.rdata:0x00229CA8,1,1,covered-function-start
0x00052070,1,.rdata:0x00229C68,1,1,covered-function-start
0x000520C0,2,.rdata:0x0022F790 | .rdata:0x00235790,1,1,covered-function-start
0x00052610,1,.rdata:0x00229C50,1,1,covered-function-start
0x00052630,1,.rdata:0x00229CA4,1,1,covered-function-start
0x00054680,1,.rdata:0x00229C98,1,1,covered-function-start
0x00055126,1,.rdata:0x0023C724,0,0,internal-target-candidate
0x000585A0,3,.rdata:0x00229A40 | .rdata:0x00229B00 | .rdata:0x00229C30,1,1,covered-function-start
0x000585E0,2,.rdata:0x00229A44 | .rdata:0x00229C34,1,1,covered-function-start
0x00058600,1,.rdata:0x00229C1C,1,1,covered-function-start
0x00058630,1,.rdata:0x00229C20,1,1,covered-function-start
0x00058FD0,1,.rdata:0x0022C954,1,1,covered-function-start
0x000591C0,1,.rdata:0x00229FB4,1,1,covered-function-start
0x000591F0,1,.rdata:0x00229FB8,1,1,covered-function-start
0x00059260,1,.rdata:0x00229FBC,0,1,internal-target-covered
0x000592E0,1,.rdata:0x00229FC0,0,1,internal-target-covered
0x00059480,1,.rdata:0x0022A6BC,1,1,covered-function-start
0x000594B9,1,.rdata:0x0023BB38,0,0,internal-target-candidate
0x0005A2A0,1,.rdata:0x0022B538,1,1,covered-function-start
0x0005A2F0,1,.rdata:0x0022B540,1,1,covered-function-start
0x0005A370,1,.rdata:0x0022B544,0,0,internal-target-candidate
0x0005A3C0,1,.rdata:0x0022B548,1,1,covered-function-start
0x0005A4F0,1,.rdata:0x0022B570,1,1,covered-function-start
0x0005A530,1,.rdata:0x0022B57C,0,1,internal-target-covered
0x0005A540,1,.rdata:0x0022B580,0,1,internal-target-covered
0x0005A550,1,.rdata:0x0022B568,0,0,internal-target-candidate
0x0005A565,1,.rdata:0x0023C8F4,0,0,internal-target-candidate
0x0005AAC0,1,.rdata:0x0022A440,1,1,covered-function-start
0x0005ABA0,1,.rdata:0x0022A45C,1,1,covered-function-start
0x0005B8D0,1,.rdata:0x0022A490,1,1,covered-function-start
0x0005B9A0,1,.rdata:0x0022A4AC,1,1,covered-function-start
0x0005BD8B,1,.rdata:0x0023CC74,0,0,internal-target-candidate
0x0005C1E0,1,.rdata:0x0022A680,1,1,covered-function-start
0x0005C200,1,.rdata:0x0022A684,1,1,covered-function-start
0x0005C280,1,.rdata:0x0022A688,1,1,covered-function-start
0x0005C8B0,1,.rdata:0x0022A6B0,1,1,covered-function-start
0x0005C8D0,1,.rdata:0x00229C38,1,1,covered-function-start
0x0005C8F0,1,.rdata:0x0022A6B8,1,1,covered-function-start
0x0005C910,2,.rdata:0x0022A6E4 | .rdata:0x002361DC,1,1,covered-function-start
0x0005C930,1,.rdata:0x0022A7C0,1,1,covered-function-start
0x0005CA40,1,.rdata:0x0022A7B8,1,1,covered-function-start
0x0005D890,1,.rdata:0x0022A7BC,1,1,covered-function-start
0x0005DC50,1,.rdata:0x0022A804,1,1,covered-function-start
0x0005DCA0,1,.rdata:0x0022A7D4,1,1,covered-function-start
0x0005E060,1,.rdata:0x0022A820,1,1,covered-function-start
0x0005E100,1,.rdata:0x0022A82C,1,1,covered-function-start
0x0005E150,1,.rdata:0x0022A828,1,1,covered-function-start
0x0005E230,1,.rdata:0x0022A834,1,1,covered-function-start
0x0005E3A0,1,.rdata:0x0022A830,1,1,covered-function-start
0x0005E430,1,.rdata:0x0022A824,1,1,covered-function-start
0x0005EB90,1,.rdata:0x0022A878,1,1,covered-function-start
0x0005EBC0,1,.rdata:0x0022A87C,1,1,covered-function-start
0x0005EBD0,1,.rdata:0x0022A894,1,1,covered-function-start
0x0005F020,1,.rdata:0x0022A880,1,1,covered-function-start
0x0005F060,1,.rdata:0x0022A890,1,1,covered-function-start
0x0005F1D0,1,.rdata:0x0022A884,1,1,covered-function-start
0x0005F3C0,1,.rdata:0x0022A888,1,1,covered-function-start
0x0005F530,1,.rdata:0x0022A8AC,1,1,covered-function-start
0x0005F560,1,.rdata:0x0022A8B0,1,1,covered-function-start
0x0005F580,1,.rdata:0x0022A8B4,0,1,internal-target-covered
0x0005F5B0,1,.rdata:0x0022A8B8,1,1,covered-function-start
0x0005F690,1,.rdata:0x0022A8BC,1,1,covered-function-start
0x0005F9F0,1,.rdata:0x0022A8D8,1,1,covered-function-start
0x0005FA20,1,.rdata:0x0022A8DC,0,0,internal-target-candidate
0x0005FA30,1,.rdata:0x0022A8F4,1,1,covered-function-start
0x0005FED0,1,.rdata:0x0022A8E0,1,1,covered-function-start
0x0005FF00,1,.rdata:0x0022A8F0,1,1,covered-function-start
0x0005FF90,1,.rdata:0x0022A8E4,1,1,covered-function-start
0x00060000,1,.rdata:0x0023BA80,0,0,internal-target-candidate
0x00060085,1,.rdata:0x0023C7F0,0,0,internal-target-candidate
0x000600B0,1,.rdata:0x0022A8E8,1,1,covered-function-start
0x000601F0,29,.rdata:0x0022A90C | .rdata:0x0022A920 | .rdata:0x0022A944 | .rdata:0x0022A970 | .rdata:0x0022A9A8 | .rdata:0x0022A9BC | .rdata:0x0022A9E4 | .rdata:0x0022AAC4 | .rdata:0x0022AAD8 | .rdata:0x0022AAF0 | .rdata:0x0022AB14 | .rdata:0x0022AB60 | .rdata:0x0022ABF8 | .rdata:0x0022AC1C | .rdata:0x002350A4 | .rdata:0x0023511C | .rdata:0x0023514C | .rdata:0x0023529C | .rdata:0x00235498 | .rdata:0x002354BC | .rdata:0x002354EC | .rdata:0x0023550C | .rdata:0x0023552C | .rdata:0x00235550 | .rdata:0x00235588 | .rdata:0x002355C4 | .rdata:0x002355E4 | .rdata:0x00235604 | .rdata:0x00235628,1,1,covered-function-start
0x00060210,29,.rdata:0x0022A910 | .rdata:0x0022A924 | .rdata:0x0022A948 | .rdata:0x0022A974 | .rdata:0x0022A9AC | .rdata:0x0022A9C0 | .rdata:0x0022A9E8 | .rdata:0x0022AAC8 | .rdata:0x0022AADC | .rdata:0x0022AAF4 | .rdata:0x0022AB18 | .rdata:0x0022AB64 | .rdata:0x0022ABFC | .rdata:0x0022AC20 | .rdata:0x002350A8 | .rdata:0x00235120 | .rdata:0x00235150 | .rdata:0x002352A0 | .rdata:0x0023549C | .rdata:0x002354C0 | .rdata:0x002354F0 | .rdata:0x00235510 | .rdata:0x00235530 | .rdata:0x00235554 | .rdata:0x0023558C | .rdata:0x002355C8 | .rdata:0x002355E8 | .rdata:0x00235608 | .rdata:0x0023562C,1,1,covered-function-start
0x00060220,1,.rdata:0x0022A91C,1,1,covered-function-start
0x00060260,7,.rdata:0x0022A934 | .rdata:0x0022A984 | .rdata:0x0022A9D0 | .rdata:0x0022AAEC | .rdata:0x00235130 | .rdata:0x002352B0 | .rdata:0x00235540,1,1,covered-function-start
0x00060270,1,.rdata:0x0022A930,1,1,covered-function-start
0x000602F0,1,.rdata:0x0022A954,1,1,covered-function-start
0x000603E0,1,.rdata:0x0022A980,1,1,covered-function-start
0x000604D0,1,.rdata:0x0022A9B8,1,1,covered-function-start
0x00060570,1,.rdata:0x0022A9CC,1,1,covered-function-start
0x00060870,1,.rdata:0x0022A9EC,1,1,covered-function-start
0x00060A90,1,.rdata:0x0022A9F0,1,1,covered-function-start
0x00061110,1,.rdata:0x0022A9F4,1,1,covered-function-start
0x00061A40,1,.rdata:0x0022AA6C,1,1,covered-function-start
0x00061A70,1,.rdata:0x0022AA70,1,1,covered-function-start
0x00061A80,2,.rdata:0x0022AA78 | .rdata:0x0022AB20,1,1,covered-function-start
0x00061B20,1,.rdata:0x0022AA7C,1,1,covered-function-start
0x00061D40,1,.rdata:0x0022AAA4,0,1,internal-target-covered
0x00061EA0,1,.rdata:0x0022AAA8,1,1,covered-function-start
0x00061F30,1,.rdata:0x0022AAAC,1,1,covered-function-start
0x000621E0,1,.rdata:0x0022AA98,1,1,covered-function-start
0x00062210,1,.rdata:0x0022AA9C,1,1,covered-function-start
0x00062220,2,.rdata:0x0022AAA0 | .rdata:0x002350E4,1,1,covered-function-start
0x000622A0,1,.rdata:0x0022AAD4,1,1,covered-function-start
0x00062390,1,.rdata:0x0022AAE8,1,1,covered-function-start
0x00062420,1,.rdata:0x0022AB00,1,1,covered-function-start
0x000624B0,11,.rdata:0x0022A914 | .rdata:0x0022A94C | .rdata:0x0022A9B0 | .rdata:0x0022AA74 | .rdata:0x0022AACC | .rdata:0x0022AAF8 | .rdata:0x0022AB1C | .rdata:0x0022AB68 | .rdata:0x0022AC00 | .rdata:0x0022AC24 | .rdata:0x002354F4,1,1,covered-function-start
0x000624D0,4,.rdata:0x0022A928 | .rdata:0x0022A978 | .rdata:0x0022A9C4 | .rdata:0x0022AAE0,1,1,covered-function-start
0x00062550,1,.rdata:0x0022AB24,1,1,covered-function-start
0x00062800,1,.rdata:0x0022AB70,1,1,covered-function-start
0x00062950,1,.rdata:0x0022AC08,1,1,covered-function-start
0x00062AAB,1,.rdata:0x0023B710,0,0,internal-target-candidate
0x00062BA0,1,.rdata:0x0022AC2C,1,1,covered-function-start
0x00062E00,8,.rdata:0x0022AC74 | .rdata:0x0022AC98 | .rdata:0x0022ACD0 | .rdata:0x0022ACE8 | .rdata:0x0022AD10 | .rdata:0x0022AD38 | .rdata:0x00235104 | .rdata:0x00235160,1,1,covered-function-start
0x00062E20,8,.rdata:0x0022AC78 | .rdata:0x0022AC9C | .rdata:0x0022ACD4 | .rdata:0x0022ACEC | .rdata:0x0022AD14 | .rdata:0x0022AD3C | .rdata:0x00235108 | .rdata:0x00235164,1,1,covered-function-start
0x00062EC0,1,.rdata:0x0022AC84,1,1,covered-function-start
0x00062F10,7,.rdata:0x0022AC7C | .rdata:0x0022ACA0 | .rdata:0x0022ACD8 | .rdata:0x0022ACF0 | .rdata:0x0022AD18 | .rdata:0x0022AD40 | .rdata:0x00235168,1,1,covered-function-start
0x00062F60,4,.rdata:0x0022ACA8 | .rdata:0x0022ACE0 | .rdata:0x0022ACF8 | .rdata:0x0022AD20,1,1,covered-function-start
0x00062FEB,1,.rdata:0x0023B848,0,0,internal-target-candidate
0x00063000,1,.rdata:0x0022ACAC,1,1,covered-function-start
0x00063090,1,.rdata:0x0022ACE4,1,1,covered-function-start
0x00063210,1,.rdata:0x0022AD24,1,1,covered-function-start
0x00063510,1,.rdata:0x0022AD48,0,1,internal-target-covered
0x00063580,1,.rdata:0x0022AD44,1,1,covered-function-start
0x0006491A,1,.rdata:0x0023B920,0,0,internal-target-candidate
0x00065610,1,.rdata:0x0022AE18,1,1,covered-function-start
0x00065E50,1,.rdata:0x0022ADFC,1,1,covered-function-start
0x00065F60,1,.rdata:0x0022AE34,1,1,covered-function-start
0x00065F80,1,.rdata:0x0022AE50,1,1,covered-function-start
0x00066680,1,.rdata:0x0022AE7C,1,1,covered-function-start
0x000666A0,1,.rdata:0x0022AE80,1,1,covered-function-start
0x000666B0,1,.rdata:0x0022AEC4,1,1,covered-function-start
0x000666D0,1,.rdata:0x0022AEC8,1,1,covered-function-start
0x000666E0,2,.rdata:0x0022AEC0 | .rdata:0x0022AF08,1,1,covered-function-start
0x000667E0,1,.rdata:0x0022AF0C,1,1,covered-function-start
0x00066810,1,.rdata:0x0022AF10,1,1,covered-function-start
0x00066820,2,.rdata:0x0022AF34 | .rdata:0x0023036C,1,1,covered-function-start
0x00066830,2,.rdata:0x0022AF38 | .rdata:0x00230370,1,1,covered-function-start
0x00066840,2,.rdata:0x0022AF3C | .rdata:0x00230374,1,1,covered-function-start
0x00066850,2,.rdata:0x0022AF40 | .rdata:0x00230378,1,1,covered-function-start
0x0006687D,1,.rdata:0x0023B9D8,0,0,internal-target-candidate
0x00066D70,1,.rdata:0x0022AF54,1,1,covered-function-start
0x00066D90,1,.rdata:0x0022AF70,1,1,covered-function-start
0x00068B50,1,.rdata:0x0022AFC8,0,1,internal-target-covered
0x00068FC0,1,.rdata:0x0022AFAC,1,1,covered-function-start
0x0006917B,1,.rdata:0x0023B844,0,0,internal-target-candidate
0x0006A3F0,1,.rdata:0x0023CA14,0,0,internal-target-candidate
0x0006AF20,1,.rdata:0x0022B368,1,1,covered-function-start
0x0006B060,1,.rdata:0x0022B384,1,1,covered-function-start
0x0006B240,1,.rdata:0x0022B41C,1,1,covered-function-start
0x0006B270,1,.rdata:0x0022B420,1,1,covered-function-start
0x0006B320,1,.rdata:0x0022B424,1,1,covered-function-start
0x0006B340,1,.rdata:0x0022B408,1,1,covered-function-start
0x0006B7E0,2,.rdata:0x0022B510 | .rdata:0x00233B18,1,1,covered-function-start
0x0006B800,2,.rdata:0x0022B514 | .rdata:0x00233B1C,1,1,covered-function-start
0x0006B810,2,.rdata:0x0022B560 | .rdata:0x00233B68,1,1,covered-function-start
0x0006B820,1,.rdata:0x0022B518,1,1,covered-function-start
0x0006B8A0,1,.rdata:0x0022B5A0,1,1,covered-function-start
0x0006BB00,1,.rdata:0x0022B5B4,0,0,internal-target-candidate
0x0006BB30,1,.rdata:0x0022B5B8,1,1,covered-function-start
0x0006BB40,1,.rdata:0x0022B5BC,1,1,covered-function-start
0x0006C3D4,1,.rdata:0x0023CC60,0,0,internal-target-candidate
0x0006C550,1,.rdata:0x0022B660,1,1,covered-function-start
0x0006C770,1,.rdata:0x0022B67C,1,1,covered-function-start
0x0006D470,1,.rdata:0x0022B850,1,1,covered-function-start
0x0006DB80,1,.rdata:0x0022B86C,1,1,covered-function-start
0x0006DC05,1,.rdata:0x0023C8F0,0,0,internal-target-candidate
0x0006DC60,18,.rdata:0x0022B89C | .rdata:0x0022B8DC | .rdata:0x0022B8F4 | .rdata:0x0022B920 | .rdata:0x0022B95C | .rdata:0x0022B974 | .rdata:0x0022B990 | .rdata:0x0022B9B8 | .rdata:0x0022B9D4 | .rdata:0x0022B9EC | .rdata:0x0022BA14 | .rdata:0x0022BA3C | .rdata:0x0022BA54 | .rdata:0x0022BA6C | .rdata:0x0022BA84 | .rdata:0x0022BA9C | .rdata:0x0022BAB8 | .rdata:0x0022BADC,1,1,covered-function-start
0x0006DCB0,3,.rdata:0x0022B894 | .rdata:0x0022B8EC | .rdata:0x0022B9B0,1,1,covered-function-start
0x0006DCE0,1,.rdata:0x0022B8A0,1,1,covered-function-start
0x0006DFE0,1,.rdata:0x0022B8E4,1,1,covered-function-start
0x0006E040,1,.rdata:0x0022B8D4,1,1,covered-function-start
0x0006E0A0,1,.rdata:0x0022B8FC,1,1,covered-function-start
0x0006E110,1,.rdata:0x0022B918,1,1,covered-function-start
0x0006E140,1,.rdata:0x0022B928,1,1,covered-function-start
0x0006E3F0,1,.rdata:0x0022B964,1,1,covered-function-start
0x0006E450,1,.rdata:0x0022B954,1,1,covered-function-start
0x0006E4D0,1,.rdata:0x0022B958,1,1,covered-function-start
0x0006E580,1,.rdata:0x0022B96C,1,1,covered-function-start
0x0006E677,1,.rdata:0x0023BB18,0,0,internal-target-candidate
0x0006E7C0,1,.rdata:0x0022B988,1,1,covered-function-start
0x0006E850,1,.rdata:0x0022B97C,1,1,covered-function-start
0x0006E910,1,.rdata:0x0022B99C,1,1,covered-function-start
0x0006EB00,1,.rdata:0x0022B994,1,1,covered-function-start
0x0006EB30,1,.rdata:0x0022B998,1,1,covered-function-start
0x0006EFA0,1,.rdata:0x0022B9C0,1,1,covered-function-start
0x0006F010,1,.rdata:0x0022B9DC,1,1,covered-function-start
0x0006F0D0,1,.rdata:0x0022B9E0,1,1,covered-function-start
0x0006F150,1,.rdata:0x0022B9CC,1,1,covered-function-start
0x0006F280,1,.rdata:0x0022B9D8,1,1,covered-function-start
0x0006F2F0,1,.rdata:0x0022B9E4,1,1,covered-function-start
0x0006F440,1,.rdata:0x0022BA1C,1,1,covered-function-start
0x0006F500,1,.rdata:0x0022BA0C,1,1,covered-function-start
0x0006F5E0,1,.rdata:0x0022BA34,1,1,covered-function-start
0x0006F620,5,.rdata:0x0022BA38 | .rdata:0x0022BA50 | .rdata:0x0022BA68 | .rdata:0x0022BA98 | .rdata:0x0022BAB4,1,1,covered-function-start
0x0006F730,1,.rdata:0x0022BA4C,1,1,covered-function-start
0x0006F870,1,.rdata:0x0022BA64,1,1,covered-function-start
0x0006FA82,1,.rdata:0x0023C824,0,0,internal-target-candidate
0x0006FAD0,1,.rdata:0x0022BA7C,1,1,covered-function-start
0x0006FC30,1,.rdata:0x0022BA94,0,1,internal-target-covered
0x0006FCB0,14,.rdata:0x0022B8E0 | .rdata:0x0022B8F8 | .rdata:0x0022B924 | .rdata:0x0022B960 | .rdata:0x0022B978 | .rdata:0x0022B9BC | .rdata:0x0022B9F0 | .rdata:0x0022BA18 | .rdata:0x0022BA40 | .rdata:0x0022BA58 | .rdata:0x0022BA70 | .rdata:0x0022BA88 | .rdata:0x0022BAA0 | .rdata:0x0022BAE0,1,1,covered-function-start
0x0006FCD0,1,.rdata:0x0022BAB0,1,1,covered-function-start
0x0006FE20,1,.rdata:0x0022BA44,1,1,covered-function-start
0x0006FF20,1,.rdata:0x0022BA74,1,1,covered-function-start
0x00070000,1,.rdata:0x0022BAA4,1,1,covered-function-start
0x000700D0,3,.rdata:0x0022BA48 | .rdata:0x0022BA78 | .rdata:0x0022BAA8,1,1,covered-function-start
0x00070100,1,.rdata:0x0022BA5C,1,1,covered-function-start
0x00070200,1,.rdata:0x0022BAC4,1,1,covered-function-start
0x00070300,1,.rdata:0x0022BA8C,1,1,covered-function-start
0x00070330,1,.rdata:0x0022BA90,0,0,internal-target-candidate
0x00070390,1,.rdata:0x0022BAC0,1,1,covered-function-start
0x00070550,1,.rdata:0x0022BAAC,0,0,internal-target-candidate
0x000705C0,1,.rdata:0x0022BABC,1,1,covered-function-start
0x00070610,1,.rdata:0x0022BAD4,1,1,covered-function-start
0x00070670,1,.rdata:0x0022BAD8,1,1,covered-function-start
0x000706A0,1,.rdata:0x0022BAE4,1,1,covered-function-start
0x00070D80,1,.rdata:0x0022BB5C,1,1,covered-function-start
0x00071A6B,1,.rdata:0x0023BB40,0,0,internal-target-candidate
0x00073000,1,.rdata:0x0023CA20,1,1,covered-function-start
0x00074BB0,1,.rdata:0x0022C0DC,1,1,covered-function-start
0x00074BD0,1,.rdata:0x0022C0E0,1,1,covered-function-start
0x00074C20,1,.rdata:0x0022C140,1,1,covered-function-start
0x00074C50,1,.rdata:0x0022C168,1,1,covered-function-start
0x00074CB0,1,.rdata:0x0022C180,1,1,covered-function-start
0x00074D40,1,.rdata:0x0022C184,1,1,covered-function-start
0x00074D90,1,.rdata:0x0022C130,1,1,covered-function-start
0x00074DD0,1,.rdata:0x0022C134,0,0,internal-target-candidate
0x00074E30,1,.rdata:0x0022C16C,1,1,covered-function-start
0x00074FF0,1,.rdata:0x0022C164,1,1,covered-function-start
0x000750C0,1,.rdata:0x0022C188,1,1,covered-function-start
0x000752F0,1,.rdata:0x0022C154,1,1,covered-function-start
0x00075310,1,.rdata:0x0022C158,1,1,covered-function-start
0x00075320,1,.rdata:0x0022C128,1,1,covered-function-start
0x00075330,1,.rdata:0x0022C12C,0,0,internal-target-candidate
0x00075410,1,.rdata:0x0022C15C,0,0,internal-target-candidate
0x00075590,2,.rdata:0x0022C4D0 | .rdata:0x0022C4D4,1,1,covered-function-start
0x00075660,2,.rdata:0x0022C1FC | .rdata:0x0022C4B4,0,0,internal-target-candidate
0x00075690,2,.rdata:0x0022C200 | .rdata:0x0022C4B8,1,1,covered-function-start
0x000756A0,2,.rdata:0x0022C204 | .rdata:0x0022C4BC,1,1,covered-function-start
0x000756B0,2,.rdata:0x0022C220 | .rdata:0x0022C4D8,1,1,covered-function-start
0x000756C0,1,.rdata:0x0022C1DC,1,1,covered-function-start
0x000756F0,1,.rdata:0x0022C1E0,1,1,covered-function-start
0x00075700,1,.rdata:0x0022C1B4,1,1,covered-function-start
0x00075740,1,.rdata:0x0022C1B8,1,1,covered-function-start
0x00075780,1,.rdata:0x0022C1AC,0,0,internal-target-candidate
0x000757B0,1,.rdata:0x0022C1B0,1,1,covered-function-start
0x000757E0,1,.rdata:0x0022C214,1,1,covered-function-start
0x00075800,2,.rdata:0x0022C218 | .rdata:0x0022C21C,0,0,internal-target-candidate
0x00075870,1,.rdata:0x0022C1C4,1,1,covered-function-start
0x00075940,1,.rdata:0x0022C1E4,1,1,covered-function-start
0x00075960,1,.rdata:0x0022C208,1,1,covered-function-start
0x00075A10,1,.rdata:0x0022C1E8,0,0,internal-target-candidate
0x00075EC0,1,.rdata:0x0022C1C8,1,1,covered-function-start
0x00076130,1,.rdata:0x0022C250,1,1,covered-function-start
0x000764C0,1,.rdata:0x0022C26C,1,1,covered-function-start
0x000764E0,3,.rdata:0x0022C2E4 | .rdata:0x0022C354 | .rdata:0x0022C3C4,1,1,covered-function-start
0x00076500,1,.rdata:0x0022C384,1,1,covered-function-start
0x00076580,1,.rdata:0x0022C380,1,1,covered-function-start
0x00076610,3,.rdata:0x0022C2E0 | .rdata:0x0022C350 | .rdata:0x0022C3C0,1,1,covered-function-start
0x00076640,3,.rdata:0x0022C2AC | .rdata:0x0022C31C | .rdata:0x0022C38C,1,1,covered-function-start
0x00076820,3,.rdata:0x0022C2B0 | .rdata:0x0022C320 | .rdata:0x0022C390,1,1,covered-function-start
0x00076860,1,.rdata:0x0022C2D4,1,1,covered-function-start
0x000769B0,3,.rdata:0x0022C2D8 | .rdata:0x0022C348 | .rdata:0x0022C3B8,1,1,covered-function-start
0x00076AA0,3,.rdata:0x0022C2DC | .rdata:0x0022C34C | .rdata:0x0022C3BC,1,1,covered-function-start
0x00076B20,2,.rdata:0x0022C2F0 | .rdata:0x0022C360,1,1,covered-function-start
0x00076D70,1,.rdata:0x0022C2C4,1,1,covered-function-start
0x00076D90,1,.rdata:0x0022C2C8,1,1,covered-function-start
0x00076DA0,1,.rdata:0x0022C378,1,1,covered-function-start
0x00076DB0,2,.rdata:0x0022C37C | .rdata:0x00240758,1,1,covered-function-start
0x0007714C,1,.rdata:0x0023B928,0,0,internal-target-candidate
0x00077150,1,.rdata:0x0022C2CC,1,1,covered-function-start
0x00077170,3,.rdata:0x0022C2F4 | .rdata:0x0022C364 | .rdata:0x0022C3D4,1,1,covered-function-start
0x000774A0,1,.rdata:0x0022C334,1,1,covered-function-start
0x000774D0,1,.rdata:0x0022C338,1,1,covered-function-start
0x000774E0,1,.rdata:0x0022C33C,1,1,covered-function-start
0x00077510,1,.rdata:0x0022C344,1,1,covered-function-start
0x000777C0,1,.rdata:0x0022C3A4,0,0,internal-target-candidate
0x000777F0,1,.rdata:0x0022C3A8,1,1,covered-function-start
0x00077800,1,.rdata:0x0022C3D0,1,1,covered-function-start
0x00077810,1,.rdata:0x0022C3AC,0,0,internal-target-candidate
0x00077840,1,.rdata:0x0022C3B4,1,1,covered-function-start
0x00077890,1,.rdata:0x0022C430,1,1,covered-function-start
0x000779A0,2,.rdata:0x00228EBC | .rdata:0x0022C434,1,1,covered-function-start
0x000779E0,1,.rdata:0x0022C3F4,1,1,covered-function-start
0x00077A00,1,.rdata:0x0022C3F8,1,1,covered-function-start
0x00077BD0,1,.rdata:0x0022C42C,1,1,covered-function-start
0x00077F60,1,.rdata:0x0022C41C,1,1,covered-function-start
0x00077F80,1,.rdata:0x0022C420,1,1,covered-function-start
0x00077F90,1,.rdata:0x0022C3EC,1,1,covered-function-start
0x00077FA0,1,.rdata:0x0022C3F0,1,1,covered-function-start
0x00078040,1,.rdata:0x0022C424,0,0,internal-target-candidate
0x00078090,2,.rdata:0x0022C1F8 | .rdata:0x0022C4B0,1,1,covered-function-start
0x000782C0,2,.rdata:0x0022C1F0 | .rdata:0x0022C4A8,1,1,covered-function-start
0x00078430,8,.rdata:0x0022C138 | .rdata:0x0022C1C0 | .rdata:0x0022C2A8 | .rdata:0x0022C318 | .rdata:0x0022C388 | .rdata:0x0022C400 | .rdata:0x0022C478 | .rdata:0x0022C500,1,1,covered-function-start
0x00078670,2,.rdata:0x0022C1F4 | .rdata:0x0022C4AC,1,1,covered-function-start
0x000786F0,1,.rdata:0x0022C480,1,1,covered-function-start
0x00078760,1,.rdata:0x0022C4C0,1,1,covered-function-start
0x00078A80,1,.rdata:0x0022C4A0,1,1,covered-function-start
0x00078C80,1,.rdata:0x0022C494,1,1,covered-function-start
0x00078CA0,1,.rdata:0x0022C498,1,1,covered-function-start
0x00078CB0,1,.rdata:0x0022C464,1,1,covered-function-start
0x00078CC0,1,.rdata:0x0022C468,1,1,covered-function-start
0x00078CD0,1,.rdata:0x0022C46C,1,1,covered-function-start
0x00078D00,1,.rdata:0x0022C470,1,1,covered-function-start
0x00078E10,1,.rdata:0x0022C4CC,1,1,covered-function-start
0x000790C0,1,.rdata:0x0022C49C,1,1,covered-function-start
0x000790E0,1,.rdata:0x0022C508,1,1,covered-function-start
0x00079110,1,.rdata:0x0022C530,1,1,covered-function-start
0x00079170,1,.rdata:0x0022C548,1,1,covered-function-start
0x000791E0,1,.rdata:0x0022C4F8,1,1,covered-function-start
0x00079220,1,.rdata:0x0022C4FC,1,1,covered-function-start
0x000792D0,1,.rdata:0x0022C504,1,1,covered-function-start
0x000792E0,1,.rdata:0x0022C534,1,1,covered-function-start
0x00079450,1,.rdata:0x0022C52C,0,0,internal-target-candidate
0x00079600,1,.rdata:0x0022C54C,1,1,covered-function-start
0x000797A0,1,.rdata:0x0022C51C,1,1,covered-function-start
0x000797C0,1,.rdata:0x0022C520,1,1,covered-function-start
0x000797D0,1,.rdata:0x0022C4F0,1,1,covered-function-start
0x000797E0,1,.rdata:0x0022C4F4,0,0,internal-target-candidate
0x00079880,1,.rdata:0x0022C524,0,0,internal-target-candidate
0x0007A280,1,.rdata:0x0022C57C,1,1,covered-function-start
0x0007A2A0,1,.rdata:0x0022C580,1,1,covered-function-start
0x0007A2B0,3,.rdata:0x0022C58C | .rdata:0x002359E0 | .rdata:0x00236AC8,1,1,covered-function-start
0x0007A2C0,1,.rdata:0x0022C584,0,1,internal-target-covered
0x0007A2F0,1,.rdata:0x0022C588,1,1,covered-function-start
0x0007A310,1,.rdata:0x0022C590,1,1,covered-function-start
0x0007A6D0,1,.rdata:0x0022C5E0,1,1,covered-function-start
0x0007A810,1,.rdata:0x0022C5E4,1,1,covered-function-start
0x0007A860,1,.rdata:0x0022C5E8,1,1,covered-function-start
0x0007B090,1,.rdata:0x0022C5D4,1,1,covered-function-start
0x0007B0B0,1,.rdata:0x0022C5D8,1,1,covered-function-start
0x0007B150,1,.rdata:0x0022C5DC,1,1,covered-function-start
0x0007B700,1,.rdata:0x0022C6C4,1,1,covered-function-start
0x0007B730,1,.rdata:0x0022C6C8,1,1,covered-function-start
0x0007B750,1,.rdata:0x0022C70C,1,1,covered-function-start
0x0007B770,2,.rdata:0x0022C710 | .rdata:0x0022EFB0,1,1,covered-function-start
0x0007B790,1,.rdata:0x0022C6CC,1,1,covered-function-start
0x0007B7C0,1,.rdata:0x0022C6F4,1,1,covered-function-start
0x0007B880,1,.rdata:0x0022C6B0,1,1,covered-function-start
0x0007B980,1,.rdata:0x0022C754,1,1,covered-function-start
0x0007B9B0,1,.rdata:0x0022C758,1,1,covered-function-start
0x0007B9C0,2,.rdata:0x0022C708 | .rdata:0x0022C788,1,1,covered-function-start
0x0007BF60,1,.rdata:0x0022C75C,1,1,covered-function-start
0x0007BF90,1,.rdata:0x0022C784,1,1,covered-function-start
0x0007C210,1,.rdata:0x0022C740,1,1,covered-function-start
0x0007D3C0,15,.rdata:0x0022C7E0 | .rdata:0x002370E8 | .rdata:0x00237180 | .rdata:0x002374A0 | .rdata:0x00237580 | .rdata:0x00237638 | .rdata:0x00237808 | .rdata:0x002379A8 | .rdata:0x00237A50 | .rdata:0x00237B60 | .rdata:0x00237DD0 | .rdata:0x00237E78 | .rdata:0x00237F40 | .rdata:0x00238100 | .rdata:0x002381C0,1,1,covered-function-start
0x0007D3D0,15,.rdata:0x0022C7E4 | .rdata:0x002370EC | .rdata:0x00237184 | .rdata:0x002374A4 | .rdata:0x00237584 | .rdata:0x0023763C | .rdata:0x0023780C | .rdata:0x002379AC | .rdata:0x00237A54 | .rdata:0x00237B64 | .rdata:0x00237DD4 | .rdata:0x00237E7C | .rdata:0x00237F44 | .rdata:0x00238104 | .rdata:0x002381C4,1,1,covered-function-start
0x0007D3E0,15,.rdata:0x0022C7E8 | .rdata:0x002370F0 | .rdata:0x00237188 | .rdata:0x002374A8 | .rdata:0x00237588 | .rdata:0x00237640 | .rdata:0x00237810 | .rdata:0x002379B0 | .rdata:0x00237A58 | .rdata:0x00237B68 | .rdata:0x00237DD8 | .rdata:0x00237E80 | .rdata:0x00237F48 | .rdata:0x00238108 | .rdata:0x002381C8,1,1,covered-function-start
0x0007D3F0,1,.rdata:0x0022C7A0,1,1,covered-function-start
0x0007D420,1,.rdata:0x0022C7EC,1,1,covered-function-start
0x0007D430,1,.rdata:0x0022C7F0,0,1,internal-target-covered
0x0007D590,1,.rdata:0x0022C7A8,1,1,covered-function-start
0x0007D5C0,1,.rdata:0x0022C834,1,1,covered-function-start
0x0007D5D0,1,.rdata:0x0022C838,1,1,covered-function-start
0x0007DB50,1,.rdata:0x0022C83C,1,1,covered-function-start
0x0007DB61,1,.rdata:0x0023BA20,0,0,internal-target-candidate
0x0007DCF0,1,.rdata:0x0022C8CC,1,1,covered-function-start
0x0007DD20,1,.rdata:0x0022C8D0,1,1,covered-function-start
0x0007DD30,1,.rdata:0x0022CAEC,1,1,covered-function-start
0x0007DD50,1,.rdata:0x0022CAF0,1,1,covered-function-start
0x0007DD70,1,.rdata:0x0022CAF4,1,1,covered-function-start
0x0007E0E0,1,.rdata:0x0022CA60,1,1,covered-function-start
0x0007E190,1,.rdata:0x0022CB00,1,1,covered-function-start
0x0007E1B0,1,.rdata:0x0022CB04,1,1,covered-function-start
0x0007E2A0,1,.rdata:0x0022C9E4,1,1,covered-function-start
0x0007E2B0,1,.rdata:0x0022CB38,1,1,covered-function-start
0x0007E310,1,.rdata:0x0022CA6C,1,1,covered-function-start
0x0007E330,1,.rdata:0x0022CA68,0,1,internal-target-covered
0x0007E360,1,.rdata:0x0022CA74,1,1,covered-function-start
0x0007E450,1,.rdata:0x0022C9BC,1,1,covered-function-start
0x0007E470,1,.rdata:0x0022C968,1,1,covered-function-start
0x0007E490,1,.rdata:0x0022CAF8,1,1,covered-function-start
0x0007E4A0,1,.rdata:0x0022CAFC,0,1,internal-target-covered
0x0007E500,1,.rdata:0x0022CA5C,1,1,covered-function-start
0x0007E530,1,.rdata:0x0022CB34,0,1,internal-target-covered
0x0007E6A7,1,.rdata:0x0023B924,0,0,internal-target-candidate
0x0007E6B0,5,.rdata:0x0022C8D4 | .rdata:0x0022DD7C | .rdata:0x0022DE14 | .rdata:0x0022DEAC | .rdata:0x00235A7C,1,1,covered-function-start
0x0007E6D0,1,.rdata:0x0022C9D4,1,1,covered-function-start
0x0007E8B0,1,.rdata:0x0022C970,1,1,covered-function-start
0x0007ECF0,1,.rdata:0x0022CA7C,1,1,covered-function-start
0x0007ED98,1,.rdata:0x0023CE1C,0,0,internal-target-candidate
0x0007EDF0,1,.rdata:0x0022CA80,1,1,covered-function-start
0x0007EE60,1,.rdata:0x0022CAE0,1,1,covered-function-start
0x0007EFF0,1,.rdata:0x0022C8B8,0,1,internal-target-covered
0x0007F130,1,.rdata:0x0022C948,0,1,internal-target-covered
0x0007F1A0,1,.rdata:0x0022C964,1,1,covered-function-start
0x0007F370,3,.rdata:0x0022CAD4 | .rdata:0x0022D574 | .rdata:0x0022E6BC,0,1,internal-target-covered
0x0007F380,1,.rdata:0x0022CA14,1,1,covered-function-start
0x0007F3B0,1,.rdata:0x0022CA18,0,1,internal-target-covered
0x0007F3C0,1,.rdata:0x0022CA40,1,1,covered-function-start
0x0007F3D0,1,.rdata:0x0022C9A8,1,1,covered-function-start
0x0007F3E0,2,.rdata:0x0022CA30 | .rdata:0x0022CA34,1,1,covered-function-start
0x0007FB40,1,.rdata:0x0022CA1C,1,1,covered-function-start
0x0007FB60,1,.rdata:0x0022CAC4,1,1,covered-function-start
0x00080110,1,.rdata:0x0022CA00,1,1,covered-function-start
0x000804A0,2,.rdata:0x0022CB0C | .rdata:0x0022CB10,1,1,covered-function-start
0x000804D0,1,.rdata:0x0022CB14,0,1,internal-target-covered
0x00080500,1,.rdata:0x0022CB18,1,1,covered-function-start
0x00080510,1,.rdata:0x0022CB1C,0,1,internal-target-covered
0x000806B0,1,.rdata:0x0022CB20,0,1,internal-target-covered
0x000806F0,1,.rdata:0x0022CB28,1,1,covered-function-start
0x00080700,1,.rdata:0x0022CB30,0,1,internal-target-covered
0x00080770,1,.rdata:0x0022CB08,1,1,covered-function-start
0x00080880,1,.rdata:0x0022CB2C,1,1,covered-function-start
0x00080F00,1,.rdata:0x0022CB24,1,1,covered-function-start
0x000810DD,1,.rdata:0x0023C8EC,0,0,internal-target-candidate
0x00081300,1,.rdata:0x0022D3B0,0,1,internal-target-covered
0x00081490,1,.rdata:0x0022D3CC,1,1,covered-function-start
0x000815F0,1,.rdata:0x0022D4B4,1,1,covered-function-start
0x00081620,1,.rdata:0x0022D4B8,1,1,covered-function-start
0x000816A0,3,.rdata:0x0022CAE4 | .rdata:0x0022D584 | .rdata:0x0022E6CC,0,1,internal-target-covered
0x000816B0,1,.rdata:0x0022D58C,1,1,covered-function-start
0x00081730,1,.rdata:0x0022D590,1,1,covered-function-start
0x00081760,2,.rdata:0x0022C9DC | .rdata:0x0022D464,1,1,covered-function-start
0x00081790,2,.rdata:0x0022C9E0 | .rdata:0x0022D468,0,1,internal-target-covered
0x00081870,1,.rdata:0x0022E51C,0,1,internal-target-covered
0x00081880,1,.rdata:0x0022E524,0,1,internal-target-covered
0x00081890,1,.rdata:0x0022E50C,0,1,internal-target-covered
0x000818A0,1,.rdata:0x0022E510,0,1,internal-target-covered
0x000818D0,2,.rdata:0x0022D5D0 | .rdata:0x0022E718,0,1,internal-target-covered
0x00081900,2,.rdata:0x0022CAE8 | .rdata:0x0022D588,1,1,covered-function-start
0x00081910,3,.rdata:0x0022C990 | .rdata:0x0022D418 | .rdata:0x0022E590,0,1,internal-target-covered
0x00081940,3,.rdata:0x0022C974 | .rdata:0x0022D3FC | .rdata:0x0022E574,1,1,covered-function-start
0x00081970,3,.rdata:0x0022C9B0 | .rdata:0x0022D438 | .rdata:0x0022E5B0,1,1,covered-function-start
0x000819A0,2,.rdata:0x0022CA98 | .rdata:0x0022D538,1,1,covered-function-start
0x000819E0,3,.rdata:0x0022CA9C | .rdata:0x0022D53C | .rdata:0x0022E684,1,1,covered-function-start
0x00081A10,1,.rdata:0x0022D4BC,0,0,internal-target-candidate
0x00081A2F,1,.rdata:0x0023BB34,0,0,internal-target-candidate
0x00081A70,2,.rdata:0x0022D594 | .rdata:0x0022E6DC,1,1,covered-function-start
0x00081AF0,1,.rdata:0x0022D45C,1,1,covered-function-start
0x00081B70,3,.rdata:0x0022C9D8 | .rdata:0x0022D460 | .rdata:0x0022E5D8,1,1,covered-function-start
0x00081BC0,1,.rdata:0x0022D4A0,1,1,covered-function-start
0x00081C40,2,.rdata:0x0022D5A8 | .rdata:0x0022E6F0,1,1,covered-function-start
0x00081C80,4,.rdata:0x0022D5AC | .rdata:0x0022D5B0 | .rdata:0x0022E6F4 | .rdata:0x0022E6F8,1,1,covered-function-start
0x00082210,1,.rdata:0x0022D5E8,0,0,internal-target-candidate
0x00082230,1,.rdata:0x0022D5EC,1,1,covered-function-start
0x00082240,2,.rdata:0x0022D620 | .rdata:0x0022EE70,1,1,covered-function-start
0x00082250,3,.rdata:0x00229C64 | .rdata:0x0022D604 | .rdata:0x0022EE54,1,1,covered-function-start
0x00082270,2,.rdata:0x0022D608 | .rdata:0x0022EE58,1,1,covered-function-start
0x00082290,3,.rdata:0x00229C6C | .rdata:0x0022D60C | .rdata:0x0022EE5C,0,1,internal-target-covered
0x000822B0,3,.rdata:0x00229C70 | .rdata:0x0022D610 | .rdata:0x0022EE60,0,1,internal-target-covered
0x000822D0,3,.rdata:0x00229C74 | .rdata:0x0022D614 | .rdata:0x0022EE64,0,1,internal-target-covered
0x000822F0,3,.rdata:0x00229C78 | .rdata:0x0022D618 | .rdata:0x0022EE68,0,1,internal-target-covered
0x00082360,3,.rdata:0x00229C94 | .rdata:0x0022D634 | .rdata:0x0022EE84,1,1,covered-function-start
0x000823B0,1,.rdata:0x0022D5F0,1,1,covered-function-start
0x000823F0,2,.rdata:0x0022D628 | .rdata:0x0022EE78,1,1,covered-function-start
0x00083810,1,.rdata:0x0022D674,1,1,covered-function-start
0x00083830,1,.rdata:0x0022D678,1,1,covered-function-start
0x00083840,1,.rdata:0x0022D660,1,1,covered-function-start
0x000838F0,1,.rdata:0x0022D67C,0,1,internal-target-covered
0x0008527E,1,.rdata:0x0023BA84,0,0,internal-target-candidate
0x00085600,1,.rdata:0x0022DD74,1,1,covered-function-start
0x00085630,1,.rdata:0x0022DD78,1,1,covered-function-start
0x00085640,1,.rdata:0x0022DE0C,1,1,covered-function-start
0x00085670,1,.rdata:0x0022DE10,1,1,covered-function-start
0x00085680,1,.rdata:0x0022DEA4,1,1,covered-function-start
0x000856B0,1,.rdata:0x0022DEA8,1,1,covered-function-start
0x00085720,1,.rdata:0x0022DF2C,0,1,internal-target-covered
0x00085750,1,.rdata:0x0022DF28,1,1,covered-function-start
0x000857A0,1,.rdata:0x0022DF3C,1,1,covered-function-start
0x000857F0,1,.rdata:0x0022DF48,1,1,covered-function-start
0x00085850,1,.rdata:0x0022DF4C,1,1,covered-function-start
0x00085D80,1,.rdata:0x0022DD60,1,1,covered-function-start
0x00085DF0,1,.rdata:0x0022DDF8,1,1,covered-function-start
0x00085E90,1,.rdata:0x0022DF44,1,1,covered-function-start
0x00085FD0,1,.rdata:0x0022DF30,0,1,internal-target-covered
0x00085FE0,1,.rdata:0x0022DF40,0,1,internal-target-covered
0x00085FF0,1,.rdata:0x0022DFB4,0,0,internal-target-candidate
0x00086110,1,.rdata:0x0022DFF4,1,1,covered-function-start
0x00086140,1,.rdata:0x0022DFF8,1,1,covered-function-start
0x00086150,1,.rdata:0x0022DFC8,1,1,covered-function-start
0x000861A0,1,.rdata:0x0022E6D4,1,1,covered-function-start
0x000861B0,1,.rdata:0x0022E6D8,0,1,internal-target-covered
0x00086290,1,.rdata:0x0022E6E0,1,1,covered-function-start
0x000862A0,1,.rdata:0x0022E6E8,1,1,covered-function-start
0x00086320,1,.rdata:0x0022E6EC,1,1,covered-function-start
0x00086370,1,.rdata:0x0022E71C,1,1,covered-function-start
0x000863C0,1,.rdata:0x0022E700,1,1,covered-function-start
0x000863F0,1,.rdata:0x0022E680,1,1,covered-function-start
0x00086420,1,.rdata:0x0022E644,1,1,covered-function-start
0x00086740,1,.rdata:0x0022DFFC,1,1,covered-function-start
0x00086770,1,.rdata:0x0022E5D4,1,1,covered-function-start
0x00086860,1,.rdata:0x0022E660,1,1,covered-function-start
0x00087190,1,.rdata:0x0022E570,1,1,covered-function-start
0x0008739C,2,.rdata:0x0023CA10 | .rdata:0x0023CA2C,0,0,internal-target-candidate
0x000876C0,1,.rdata:0x0022E664,1,1,covered-function-start
0x00087770,1,.rdata:0x0022E668,1,1,covered-function-start
0x000877C0,1,.rdata:0x0022E6C8,1,1,covered-function-start
0x00087890,1,.rdata:0x0022E6D0,1,1,covered-function-start
0x00087940,1,.rdata:0x0022E5E8,1,1,covered-function-start
0x00087F30,1,.rdata:0x0022E5FC,0,1,internal-target-covered
0x00087F60,1,.rdata:0x0022E600,0,1,internal-target-covered
0x00087F70,1,.rdata:0x0022E5A8,1,1,covered-function-start
0x000882C0,1,.rdata:0x0022E604,1,1,covered-function-start
0x00088790,1,.rdata:0x0022E8B0,1,1,covered-function-start
0x000889F0,1,.rdata:0x0022E7EC,1,1,covered-function-start
0x00088A20,1,.rdata:0x0022E7F0,0,1,internal-target-covered
0x00088A90,1,.rdata:0x0022E7F4,1,1,covered-function-start
0x00088AF0,1,.rdata:0x0022E8B8,1,1,covered-function-start
0x00088B00,1,.rdata:0x0022E860,1,1,covered-function-start
0x00088B40,1,.rdata:0x0022E850,0,1,internal-target-covered
0x00088D40,1,.rdata:0x0022E8BC,0,1,internal-target-covered
0x00089720,1,.rdata:0x0022E970,1,1,covered-function-start
0x00089754,1,.rdata:0x0023CC6C,0,0,internal-target-candidate
0x00089C70,1,.rdata:0x0022EB5C,1,1,covered-function-start
0x00089C80,1,.rdata:0x0022EB60,1,1,covered-function-start
0x00089DA0,1,.rdata:0x0022EB64,1,1,covered-function-start
0x00089F00,1,.rdata:0x0022EB68,1,1,covered-function-start
0x0008A020,1,.rdata:0x0022EB6C,1,1,covered-function-start
0x0008C160,2,.rdata:0x0022E7B0 | .rdata:0x0022ECB8,1,1,covered-function-start
0x0008C1B0,14,.rdata:0x00225D8C | .rdata:0x00225F64 | .rdata:0x0022611C | .rdata:0x00226284 | .rdata:0x00226414 | .rdata:0x002265CC | .rdata:0x002267F4 | .rdata:0x0022698C | .rdata:0x00226B5C | .rdata:0x00226D3C | .rdata:0x002290DC | .rdata:0x0022E8AC | .rdata:0x0022EDB4 | .rdata:0x002359A4,1,1,covered-function-start
0x0008C1C0,1,.rdata:0x0022EDB8,1,1,covered-function-start
0x0008C1D0,2,.rdata:0x0022E8B4 | .rdata:0x0022EDBC,0,1,internal-target-covered
0x0008C1E0,2,.rdata:0x0022E8A0 | .rdata:0x0022EDA8,0,1,internal-target-covered
0x0008C240,2,.rdata:0x0022E8A4 | .rdata:0x0022EDAC,1,1,covered-function-start
0x0008C280,2,.rdata:0x0022E868 | .rdata:0x0022ED70,1,1,covered-function-start
0x0008C370,1,.rdata:0x0022ECF4,0,1,internal-target-covered
0x0008C3A0,1,.rdata:0x0022ECF8,1,1,covered-function-start
0x0008C3B0,2,.rdata:0x0022E774 | .rdata:0x0022EC7C,1,1,covered-function-start
0x0008C3E0,2,.rdata:0x0022E884 | .rdata:0x0022ED8C,1,1,covered-function-start
0x0008C4C0,1,.rdata:0x0022ECFC,1,1,covered-function-start
0x0008C6E0,1,.rdata:0x0023B92C,0,0,internal-target-candidate
0x0008C740,1,.rdata:0x0022EDC0,1,1,covered-function-start
0x0008CC30,2,.rdata:0x0022E770 | .rdata:0x0022EC78,1,1,covered-function-start
0x0008CE40,1,.rdata:0x0022ED58,1,1,covered-function-start
0x0008D200,2,.rdata:0x0022E7D8 | .rdata:0x0022ECE0,1,1,covered-function-start
0x0008D450,2,.rdata:0x0022E88C | .rdata:0x0022ED94,1,1,covered-function-start
0x0008D780,1,.rdata:0x0022EDE4,1,1,covered-function-start
0x0008DB10,1,.rdata:0x0022EE00,1,1,covered-function-start
0x0008DC70,1,.rdata:0x0022EE38,0,1,internal-target-covered
0x0008DC90,1,.rdata:0x0022EE3C,1,1,covered-function-start
0x0008DCA0,1,.rdata:0x0022EE50,1,1,covered-function-start
0x0008DCB0,1,.rdata:0x0022EE74,1,1,covered-function-start
0x0008DCD0,1,.rdata:0x0022EE94,1,1,covered-function-start
0x0008DEF0,1,.rdata:0x0022EE40,1,1,covered-function-start
0x0008DF20,1,.rdata:0x0022EE88,1,1,covered-function-start
0x0008E260,1,.rdata:0x0023D17C,0,0,internal-target-candidate
0x0008EAC0,1,.rdata:0x0022EE90,1,1,covered-function-start
0x0008EE03,1,.rdata:0x0023BC98,0,0,internal-target-candidate
0x0008FDA0,1,.rdata:0x0022EF64,1,1,covered-function-start
0x0008FDD0,1,.rdata:0x0022EF68,1,1,covered-function-start
0x0008FE60,1,.rdata:0x0022EF90,1,1,covered-function-start
0x00090010,1,.rdata:0x0022EFA4,1,1,covered-function-start
0x00090070,1,.rdata:0x0022EFA8,1,1,covered-function-start
0x00090090,1,.rdata:0x0022EFAC,1,1,covered-function-start
0x000900B0,1,.rdata:0x0022EF6C,1,1,covered-function-start
0x000900F0,1,.rdata:0x0022EF94,1,1,covered-function-start
0x00090560,1,.rdata:0x0022EF50,1,1,covered-function-start
0x00092120,1,.rdata:0x0022F014,1,1,covered-function-start
0x00092140,1,.rdata:0x0022EFF8,1,1,covered-function-start
0x00094D9F,2,.rdata:0x0023B9D4 | .rdata:0x0023BA28,0,0,internal-target-candidate
0x00096413,1,.rdata:0x0023CA28,0,0,internal-target-candidate
0x00096780,1,.rdata:0x0022F134,1,1,covered-function-start
0x000967A0,1,.rdata:0x0022F118,1,1,covered-function-start
0x00096DA8,1,.rdata:0x0023BB20,0,0,internal-target-candidate
0x00097BA0,1,.rdata:0x0022F1EC,0,0,internal-target-candidate
0x00097BD0,2,.rdata:0x00228C04 | .rdata:0x0022F1F0,1,1,covered-function-start
0x00097BE0,16,.rdata:0x0022F21C | .rdata:0x0022F2BC | .rdata:0x0022F374 | .rdata:0x0022F404 | .rdata:0x0022F4C4 | .rdata:0x0022F564 | .rdata:0x0022F64C | .rdata:0x0022F71C | .rdata:0x0022FA2C | .rdata:0x0022FAEC | .rdata:0x0022FB84 | .rdata:0x0022FE4C | .rdata:0x0022FF0C | .rdata:0x0022FF9C | .rdata:0x00230114 | .rdata:0x0023024C,1,1,covered-function-start
0x00097BF0,18,.rdata:0x0022F228 | .rdata:0x0022F2C8 | .rdata:0x0022F380 | .rdata:0x0022F410 | .rdata:0x0022F4D0 | .rdata:0x0022F570 | .rdata:0x0022F658 | .rdata:0x0022F728 | .rdata:0x0022FA38 | .rdata:0x0022FAF8 | .rdata:0x0022FB90 | .rdata:0x0022FD10 | .rdata:0x0022FDA8 | .rdata:0x0022FE58 | .rdata:0x0022FF18 | .rdata:0x0022FFA8 | .rdata:0x00230120 | .rdata:0x00230258,0,1,internal-target-covered
0x00097C00,4,.rdata:0x0022F210 | .rdata:0x0022F2B0 | .rdata:0x0022F710 | .rdata:0x00230108,1,1,covered-function-start
0x00097C10,4,.rdata:0x0022F214 | .rdata:0x0022F36C | .rdata:0x0022F3FC | .rdata:0x0022F714,1,1,covered-function-start
0x00097C50,5,.rdata:0x0022F218 | .rdata:0x0022F370 | .rdata:0x0022F400 | .rdata:0x0022F4C0 | .rdata:0x0022F718,1,1,covered-function-start
0x00097C90,3,.rdata:0x0022F22C | .rdata:0x0022F384 | .rdata:0x0022F414,1,1,covered-function-start
0x00097DA0,6,.rdata:0x0022F23C | .rdata:0x0022F394 | .rdata:0x0022F424 | .rdata:0x0022F73C | .rdata:0x0022FD24 | .rdata:0x0022FDBC,1,1,covered-function-start
0x00097FB0,1,.rdata:0x0022F1F4,1,1,covered-function-start
0x00097FE0,12,.rdata:0x0022F220 | .rdata:0x0022F2C0 | .rdata:0x0022F378 | .rdata:0x0022F568 | .rdata:0x0022F720 | .rdata:0x0022FAF0 | .rdata:0x0022FB88 | .rdata:0x0022FD08 | .rdata:0x0022FDA0 | .rdata:0x0022FF10 | .rdata:0x00230118 | .rdata:0x00230250,1,1,covered-function-start
0x00098020,12,.rdata:0x0022F224 | .rdata:0x0022F2C4 | .rdata:0x0022F37C | .rdata:0x0022F56C | .rdata:0x0022F724 | .rdata:0x0022FAF4 | .rdata:0x0022FB8C | .rdata:0x0022FD0C | .rdata:0x0022FDA4 | .rdata:0x0022FF14 | .rdata:0x0023011C | .rdata:0x00230254,1,1,covered-function-start
0x00098050,2,.rdata:0x0022F230 | .rdata:0x0022F388,1,1,covered-function-start
0x000980E0,2,.rdata:0x0022F1D8 | .rdata:0x0022F330,1,1,covered-function-start
0x00098186,1,.rdata:0x0023CA0C,0,0,internal-target-candidate
0x00098210,1,.rdata:0x0022F2B4,0,1,internal-target-covered
0x00098230,1,.rdata:0x0022F2B8,1,1,covered-function-start
0x00098270,1,.rdata:0x0022F2CC,0,1,internal-target-covered
0x00098780,1,.rdata:0x0022F28C,1,1,covered-function-start
0x000987B0,1,.rdata:0x0022F290,1,1,covered-function-start
0x000987C0,1,.rdata:0x0022F2F4,1,1,covered-function-start
0x00098970,1,.rdata:0x0022F2D0,1,1,covered-function-start
0x00098B00,1,.rdata:0x0022F2F0,1,1,covered-function-start
0x00098BC3,1,.rdata:0x0023CC68,0,0,internal-target-candidate
0x00098CE0,1,.rdata:0x0022F278,1,1,covered-function-start
0x00098EC0,1,.rdata:0x0022F294,0,1,internal-target-covered
0x00098EE0,1,.rdata:0x0022FFEC,1,1,covered-function-start
0x00098F30,5,.rdata:0x0022F448 | .rdata:0x0022F690 | .rdata:0x0022FA70 | .rdata:0x0022FE90 | .rdata:0x0022FFE0,1,1,covered-function-start
0x00098FA0,1,.rdata:0x0022F418,1,1,covered-function-start
0x00099090,1,.rdata:0x0022F344,1,1,covered-function-start
0x000990C0,1,.rdata:0x0022F348,1,1,covered-function-start
0x000990D0,3,.rdata:0x0022F3A8 | .rdata:0x0022F4F8 | .rdata:0x0022FFD0,1,1,covered-function-start
0x000990E0,5,.rdata:0x0022F3B0 | .rdata:0x0022F440 | .rdata:0x0022F688 | .rdata:0x0022FA68 | .rdata:0x0022FE88,1,1,covered-function-start
0x00099100,2,.rdata:0x0022F368 | .rdata:0x0022F3F8,1,1,covered-function-start
0x00099120,3,.rdata:0x0022F464 | .rdata:0x0022FA8C | .rdata:0x0022FEAC,1,1,covered-function-start
0x00099170,1,.rdata:0x0022F34C,1,1,covered-function-start
0x00099190,1,.rdata:0x0022F44C,1,1,covered-function-start
0x000998A0,4,.rdata:0x0022F450 | .rdata:0x0022F698 | .rdata:0x0022FA78 | .rdata:0x0022FE98,1,1,covered-function-start
0x000998F0,4,.rdata:0x0022F454 | .rdata:0x0022F69C | .rdata:0x0022FA7C | .rdata:0x0022FE9C,1,1,covered-function-start
0x00099A10,1,.rdata:0x0022F460,1,1,covered-function-start
0x0009A020,1,.rdata:0x0022F3D4,1,1,covered-function-start
0x0009A060,1,.rdata:0x0022F3D8,1,1,covered-function-start
0x0009A070,4,.rdata:0x0022F438 | .rdata:0x0022F680 | .rdata:0x0022FA60 | .rdata:0x0022FE80,1,1,covered-function-start
0x0009A150,1,.rdata:0x0022F3C0,1,1,covered-function-start
0x0009A210,1,.rdata:0x0022F3DC,0,1,internal-target-covered
0x0009A230,1,.rdata:0x0022F494,1,1,covered-function-start
0x0009A260,1,.rdata:0x0022F498,0,0,internal-target-candidate
0x0009A270,1,.rdata:0x0022F500,1,1,covered-function-start
0x0009A280,1,.rdata:0x0022F504,1,1,covered-function-start
0x0009A290,1,.rdata:0x0022F4BC,1,1,covered-function-start
0x0009A420,1,.rdata:0x0022F4F0,1,1,covered-function-start
0x0009A470,1,.rdata:0x0022F49C,1,1,covered-function-start
0x0009A4A0,1,.rdata:0x0022F480,1,1,covered-function-start
0x0009A670,1,.rdata:0x0022F4B8,1,1,covered-function-start
0x0009A6C0,1,.rdata:0x0022F4D4,1,1,covered-function-start
0x0009A760,1,.rdata:0x0022F4D8,1,1,covered-function-start
0x0009A8C0,1,.rdata:0x0022F534,1,1,covered-function-start
0x0009A8F0,1,.rdata:0x0022F538,1,1,covered-function-start
0x0009A900,1,.rdata:0x0022F55C,1,1,covered-function-start
0x0009A920,1,.rdata:0x0022F560,1,1,covered-function-start
0x0009A950,1,.rdata:0x0022F558,0,1,internal-target-covered
0x0009A990,1,.rdata:0x0022F59C,1,1,covered-function-start
0x0009A9A0,1,.rdata:0x0022F53C,1,1,covered-function-start
0x0009AAE0,1,.rdata:0x0022F520,1,1,covered-function-start
0x0009B130,1,.rdata:0x0022F598,0,0,internal-target-candidate
0x0009B170,1,.rdata:0x0022F574,1,1,covered-function-start
0x0009B210,1,.rdata:0x0022F578,1,1,covered-function-start
0x0009B7A0,1,.rdata:0x0022F5D0,0,1,internal-target-covered
0x0009BF80,1,.rdata:0x0022F5D4,1,1,covered-function-start
0x0009C120,1,.rdata:0x0022F5C8,1,1,covered-function-start
0x0009C290,1,.rdata:0x0022F5E4,1,1,covered-function-start
0x0009C2B0,1,.rdata:0x0022F61C,1,1,covered-function-start
0x0009C2D0,1,.rdata:0x0022F620,0,0,internal-target-candidate
0x0009C2E0,1,.rdata:0x0022F6A8,1,1,covered-function-start
0x0009C330,1,.rdata:0x0022F6A4,1,1,covered-function-start
0x0009C340,1,.rdata:0x0022F624,1,1,covered-function-start
0x0009C380,1,.rdata:0x0022F694,1,1,covered-function-start
0x0009C570,1,.rdata:0x0022F608,1,1,covered-function-start
0x0009C6A0,1,.rdata:0x0022F6AC,1,1,covered-function-start
0x0009C890,1,.rdata:0x0022F6A0,1,1,covered-function-start
0x0009C8D0,1,.rdata:0x0022F640,1,1,covered-function-start
0x0009C920,1,.rdata:0x0022F65C,1,1,covered-function-start
0x0009C9E0,1,.rdata:0x0022F660,1,1,covered-function-start
0x0009D040,1,.rdata:0x0022F6EC,1,1,covered-function-start
0x0009D070,1,.rdata:0x0022F6F0,1,1,covered-function-start
0x0009D080,1,.rdata:0x0022F6F4,1,1,covered-function-start
0x0009D0B0,1,.rdata:0x0022F72C,1,1,covered-function-start
0x0009D0F0,1,.rdata:0x0022F730,1,1,covered-function-start
0x0009D100,2,.rdata:0x0022F750 | .rdata:0x0022FB20,0,1,internal-target-covered
0x0009D230,1,.rdata:0x0022F6D8,1,1,covered-function-start
0x0009DAD6,1,.rdata:0x0023BF5C,0,0,internal-target-candidate
0x0009E050,1,.rdata:0x0023BA24,1,1,covered-function-start
0x0009ECF0,1,.rdata:0x0022F7E0,0,1,internal-target-covered
0x0009F250,1,.rdata:0x0022F7FC,1,1,covered-function-start
0x0009F2F0,121,.rdata:0x00225D0C | .rdata:0x00225EE4 | .rdata:0x0022609C | .rdata:0x00226204 | .rdata:0x00226394 | .rdata:0x0022654C | .rdata:0x00226774 | .rdata:0x0022690C | .rdata:0x00226ADC | .rdata:0x00226CBC | .rdata:0x00226E60 | .rdata:0x00226EAC | .rdata:0x00226EF8 | .rdata:0x00226FAC | .rdata:0x00226FF8 | .rdata:0x00227044 | .rdata:0x002270B8 | .rdata:0x00227118 | .rdata:0x00227170 | .rdata:0x002271C0 | .rdata:0x00227218 | .rdata:0x00227268 | .rdata:0x002272B8 | .rdata:0x00227308 | .rdata:0x00227468 | .rdata:0x002274B4 | .rdata:0x0022750C | .rdata:0x00227558 | .rdata:0x002275B0 | .rdata:0x002275FC | .rdata:0x00227648 | .rdata:0x00227698 | .rdata:0x002277D4 | .rdata:0x00227BE8 | .rdata:0x00227C90 | .rdata:0x00227D90 | .rdata:0x00227DE8 | .rdata:0x00227E98 | .rdata:0x00227F38 | .rdata:0x0022803C | .rdata:0x00228314 | .rdata:0x0022905C | .rdata:0x00229524 | .rdata:0x002297D4 | .rdata:0x00229808 | .rdata:0x00229878 | .rdata:0x002299EC | .rdata:0x00229AAC | .rdata:0x00229BDC | .rdata:0x00229C9C | .rdata:0x0022B45C | .rdata:0x0022B56C | .rdata:0x0022B5F4 | .rdata:0x0022C6E8 | .rdata:0x0022C778 | .rdata:0x0022C90C | .rdata:0x0022CA54 | .rdata:0x0022D480 | .rdata:0x0022D48C | .rdata:0x0022D4F4 | .rdata:0x0022D5B8 | .rdata:0x0022D5CC | .rdata:0x0022D63C | .rdata:0x0022DDB4 | .rdata:0x0022DE4C | .rdata:0x0022DEE4 | .rdata:0x0022DFB8 | .rdata:0x0022E034 | .rdata:0x0022E63C | .rdata:0x0022E714 | .rdata:0x0022E82C | .rdata:0x0022ED34 | .rdata:0x0022EE8C | .rdata:0x0022EF88 | .rdata:0x0022FC6C | .rdata:0x00230074 | .rdata:0x00231BD8 | .rdata:0x00231C30 | .rdata:0x00231C38 | .rdata:0x00231C44 | .rdata:0x00231C90 | .rdata:0x00231CE8 | .rdata:0x00231CF0 | .rdata:0x00231CFC | .rdata:0x00233A74 | .rdata:0x00233A9C | .rdata:0x00233B74 | .rdata:0x002340B8 | .rdata:0x002340F4 | .rdata:0x00234174 | .rdata:0x002341A8 | .rdata:0x0023427C | .rdata:0x002342AC | .rdata:0x0023471C | .rdata:0x0023474C | .rdata:0x00234848 | .rdata:0x002348BC | .rdata:0x0023491C | .rdata:0x00234974 | .rdata:0x002349AC | .rdata:0x002349F0 | .rdata:0x00234A28 | .rdata:0x00234A6C | .rdata:0x00234AA4 | .rdata:0x00234AE8 | .rdata:0x00234BB8 | .rdata:0x00234BE8 | .rdata:0x00234C80 | .rdata:0x00234CB8 | .rdata:0x00234D18 | .rdata:0x00234ED0 | .rdata:0x00234F7C | .rdata:0x00235924 | .rdata:0x00235AB4 | .rdata:0x00235E74 | .rdata:0x00236040 | .rdata:0x0023689C | .rdata:0x00236C64 | .rdata:0x00236D04 | .rdata:0x00237770 | .rdata:0x00240004,1,1,covered-function-start
0x0009F450,1,.rdata:0x0022DF98,1,1,covered-function-start
0x0009F827,1,.rdata:0x0023CA24,0,0,internal-target-candidate
0x000A0482,1,.rdata:0x0023BB14,0,0,internal-target-candidate
0x000A1250,1,.rdata:0x0022F9FC,1,1,covered-function-start
0x000A1270,1,.rdata:0x0022FA00,0,0,internal-target-candidate
0x000A1280,3,.rdata:0x0022F648 | .rdata:0x0022FA28 | .rdata:0x0022FE48,1,1,covered-function-start
0x000A1290,1,.rdata:0x0022FA88,0,1,internal-target-covered
0x000A12C0,2,.rdata:0x0022FA84 | .rdata:0x0022FEA4,0,1,internal-target-covered
0x000A12D0,1,.rdata:0x0022FA04,1,1,covered-function-start
0x000A1320,1,.rdata:0x0022FA74,1,1,covered-function-start
0x000A1510,1,.rdata:0x0022F9E8,1,1,covered-function-start
0x000A19F0,2,.rdata:0x0022FA80 | .rdata:0x0022FEA0,1,1,covered-function-start
0x000A1A30,2,.rdata:0x0022FA40 | .rdata:0x0022FE60,1,1,covered-function-start
0x000A1D80,1,.rdata:0x0022FABC,1,1,covered-function-start
0x000A1DB0,1,.rdata:0x0022FAC0,0,0,internal-target-candidate
0x000A1DC0,1,.rdata:0x0022FAE0,1,1,covered-function-start
0x000A1DD0,1,.rdata:0x0022FAE4,0,1,internal-target-covered
0x000A1DF0,1,.rdata:0x0022FAE8,0,1,internal-target-covered
0x000A1E10,1,.rdata:0x0022FAFC,0,1,internal-target-covered
0x000A1E80,1,.rdata:0x0022FB00,0,1,internal-target-covered
0x000A1F50,1,.rdata:0x0022FAC4,1,1,covered-function-start
0x000A1FD0,1,.rdata:0x0022FAA8,1,1,covered-function-start
0x000A2140,1,.rdata:0x0022FB54,1,1,covered-function-start
0x000A2170,1,.rdata:0x0022FB58,1,1,covered-function-start
0x000A2180,1,.rdata:0x0022FB80,1,1,covered-function-start
0x000A21A0,1,.rdata:0x0022FB78,0,1,internal-target-covered
0x000A21C0,1,.rdata:0x0022FB98,0,1,internal-target-covered
0x000A2248,1,.rdata:0x0023CC64,0,0,internal-target-candidate
0x000A25F0,1,.rdata:0x0022FB5C,1,1,covered-function-start
0x000A2630,1,.rdata:0x0022FB94,1,1,covered-function-start
0x000A2680,1,.rdata:0x0022FB40,1,1,covered-function-start
0x000A2AC0,1,.rdata:0x0022FC2C,0,0,internal-target-candidate
0x000A2AF0,1,.rdata:0x0022FC30,1,1,covered-function-start
0x000A2B70,1,.rdata:0x0022FBFC,0,1,internal-target-covered
0x000A2B80,1,.rdata:0x0022FC34,0,1,internal-target-covered
0x000A2BB0,1,.rdata:0x0022FC18,1,1,covered-function-start
0x000A2C10,1,.rdata:0x0022FCD4,1,1,covered-function-start
0x000A2C40,1,.rdata:0x0022FCD8,1,1,covered-function-start
0x000A2D00,1,.rdata:0x0022FCDC,1,1,covered-function-start
0x000A2D30,1,.rdata:0x0022FCFC,1,1,covered-function-start
0x000A2D50,1,.rdata:0x0022FD00,0,1,internal-target-covered
0x000A2D70,1,.rdata:0x0022FCC0,0,1,internal-target-covered
0x000A2DD0,1,.rdata:0x0022FD6C,1,1,covered-function-start
0x000A2E00,1,.rdata:0x0022FD70,1,1,covered-function-start
0x000A2E20,1,.rdata:0x0022FD94,0,1,internal-target-covered
0x000A2E40,1,.rdata:0x0022FD9C,1,1,covered-function-start
0x000A2EE0,1,.rdata:0x0022FD74,1,1,covered-function-start
0x000A2F60,1,.rdata:0x0022FD98,1,1,covered-function-start
0x000A34F0,1,.rdata:0x0022FDD0,0,1,internal-target-covered
0x000A3650,1,.rdata:0x0022FD58,1,1,covered-function-start
0x000A36C0,1,.rdata:0x0022FD90,1,1,covered-function-start
0x000A3710,5,.rdata:0x0022F644 | .rdata:0x0022FA24 | .rdata:0x0022FB7C | .rdata:0x0022FE44 | .rdata:0x0022FF04,1,1,covered-function-start
0x000A3720,1,.rdata:0x0022FEA8,0,1,internal-target-covered
0x000A3750,1,.rdata:0x0022FE94,0,1,internal-target-covered
0x000A3C40,2,.rdata:0x0022FA20 | .rdata:0x0022FE40,1,1,covered-function-start
0x000A3C90,2,.rdata:0x0022FA3C | .rdata:0x0022FE5C,1,1,covered-function-start
0x000A4960,1,.rdata:0x0022FE1C,1,1,covered-function-start
0x000A4980,1,.rdata:0x0022FE20,0,0,internal-target-candidate
0x000A4B10,1,.rdata:0x0022FE08,1,1,covered-function-start
0x000A4E40,1,.rdata:0x0022FE24,1,1,covered-function-start
0x000A4E60,1,.rdata:0x0022FEDC,1,1,covered-function-start
0x000A4E90,1,.rdata:0x0022FEE0,1,1,covered-function-start
0x000A4EA0,8,.rdata:0x0022F2DC | .rdata:0x0022F4E4 | .rdata:0x0022F584 | .rdata:0x0022FB0C | .rdata:0x0022FBA4 | .rdata:0x0022FF2C | .rdata:0x00230134 | .rdata:0x0023026C,1,1,covered-function-start
0x000A4EC0,1,.rdata:0x0022FF08,1,1,covered-function-start
0x000A4EE0,1,.rdata:0x0022FEE4,0,1,internal-target-covered
0x000A4FF0,1,.rdata:0x0022FF00,1,1,covered-function-start
0x000A5000,1,.rdata:0x0022FF20,0,1,internal-target-covered
0x000A54A0,1,.rdata:0x0022FEC8,0,1,internal-target-covered
0x000A54D0,1,.rdata:0x0022FF1C,1,1,covered-function-start
0x000A5600,1,.rdata:0x0022FF6C,1,1,covered-function-start
0x000A5640,1,.rdata:0x0022FF70,1,1,covered-function-start
0x000A5650,1,.rdata:0x0022FF90,1,1,covered-function-start
0x000A5680,1,.rdata:0x0022FF94,1,1,covered-function-start
0x000A56A0,1,.rdata:0x0022FF98,0,1,internal-target-covered
0x000A56C0,1,.rdata:0x0022FFD8,0,1,internal-target-covered
0x000A56F0,1,.rdata:0x0022FFDC,1,1,covered-function-start
0x000A5720,1,.rdata:0x0022FFCC,1,1,covered-function-start
0x000A5740,1,.rdata:0x0022FFF0,1,1,covered-function-start
0x000A5760,1,.rdata:0x0022FFF4,1,1,covered-function-start
0x000A57C0,1,.rdata:0x0022FF74,1,1,covered-function-start
0x000A5800,1,.rdata:0x0022FFE4,1,1,covered-function-start
0x000A5FC0,1,.rdata:0x0022FFAC,1,1,covered-function-start
0x000A6270,1,.rdata:0x0022FFB0,1,1,covered-function-start
0x000A6610,1,.rdata:0x0022FF58,1,1,covered-function-start
0x000A6850,1,.rdata:0x00230034,1,1,covered-function-start
0x000A6880,1,.rdata:0x00230038,1,1,covered-function-start
0x000A6890,1,.rdata:0x0023003C,1,1,covered-function-start
0x000A68F0,1,.rdata:0x00230098,0,1,internal-target-covered
0x000A6A60,1,.rdata:0x002300E4,1,1,covered-function-start
0x000A6A90,1,.rdata:0x002300E8,1,1,covered-function-start
0x000A6AA0,1,.rdata:0x0023010C,1,1,covered-function-start
0x000A6AD0,1,.rdata:0x00230110,1,1,covered-function-start
0x000A6AF0,1,.rdata:0x00230124,0,0,internal-target-candidate
0x000A6B60,1,.rdata:0x00230128,1,1,covered-function-start
0x000A6EE0,1,.rdata:0x002300EC,1,1,covered-function-start
0x000A6F20,1,.rdata:0x002300D0,1,1,covered-function-start
0x000A7420,1,.rdata:0x002301AC,1,1,covered-function-start
0x000A7440,1,.rdata:0x002301B0,1,1,covered-function-start
0x000A7740,1,.rdata:0x002301B4,1,1,covered-function-start
0x000A7B60,1,.rdata:0x00230244,0,1,internal-target-covered
0x000A80B0,1,.rdata:0x00230248,1,1,covered-function-start
0x000A8100,1,.rdata:0x00230240,0,1,internal-target-covered
0x000A8130,1,.rdata:0x0023025C,0,1,internal-target-covered
0x000A8260,1,.rdata:0x00230208,1,1,covered-function-start
0x000A8540,1,.rdata:0x0023021C,0,1,internal-target-covered
0x000A8570,1,.rdata:0x00230220,1,1,covered-function-start
0x000A8580,1,.rdata:0x00230260,1,1,covered-function-start
0x000A85F0,1,.rdata:0x00230224,1,1,covered-function-start
0x000A9220,1,.rdata:0x00230280,1,1,covered-function-start
0x000A9DA7,1,.rdata:0x0023B9D0,0,0,internal-target-candidate
0x000A9DE0,1,.rdata:0x00230308,1,1,covered-function-start
0x000A9DF0,1,.rdata:0x0023030C,1,1,covered-function-start
0x000A9EA0,1,.rdata:0x002302D4,0,0,internal-target-candidate
0x000A9EC0,1,.rdata:0x002302D8,1,1,covered-function-start
0x000A9ED0,3,.rdata:0x002302F4 | .rdata:0x00233A58 | .rdata:0x00233A5C,1,1,covered-function-start
0x000A9EE0,1,.rdata:0x002302DC,1,1,covered-function-start
0x000A9FF0,1,.rdata:0x002302E0,0,0,internal-target-candidate
0x000AA050,1,.rdata:0x002302E4,1,1,covered-function-start
0x000AA0D0,1,.rdata:0x002302E8,1,1,covered-function-start
0x000AA110,1,.rdata:0x002302F0,1,1,covered-function-start
0x000AA140,1,.rdata:0x002302F8,1,1,covered-function-start
0x000AA180,1,.rdata:0x002302FC,1,1,covered-function-start
0x000AA1C0,1,.rdata:0x00230300,1,1,covered-function-start
0x000AA200,1,.rdata:0x00230310,1,1,covered-function-start
0x000AA360,1,.rdata:0x002302EC,1,1,covered-function-start
0x000AA4F0,2,.rdata:0x0022AF44 | .rdata:0x0023037C,1,1,covered-function-start
0x000AA7B0,2,.rdata:0x0022AF1C | .rdata:0x00230354,1,1,covered-function-start
0x000AA860,2,.rdata:0x0022AF20 | .rdata:0x00230358,1,1,covered-function-start
0x000AA8D0,1,.rdata:0x0022AF2C,1,1,covered-function-start
0x000AAA80,1,.rdata:0x0022AF30,1,1,covered-function-start
0x000AAC70,1,.rdata:0x0022AF28,1,1,covered-function-start
0x000AAFF0,1,.rdata:0x0022AF14,1,1,covered-function-start
0x000AB090,2,.rdata:0x0022AF18 | .rdata:0x00230350,1,1,covered-function-start
0x000AB170,1,.rdata:0x0022AF24,1,1,covered-function-start
0x000AB240,1,.rdata:0x00230360,1,1,covered-function-start
0x000AB2B0,1,.rdata:0x00230368,1,1,covered-function-start
0x000AB300,1,.rdata:0x00230344,1,1,covered-function-start
0x000AB330,1,.rdata:0x00230348,1,1,covered-function-start
0x000AB340,1,.rdata:0x00230340,1,1,covered-function-start
0x000AB360,1,.rdata:0x0023034C,1,1,covered-function-start
0x000AB3F0,1,.rdata:0x00230364,1,1,covered-function-start
0x000AB4A0,1,.rdata:0x0023035C,1,1,covered-function-start
0x000AB640,1,.rdata:0x002303E4,1,1,covered-function-start
0x000AB980,1,.rdata:0x002303D4,1,1,covered-function-start
0x000AB9C0,1,.rdata:0x002303DC,0,1,internal-target-covered
0x000ABDE0,1,.rdata:0x002303D8,0,1,internal-target-covered
0x000AC290,1,.rdata:0x0023043C,1,1,covered-function-start
0x000AC2E0,5,.rdata:0x002303CC | .rdata:0x00230434 | .rdata:0x00230490 | .rdata:0x002304E4 | .rdata:0x00230548,0,1,internal-target-covered
0x000AC300,1,.rdata:0x00230448,1,1,covered-function-start
0x000AD020,1,.rdata:0x00230440,1,1,covered-function-start
0x000AD220,1,.rdata:0x00230444,1,1,covered-function-start
0x000AD920,1,.rdata:0x00230498,1,1,covered-function-start
0x000ADC80,1,.rdata:0x0023049C,1,1,covered-function-start
0x000ADD60,1,.rdata:0x002304A0,1,1,covered-function-start
0x000ADEF0,1,.rdata:0x002304A8,1,1,covered-function-start
0x000AE3F0,1,.rdata:0x002304EC,1,1,covered-function-start
0x000AE440,1,.rdata:0x002304F4,0,1,internal-target-covered
0x000AE4A0,1,.rdata:0x002304F8,1,1,covered-function-start
0x000AE500,1,.rdata:0x002304FC,1,1,covered-function-start
0x000AE870,1,.rdata:0x002304F0,1,1,covered-function-start
0x000AE9B0,6,.rdata:0x002303D0 | .rdata:0x00230438 | .rdata:0x00230494 | .rdata:0x002304E8 | .rdata:0x0023054C | .rdata:0x00230658,1,1,covered-function-start
0x000AEC90,1,.rdata:0x00230550,1,1,covered-function-start
0x000AECE0,1,.rdata:0x0023055C,0,0,internal-target-candidate
0x000AED40,1,.rdata:0x00230560,1,1,covered-function-start
0x000AF460,1,.rdata:0x00230554,1,1,covered-function-start
0x000AF520,1,.rdata:0x00230558,1,1,covered-function-start
0x000AF590,1,.rdata:0x00230588,1,1,covered-function-start
0x000AF620,1,.rdata:0x002305D4,1,1,covered-function-start
0x000AF690,1,.rdata:0x002305D8,1,1,covered-function-start
0x000AF830,2,.rdata:0x002305B8 | .rdata:0x00231B10,1,1,covered-function-start
0x000B0BD0,1,.rdata:0x00230654,1,1,covered-function-start
0x000B0BF0,1,.rdata:0x00230660,1,1,covered-function-start
0x000B29F1,1,.rdata:0x0023BB28,0,0,internal-target-candidate
0x000B6DA0,3,.rdata:0x0022A7E8 | .rdata:0x00230CF0 | .rdata:0x00237D20,0,1,internal-target-covered
0x000B6DB0,1,.rdata:0x00230C9C,1,1,covered-function-start
0x000B6E40,1,.rdata:0x00230CA0,1,1,covered-function-start
0x000B6E70,3,.rdata:0x0022A7EC | .rdata:0x00230CF4 | .rdata:0x00237D24,1,1,covered-function-start
0x000B6E90,3,.rdata:0x0022A7F4 | .rdata:0x00230CFC | .rdata:0x00237D2C,1,1,covered-function-start
0x000B6EA0,8,.rdata:0x00230CB4 | .rdata:0x00230CDC | .rdata:0x00230E50 | .rdata:0x00230E90 | .rdata:0x00230EE0 | .rdata:0x00230F20 | .rdata:0x002383B8 | .rdata:0x0023A1F8,1,1,covered-function-start
0x000B6EF0,9,.rdata:0x0022A7F0 | .rdata:0x00230CD0 | .rdata:0x00230CF8 | .rdata:0x00237B10 | .rdata:0x00237BE4 | .rdata:0x00237D28 | .rdata:0x0023A214 | .rdata:0x0023A288 | .rdata:0x0023A2BC,1,1,covered-function-start
0x000B6FC0,3,.rdata:0x0022A7E0 | .rdata:0x00230CE8 | .rdata:0x00237D18,1,1,covered-function-start
0x000B6FD0,1,.rdata:0x00230EB8,1,1,covered-function-start
0x000B70B0,1,.rdata:0x00230EA8,1,1,covered-function-start
0x000B70E0,1,.rdata:0x00230EC0,1,1,covered-function-start
0x000B7120,1,.rdata:0x00230EC4,1,1,covered-function-start
0x000B716E,1,.rdata:0x0023BAA0,0,0,internal-target-candidate
0x000B7180,1,.rdata:0x00230EBC,1,1,covered-function-start
0x000B71E0,1,.rdata:0x00230EB0,1,1,covered-function-start
0x000B7360,9,.rdata:0x00230E8C | .rdata:0x00230ECC | .rdata:0x002339AC | .rdata:0x002339B0 | .rdata:0x002339B4 | .rdata:0x0023D898 | .rdata:0x0023D980 | .rdata:0x0023E39C | .rdata:0x002403EC,1,1,covered-function-start
0x000B7450,7,.rdata:0x00230E6C | .rdata:0x00230EAC | .rdata:0x00230EFC | .rdata:0x00230F3C | .rdata:0x002383D4 | .rdata:0x0023E37C | .rdata:0x002403CC,1,1,covered-function-start
0x000B74B0,7,.rdata:0x00230E74 | .rdata:0x00230EB4 | .rdata:0x00230F04 | .rdata:0x00230F44 | .rdata:0x002383DC | .rdata:0x0023E384 | .rdata:0x002403D4,1,1,covered-function-start
0x000B7540,1,.rdata:0x00230F08,1,1,covered-function-start
0x000B7560,2,.rdata:0x00230F0C | .rdata:0x0023A224,1,1,covered-function-start
0x000B75D0,1,.rdata:0x00230F10,1,1,covered-function-start
0x000B7650,2,.rdata:0x00230F14 | .rdata:0x002383EC,1,1,covered-function-start
0x000B7690,1,.rdata:0x00230F18,1,1,covered-function-start
0x000B79A0,1,.rdata:0x00230EF8,1,1,covered-function-start
0x000B7A60,1,.rdata:0x00230F00,1,1,covered-function-start
0x000B8060,1,.rdata:0x00230F48,0,0,internal-target-candidate
0x000B8080,1,.rdata:0x00230F50,1,1,covered-function-start
0x000B80A0,1,.rdata:0x00230F54,1,1,covered-function-start
0x000B80D0,1,.rdata:0x00230F58,1,1,covered-function-start
0x000B80F0,1,.rdata:0x00230F38,1,1,covered-function-start
0x000B8130,1,.rdata:0x00230F40,1,1,covered-function-start
0x000B8340,1,.rdata:0x00230F4C,1,1,covered-function-start
0x000B83B0,1,.rdata:0x00230CC0,1,1,covered-function-start
0x000B83F0,1,.rdata:0x00230E5C,1,1,covered-function-start
0x000B8400,1,.rdata:0x00230FDC,1,1,covered-function-start
0x000B8410,1,.rdata:0x00230E9C,1,1,covered-function-start
0x000B8420,1,.rdata:0x00230FD0,1,1,covered-function-start
0x000B8480,1,.rdata:0x00230FD4,1,1,covered-function-start
0x000B84E0,1,.rdata:0x0023102C,1,1,covered-function-start
0x000B84F0,1,.rdata:0x00231030,1,1,covered-function-start
0x000B8500,1,.rdata:0x00230EEC,1,1,covered-function-start
0x000B8510,1,.rdata:0x00231020,1,1,covered-function-start
0x000B8570,1,.rdata:0x00231024,1,1,covered-function-start
0x000B85D0,1,.rdata:0x00231064,1,1,covered-function-start
0x000B85E0,1,.rdata:0x00230F2C,1,1,covered-function-start
0x000B85F0,1,.rdata:0x00231058,1,1,covered-function-start
0x000B8650,1,.rdata:0x0023105C,1,1,covered-function-start
0x000B8D40,2,.rdata:0x0023D7B0 | .rdata:0x0023D7DC,1,1,covered-function-start
0x000B8DB0,2,.rdata:0x0023D7B4 | .rdata:0x0023D7E0,1,1,covered-function-start
0x000B8E00,1,.rdata:0x00230CAC,1,1,covered-function-start
0x000B8F30,54,.rdata:0x0022A7D8 | .rdata:0x002305BC | .rdata:0x00230CA4 | .rdata:0x00230CB8 | .rdata:0x00230CE0 | .rdata:0x00230E54 | .rdata:0x00230E94 | .rdata:0x00230EE4 | .rdata:0x00230F24 | .rdata:0x002314E0 | .rdata:0x002315F4 | .rdata:0x00231608 | .rdata:0x0023169C | .rdata:0x00231768 | .rdata:0x00231AEC | .rdata:0x00231B14 | .rdata:0x00231B9C | .rdata:0x00231C5C | .rdata:0x002328E4 | .rdata:0x00232920 | .rdata:0x00237AF8 | .rdata:0x00237BCC | .rdata:0x00237D10 | .rdata:0x00238098 | .rdata:0x002383BC | .rdata:0x002383FC | .rdata:0x00238444 | .rdata:0x0023A1FC | .rdata:0x0023A270 | .rdata:0x0023A2A4 | .rdata:0x0023A2DC | .rdata:0x0023A31C | .rdata:0x0023A360 | .rdata:0x0023D9C8 | .rdata:0x0023DA0C | .rdata:0x0023DA50 | .rdata:0x0023DB04 | .rdata:0x0023DB38 | .rdata:0x0023DFB4 | .rdata:0x0023E0D8 | .rdata:0x0023E324 | .rdata:0x0023E364 | .rdata:0x0023E778 | .rdata:0x0023E7BC | .rdata:0x0023E7F0 | .rdata:0x0023E82C | .rdata:0x002403B4 | .rdata:0x0024040C | .rdata:0x00240438 | .rdata:0x002406B8 | .rdata:0x002406E4 | .rdata:0x00240708 | .rdata:0x00240748 | .rdata:0x00240778,1,1,covered-function-start
0x000B8F60,54,.rdata:0x0022A7DC | .rdata:0x002305C0 | .rdata:0x00230CA8 | .rdata:0x00230CBC | .rdata:0x00230CE4 | .rdata:0x00230E58 | .rdata:0x00230E98 | .rdata:0x00230EE8 | .rdata:0x00230F28 | .rdata:0x002314E4 | .rdata:0x002315F8 | .rdata:0x0023160C | .rdata:0x002316A0 | .rdata:0x0023176C | .rdata:0x00231AF0 | .rdata:0x00231B18 | .rdata:0x00231BA0 | .rdata:0x00231C60 | .rdata:0x002328E8 | .rdata:0x00232924 | .rdata:0x00237AFC | .rdata:0x00237BD0 | .rdata:0x00237D14 | .rdata:0x0023809C | .rdata:0x002383C0 | .rdata:0x00238400 | .rdata:0x00238448 | .rdata:0x0023A200 | .rdata:0x0023A274 | .rdata:0x0023A2A8 | .rdata:0x0023A2E0 | .rdata:0x0023A320 | .rdata:0x0023A364 | .rdata:0x0023D9CC | .rdata:0x0023DA10 | .rdata:0x0023DA54 | .rdata:0x0023DB08 | .rdata:0x0023DB3C | .rdata:0x0023DFB8 | .rdata:0x0023E0DC | .rdata:0x0023E328 | .rdata:0x0023E368 | .rdata:0x0023E77C | .rdata:0x0023E7C0 | .rdata:0x0023E7F4 | .rdata:0x0023E830 | .rdata:0x002403B8 | .rdata:0x00240410 | .rdata:0x0024043C | .rdata:0x002406BC | .rdata:0x002406E8 | .rdata:0x0024070C | .rdata:0x0024074C | .rdata:0x0024077C,1,1,covered-function-start
0x000B8FE0,1,.rdata:0x00231098,1,1,covered-function-start
0x000B9140,1,.rdata:0x002310A0,1,1,covered-function-start
0x000B91A0,1,.rdata:0x002310B4,1,1,covered-function-start
0x000B91E0,1,.rdata:0x002310B8,1,1,covered-function-start
0x000B9210,1,.rdata:0x002310BC,1,1,covered-function-start
0x000B9250,1,.rdata:0x002310C0,1,1,covered-function-start
0x000B93A0,1,.rdata:0x0023109C,1,1,covered-function-start
0x000B9E60,1,.rdata:0x002311B4,1,1,covered-function-start
0x000B9E70,1,.rdata:0x002311AC,1,1,covered-function-start
0x000B9EA0,1,.rdata:0x002310A8,1,1,covered-function-start
0x000B9ED0,1,.rdata:0x002311A8,1,1,covered-function-start
0x000BA8C0,1,.rdata:0x002314DC,1,1,covered-function-start
0x000BB320,1,.rdata:0x002315F0,1,1,covered-function-start
0x000BB530,1,.rdata:0x00231604,1,1,covered-function-start
0x000BB580,1,.rdata:0x00231624,1,1,covered-function-start
0x000BB5A0,1,.rdata:0x0023162C,1,1,covered-function-start
0x000BB5F0,1,.rdata:0x00231630,1,1,covered-function-start
0x000BB640,1,.rdata:0x0023163C,1,1,covered-function-start
0x000BB8B0,1,.rdata:0x00231654,1,1,covered-function-start
0x000BB8C0,12,.rdata:0x0023165C | .rdata:0x00238314 | .rdata:0x0023831C | .rdata:0x002396FC | .rdata:0x00239700 | .rdata:0x00239708 | .rdata:0x002398C8 | .rdata:0x002398E8 | .rdata:0x00239BF0 | .rdata:0x00239BF4 | .rdata:0x00239C10 | .rdata:0x00239C14,1,1,covered-function-start
0x000BB8D0,1,.rdata:0x00231664,1,1,covered-function-start
0x000BB910,1,.rdata:0x0023166C,1,1,covered-function-start
0x000BB940,2,.rdata:0x00231678 | .rdata:0x002316AC,1,1,covered-function-start
0x000BBA10,2,.rdata:0x00231644 | .rdata:0x002395DC,0,1,internal-target-covered
0x000BBCD0,1,.rdata:0x00231680,0,0,internal-target-candidate
0x000BBCE0,1,.rdata:0x0023167C,1,1,covered-function-start
0x000BBD70,1,.rdata:0x00231684,1,1,covered-function-start
0x000BBD80,3,.rdata:0x00231690 | .rdata:0x0023E7AC | .rdata:0x0023E81C,1,1,covered-function-start
0x000BBD90,3,.rdata:0x00231688 | .rdata:0x0023E7A4 | .rdata:0x0023E814,1,1,covered-function-start
0x000BBDA0,3,.rdata:0x00231698 | .rdata:0x0023E7EC | .rdata:0x00240434,1,1,covered-function-start
0x000BC7F0,1,.rdata:0x0023232C,1,1,covered-function-start
0x000BCE10,1,.rdata:0x002316B8,1,1,covered-function-start
0x000BCEE0,1,.rdata:0x002316BC,1,1,covered-function-start
0x000BD9FA,1,.rdata:0x0023BB24,0,0,internal-target-candidate
0x000BE4D0,1,.rdata:0x002316B4,1,1,covered-function-start
0x000BF990,1,.rdata:0x00231774,1,1,covered-function-start
0x000C0010,1,.rdata:0x00231764,1,1,covered-function-start
0x000C0013,1,.rdata:0x0024020C,0,0,internal-target-candidate
0x000C0040,1,.rdata:0x002318D0,1,1,covered-function-start
0x000C00A0,1,.rdata:0x002318DC,1,1,covered-function-start
0x000C00B0,1,.rdata:0x002318E0,1,1,covered-function-start
0x000C00C0,1,.rdata:0x002314E8,1,1,covered-function-start
0x000C0160,1,.rdata:0x002318D4,1,1,covered-function-start
0x000C01A0,4,.rdata:0x002318D8 | .rdata:0x00231B64 | .rdata:0x0023DA90 | .rdata:0x0023DAC4,1,1,covered-function-start
0x000C0330,2,.rdata:0x002305D0 | .rdata:0x00231B28,0,1,internal-target-covered
0x000C04C0,1,.rdata:0x00231B30,1,1,covered-function-start
0x000C0530,1,.rdata:0x00231B2C,1,1,covered-function-start
0x000C0630,1,.rdata:0x00231AE8,1,1,covered-function-start
0x000C0790,1,.rdata:0x00231B5C,1,1,covered-function-start
0x000C07F0,1,.rdata:0x00231B68,1,1,covered-function-start
0x000C0800,1,.rdata:0x00231B6C,1,1,covered-function-start
0x000C0810,2,.rdata:0x002305C4 | .rdata:0x00231B1C,1,1,covered-function-start
0x000C0840,1,.rdata:0x00231B60,1,1,covered-function-start
0x000C08B0,5,.rdata:0x0023147C | .rdata:0x0023150C | .rdata:0x0023158C | .rdata:0x00231BEC | .rdata:0x00231CA4,1,1,covered-function-start
0x000C08F0,5,.rdata:0x00231480 | .rdata:0x00231510 | .rdata:0x00231590 | .rdata:0x00231BF0 | .rdata:0x00231CA8,1,1,covered-function-start
0x000C0900,7,.rdata:0x0023149C | .rdata:0x0023152C | .rdata:0x002315AC | .rdata:0x00231C0C | .rdata:0x00231CC4 | .rdata:0x00231D4C | .rdata:0x00231DCC,1,1,covered-function-start
0x000C0950,7,.rdata:0x002314A0 | .rdata:0x00231530 | .rdata:0x002315B0 | .rdata:0x00231C10 | .rdata:0x00231CC8 | .rdata:0x00231D50 | .rdata:0x00231DD0,1,1,covered-function-start
0x000C09A0,7,.rdata:0x002314A4 | .rdata:0x00231534 | .rdata:0x002315B4 | .rdata:0x00231C14 | .rdata:0x00231CCC | .rdata:0x00231D54 | .rdata:0x00231DD4,1,1,covered-function-start
0x000C09F0,7,.rdata:0x002314A8 | .rdata:0x00231538 | .rdata:0x002315B8 | .rdata:0x00231C18 | .rdata:0x00231CD0 | .rdata:0x00231D58 | .rdata:0x00231DD8,1,1,covered-function-start
0x000C0A40,7,.rdata:0x002314B0 | .rdata:0x00231540 | .rdata:0x002315C0 | .rdata:0x00231C20 | .rdata:0x00231CD8 | .rdata:0x00231D60 | .rdata:0x00231DE0,1,1,covered-function-start
0x000C0A50,7,.rdata:0x002314B4 | .rdata:0x00231544 | .rdata:0x002315C4 | .rdata:0x00231C24 | .rdata:0x00231CDC | .rdata:0x00231D64 | .rdata:0x00231DE4,1,1,covered-function-start
0x000C0A60,7,.rdata:0x002314B8 | .rdata:0x00231548 | .rdata:0x002315C8 | .rdata:0x00231C28 | .rdata:0x00231CE0 | .rdata:0x00231D68 | .rdata:0x00231DE8,1,1,covered-function-start
0x000C0AC0,5,.rdata:0x002314BC | .rdata:0x0023154C | .rdata:0x002315CC | .rdata:0x00231D6C | .rdata:0x00231DEC,1,1,covered-function-start
0x000C0B00,6,.rdata:0x002314D8 | .rdata:0x00231568 | .rdata:0x002315E8 | .rdata:0x00231C48 | .rdata:0x00231D88 | .rdata:0x00231E08,1,1,covered-function-start
0x000C0B70,7,.rdata:0x002314AC | .rdata:0x0023153C | .rdata:0x002315BC | .rdata:0x00231C1C | .rdata:0x00231CD4 | .rdata:0x00231D5C | .rdata:0x00231DDC,1,1,covered-function-start
0x000C0BD0,2,.rdata:0x00231BAC | .rdata:0x00231BB0,1,1,covered-function-start
0x000C0D20,8,.rdata:0x00231BF4 | .rdata:0x00231BF8 | .rdata:0x00231C04 | .rdata:0x00231C08 | .rdata:0x00231CAC | .rdata:0x00231CB0 | .rdata:0x00231CBC | .rdata:0x00231CC0,1,1,covered-function-start
0x000C0D40,1,.rdata:0x00231BDC,1,1,covered-function-start
0x000C0DA0,2,.rdata:0x00230EA4 | .rdata:0x00231BE8,1,1,covered-function-start
0x000C0E90,6,.rdata:0x00231460 | .rdata:0x002314F0 | .rdata:0x00231570 | .rdata:0x00231BD0 | .rdata:0x00231D10 | .rdata:0x00231D90,1,1,covered-function-start
0x000C0EC0,1,.rdata:0x00231BE0,1,1,covered-function-start
0x000C1000,1,.rdata:0x00231BD4,1,1,covered-function-start
0x000C1190,1,.rdata:0x00231C6C,1,1,covered-function-start
0x000C1260,1,.rdata:0x00231C70,1,1,covered-function-start
0x000C13C0,2,.rdata:0x00231B98 | .rdata:0x00231C58,1,1,covered-function-start
0x000C1520,4,.rdata:0x00231514 | .rdata:0x00231518 | .rdata:0x00231594 | .rdata:0x00231598,1,1,covered-function-start
0x000C1550,4,.rdata:0x00231524 | .rdata:0x00231528 | .rdata:0x002315A4 | .rdata:0x002315A8,1,1,covered-function-start
0x000C1580,2,.rdata:0x00231550 | .rdata:0x002315D0,1,1,covered-function-start
0x000C1610,2,.rdata:0x00231554 | .rdata:0x002315D4,1,1,covered-function-start
0x000C1650,2,.rdata:0x0023155C | .rdata:0x002315DC,1,1,covered-function-start
0x000C1680,2,.rdata:0x00231558 | .rdata:0x002315D8,1,1,covered-function-start
0x000C1700,2,.rdata:0x00231560 | .rdata:0x002315E0,1,1,covered-function-start
0x000C1730,5,.rdata:0x00230F1C | .rdata:0x00231508 | .rdata:0x00231C74 | .rdata:0x0023DA1C | .rdata:0x00240724,1,1,covered-function-start
0x000C1740,2,.rdata:0x0023151C | .rdata:0x0023159C,1,1,covered-function-start
0x000C17A0,2,.rdata:0x00231520 | .rdata:0x002315A0,1,1,covered-function-start
0x000C17E0,2,.rdata:0x002314F4 | .rdata:0x00231574,1,1,covered-function-start
0x000C1940,2,.rdata:0x002314F8 | .rdata:0x00231578,1,1,covered-function-start
0x000C1A60,2,.rdata:0x002314FC | .rdata:0x0023157C,1,1,covered-function-start
0x000C1BE0,1,.rdata:0x00231500,1,1,covered-function-start
0x000C1DC0,2,.rdata:0x00231564 | .rdata:0x002315E4,1,1,covered-function-start
0x000C2010,4,.rdata:0x00231588 | .rdata:0x002383F4 | .rdata:0x0023A280 | .rdata:0x0024078C,1,1,covered-function-start
0x000C2020,1,.rdata:0x00231580,1,1,covered-function-start
0x000C2220,1,.rdata:0x00231C94,1,1,covered-function-start
0x000C2260,1,.rdata:0x00231C98,1,1,covered-function-start
0x000C2270,4,.rdata:0x00230EF4 | .rdata:0x00231CA0 | .rdata:0x0023DB54 | .rdata:0x0024071C,1,1,covered-function-start
0x000C2280,2,.rdata:0x00231C4C | .rdata:0x00231D04,1,1,covered-function-start
0x000C22C0,1,.rdata:0x00231C88,1,1,covered-function-start
0x000C2300,1,.rdata:0x00231D00,1,1,covered-function-start
0x000C2370,3,.rdata:0x00231D28 | .rdata:0x002383CC | .rdata:0x0024075C,1,1,covered-function-start
0x000C23A0,1,.rdata:0x00231D20,1,1,covered-function-start
0x000C2580,2,.rdata:0x00231D34 | .rdata:0x00231DB4,1,1,covered-function-start
0x000C25E0,2,.rdata:0x00231D44 | .rdata:0x00231DC4,1,1,covered-function-start
0x000C2630,2,.rdata:0x00231D48 | .rdata:0x00231DC8,1,1,covered-function-start
0x000C26D0,2,.rdata:0x00231D38 | .rdata:0x00231DB8,1,1,covered-function-start
0x000C2730,2,.rdata:0x00231D2C | .rdata:0x00231DAC,1,1,covered-function-start
0x000C2750,2,.rdata:0x00231D30 | .rdata:0x00231DB0,1,1,covered-function-start
0x000C2770,2,.rdata:0x00231D7C | .rdata:0x00231DFC,1,1,covered-function-start
0x000C27A0,2,.rdata:0x00231D78 | .rdata:0x00231DF8,1,1,covered-function-start
0x000C2820,2,.rdata:0x00231D80 | .rdata:0x00231E00,1,1,covered-function-start
0x000C2850,6,.rdata:0x00231504 | .rdata:0x00231584 | .rdata:0x00231BE4 | .rdata:0x00231C9C | .rdata:0x00231D24 | .rdata:0x00231DA4,1,1,covered-function-start
0x000C28D0,2,.rdata:0x00231D3C | .rdata:0x00231DBC,1,1,covered-function-start
0x000C2920,2,.rdata:0x00231D40 | .rdata:0x00231DC0,1,1,covered-function-start
0x000C2950,2,.rdata:0x00231D70 | .rdata:0x00231DF0,1,1,covered-function-start
0x000C2A70,2,.rdata:0x00231D74 | .rdata:0x00231DF4,1,1,covered-function-start
0x000C2B40,2,.rdata:0x00231D14 | .rdata:0x00231D94,1,1,covered-function-start
0x000C2CA0,2,.rdata:0x00231D18 | .rdata:0x00231D98,1,1,covered-function-start
0x000C2DE0,2,.rdata:0x00231D1C | .rdata:0x00231D9C,1,1,covered-function-start
0x000C2FA0,1,.rdata:0x00231DA0,1,1,covered-function-start
0x000C31E0,2,.rdata:0x00231D84 | .rdata:0x00231E04,1,1,covered-function-start
0x000C32C8,1,.rdata:0x0023CE74,0,0,internal-target-candidate
0x000C36C0,1,.rdata:0x002315FC,1,1,covered-function-start
0x000C36F0,1,.rdata:0x00231610,1,1,covered-function-start
0x000C3990,1,.rdata:0x00232084,1,1,covered-function-start
0x000C39E0,1,.rdata:0x00232088,1,1,covered-function-start
0x000C3A10,1,.rdata:0x0023208C,1,1,covered-function-start
0x000C3A20,1,.rdata:0x00232090,1,1,covered-function-start
0x000C3A90,1,.rdata:0x00232080,1,1,covered-function-start
0x000C3B20,1,.rdata:0x00232078,1,1,covered-function-start
0x000C4750,1,.rdata:0x00232074,1,1,covered-function-start
0x000C4BD0,1,.rdata:0x00232070,1,1,covered-function-start
0x000C5780,1,.rdata:0x0023207C,1,1,covered-function-start
0x000C6160,1,.rdata:0x00231648,1,1,covered-function-start
0x000C61E0,1,.rdata:0x0023164C,1,1,covered-function-start
0x000C6270,1,.rdata:0x002320AC,1,1,covered-function-start
0x000C6370,1,.rdata:0x002320B0,1,1,covered-function-start
0x000C63E0,1,.rdata:0x002320B4,1,1,covered-function-start
0x000C6470,2,.rdata:0x002320B8 | .rdata:0x002320F0,1,1,covered-function-start
0x000C64A0,1,.rdata:0x002320CC,1,1,covered-function-start
0x000C6500,1,.rdata:0x002320E4,1,1,covered-function-start
0x000C6800,1,.rdata:0x002320E8,1,1,covered-function-start
0x000C68B0,1,.rdata:0x002320F8,1,1,covered-function-start
0x000C68D0,1,.rdata:0x002320F4,1,1,covered-function-start
0x000C68F0,1,.rdata:0x002320EC,1,1,covered-function-start
0x000C6AD0,1,.rdata:0x002320FC,1,1,covered-function-start
0x000C6B00,4,.rdata:0x00231650 | .rdata:0x002320A8 | .rdata:0x002320C8 | .rdata:0x002320D8,1,1,covered-function-start
0x000C6D10,1,.rdata:0x002320E0,1,1,covered-function-start
0x000C6D40,1,.rdata:0x002320DC,1,1,covered-function-start
0x000C6DB0,1,.rdata:0x002316B0,1,1,covered-function-start
0x000C6E20,1,.rdata:0x00232318,1,1,covered-function-start
0x000C6E80,1,.rdata:0x00232324,1,1,covered-function-start
0x000C6E90,1,.rdata:0x00232328,1,1,covered-function-start
0x000C6EA0,1,.rdata:0x00231770,1,1,covered-function-start
0x000C6F80,1,.rdata:0x0023231C,1,1,covered-function-start
0x000C6F90,1,.rdata:0x002406EC,1,1,covered-function-start
0x000C6FB0,1,.rdata:0x002328EC,1,1,covered-function-start
0x000C6FC0,1,.rdata:0x00231AF4,1,1,covered-function-start
0x000C72F0,1,.rdata:0x00232790,1,1,covered-function-start
0x000C7330,1,.rdata:0x00231BA4,1,1,covered-function-start
0x000C7340,1,.rdata:0x0023278C,1,1,covered-function-start
0x000C73A0,1,.rdata:0x00232818,1,1,covered-function-start
0x000C7400,1,.rdata:0x00232824,1,1,covered-function-start
0x000C7410,1,.rdata:0x00232828,1,1,covered-function-start
0x000C7420,1,.rdata:0x0023281C,1,1,covered-function-start
0x000C7490,1,.rdata:0x00231C64,1,1,covered-function-start
0x000C7820,3,.rdata:0x0023293C | .rdata:0x0023840C | .rdata:0x0023A2EC,1,1,covered-function-start
0x000C7830,1,.rdata:0x002328E0,1,1,covered-function-start
0x000C7860,1,.rdata:0x002328D0,1,1,covered-function-start
0x000C7970,1,.rdata:0x00232944,1,1,covered-function-start
0x000C79D0,1,.rdata:0x00232940,1,1,covered-function-start
0x000C7CA0,830,.rdata:0x00225CA0 | .rdata:0x00225CE8 | .rdata:0x00225CEC | .rdata:0x00225D04 | .rdata:0x00225D54 | .rdata:0x00225DB0 | .rdata:0x00225EC0 | .rdata:0x00225EC4 | .rdata:0x00225EDC | .rdata:0x00225F2C | .rdata:0x00225F88 | .rdata:0x00226078 | .rdata:0x0022607C | .rdata:0x00226094 | .rdata:0x002260E4 | .rdata:0x00226140 | .rdata:0x0022615C | .rdata:0x002261E0 | .rdata:0x002261E4 | .rdata:0x002261FC | .rdata:0x0022624C | .rdata:0x00226370 | .rdata:0x00226374 | .rdata:0x0022638C | .rdata:0x002263DC | .rdata:0x00226438 | .rdata:0x00226454 | .rdata:0x00226528 | .rdata:0x0022652C | .rdata:0x00226544 | .rdata:0x00226594 | .rdata:0x002265F0 | .rdata:0x00226750 | .rdata:0x00226754 | .rdata:0x0022676C | .rdata:0x002267BC | .rdata:0x00226818 | .rdata:0x002268E8 | .rdata:0x002268EC | .rdata:0x00226904 | .rdata:0x00226954 | .rdata:0x002269B0 | .rdata:0x00226AB8 | .rdata:0x00226ABC | .rdata:0x00226AD4 | .rdata:0x00226B24 | .rdata:0x00226B80 | .rdata:0x00226C54 | .rdata:0x00226C98 | .rdata:0x00226C9C | .rdata:0x00226CB4 | .rdata:0x002270F4 | .rdata:0x002272A4 | .rdata:0x00228394 | .rdata:0x00228398 | .rdata:0x0022839C | .rdata:0x002283A0 | .rdata:0x002283A4 | .rdata:0x002283A8 | .rdata:0x00228FC0 | .rdata:0x00228FF4 | .rdata:0x00229038 | .rdata:0x0022903C | .rdata:0x00229054 | .rdata:0x002290A4 | .rdata:0x00229360 | .rdata:0x00229364 | .rdata:0x0022977C | .rdata:0x00229780 | .rdata:0x00229790 | .rdata:0x00229794 | .rdata:0x00229798 | .rdata:0x0022979C | .rdata:0x002297A0 | .rdata:0x002297A4 | .rdata:0x0022984C | .rdata:0x00229850 | .rdata:0x00229860 | .rdata:0x00229864 | .rdata:0x00229868 | .rdata:0x0022986C | .rdata:0x00229870 | .rdata:0x00229874 | .rdata:0x002298C4 | .rdata:0x002298C8 | .rdata:0x002298D8 | .rdata:0x002298DC | .rdata:0x002298E0 | .rdata:0x002298E4 | .rdata:0x002298E8 | .rdata:0x002298EC | .rdata:0x002299A4 | .rdata:0x002299A8 | .rdata:0x002299B8 | .rdata:0x002299BC | .rdata:0x002299C0 | .rdata:0x002299C4 | .rdata:0x002299C8 | .rdata:0x002299CC | .rdata:0x002299E4 | .rdata:0x00229A64 | .rdata:0x00229A68 | .rdata:0x00229A78 | .rdata:0x00229A7C | .rdata:0x00229A80 | .rdata:0x00229A84 | .rdata:0x00229A88 | .rdata:0x00229A8C | .rdata:0x00229AA4 | .rdata:0x00229B94 | .rdata:0x00229B98 | .rdata:0x00229BA8 | .rdata:0x00229BAC | .rdata:0x00229BB0 | .rdata:0x00229BB4 | .rdata:0x00229BB8 | .rdata:0x00229BBC | .rdata:0x00229BD4 | .rdata:0x00229C54 | .rdata:0x0022A44C | .rdata:0x0022A450 | .rdata:0x0022A460 | .rdata:0x0022A464 | .rdata:0x0022A468 | .rdata:0x0022A46C | .rdata:0x0022A470 | .rdata:0x0022A474 | .rdata:0x0022A494 | .rdata:0x0022A498 | .rdata:0x0022A49C | .rdata:0x0022A4A0 | .rdata:0x0022A4A4 | .rdata:0x0022A4A8 | .rdata:0x0022A668 | .rdata:0x0022A66C | .rdata:0x0022A670 | .rdata:0x0022A674 | .rdata:0x0022A678 | .rdata:0x0022A67C | .rdata:0x0022A6D4 | .rdata:0x0022A6D8 | .rdata:0x0022A6E8 | .rdata:0x0022A6EC | .rdata:0x0022A6F0 | .rdata:0x0022A6F4 | .rdata:0x0022A6F8 | .rdata:0x0022A6FC | .rdata:0x0022ACFC | .rdata:0x0022AE00 | .rdata:0x0022AE04 | .rdata:0x0022AE08 | .rdata:0x0022AE0C | .rdata:0x0022AE10 | .rdata:0x0022AE14 | .rdata:0x0022AE38 | .rdata:0x0022AE3C | .rdata:0x0022AE40 | .rdata:0x0022AE44 | .rdata:0x0022AE48 | .rdata:0x0022AE4C | .rdata:0x0022AF58 | .rdata:0x0022AF5C | .rdata:0x0022AF60 | .rdata:0x0022AF64 | .rdata:0x0022AF68 | .rdata:0x0022AF6C | .rdata:0x0022AFB0 | .rdata:0x0022AFB4 | .rdata:0x0022AFB8 | .rdata:0x0022AFBC | .rdata:0x0022AFC0 | .rdata:0x0022AFC4 | .rdata:0x0022B374 | .rdata:0x0022B378 | .rdata:0x0022B388 | .rdata:0x0022B38C | .rdata:0x0022B390 | .rdata:0x0022B394 | .rdata:0x0022B398 | .rdata:0x0022B39C | .rdata:0x0022B414 | .rdata:0x0022B418 | .rdata:0x0022B428 | .rdata:0x0022B42C | .rdata:0x0022B430 | .rdata:0x0022B434 | .rdata:0x0022B438 | .rdata:0x0022B43C | .rdata:0x0022B454 | .rdata:0x0022B5AC | .rdata:0x0022B5B0 | .rdata:0x0022B5C0 | .rdata:0x0022B5C4 | .rdata:0x0022B5C8 | .rdata:0x0022B5CC | .rdata:0x0022B5D0 | .rdata:0x0022B5D4 | .rdata:0x0022B5EC | .rdata:0x0022B66C | .rdata:0x0022B670 | .rdata:0x0022B680 | .rdata:0x0022B684 | .rdata:0x0022B688 | .rdata:0x0022B68C | .rdata:0x0022B690 | .rdata:0x0022B694 | .rdata:0x0022B85C | .rdata:0x0022B860 | .rdata:0x0022B870 | .rdata:0x0022B874 | .rdata:0x0022B878 | .rdata:0x0022B87C | .rdata:0x0022B880 | .rdata:0x0022B884 | .rdata:0x0022BB4C | .rdata:0x0022BB50 | .rdata:0x0022BB60 | .rdata:0x0022BB64 | .rdata:0x0022BB68 | .rdata:0x0022BB6C | .rdata:0x0022BB70 | .rdata:0x0022BB74 | .rdata:0x0022C144 | .rdata:0x0022C148 | .rdata:0x0022C14C | .rdata:0x0022C150 | .rdata:0x0022C1CC | .rdata:0x0022C1D0 | .rdata:0x0022C1D4 | .rdata:0x0022C1D8 | .rdata:0x0022C20C | .rdata:0x0022C210 | .rdata:0x0022C25C | .rdata:0x0022C260 | .rdata:0x0022C270 | .rdata:0x0022C274 | .rdata:0x0022C278 | .rdata:0x0022C27C | .rdata:0x0022C280 | .rdata:0x0022C284 | .rdata:0x0022C2B4 | .rdata:0x0022C2B8 | .rdata:0x0022C2BC | .rdata:0x0022C2C0 | .rdata:0x0022C324 | .rdata:0x0022C328 | .rdata:0x0022C32C | .rdata:0x0022C330 | .rdata:0x0022C394 | .rdata:0x0022C398 | .rdata:0x0022C39C | .rdata:0x0022C3A0 | .rdata:0x0022C40C | .rdata:0x0022C410 | .rdata:0x0022C414 | .rdata:0x0022C418 | .rdata:0x0022C484 | .rdata:0x0022C488 | .rdata:0x0022C48C | .rdata:0x0022C490 | .rdata:0x0022C4C4 | .rdata:0x0022C4C8 | .rdata:0x0022C50C | .rdata:0x0022C510 | .rdata:0x0022C514 | .rdata:0x0022C518 | .rdata:0x0022C598 | .rdata:0x0022C5F0 | .rdata:0x0022C6BC | .rdata:0x0022C6C0 | .rdata:0x0022C6D0 | .rdata:0x0022C6D4 | .rdata:0x0022C6D8 | .rdata:0x0022C6DC | .rdata:0x0022C6E0 | .rdata:0x0022C6E4 | .rdata:0x0022C74C | .rdata:0x0022C750 | .rdata:0x0022C760 | .rdata:0x0022C764 | .rdata:0x0022C768 | .rdata:0x0022C76C | .rdata:0x0022C770 | .rdata:0x0022C774 | .rdata:0x0022C8C4 | .rdata:0x0022C8C8 | .rdata:0x0022C8D8 | .rdata:0x0022C8DC | .rdata:0x0022C8E0 | .rdata:0x0022C8E4 | .rdata:0x0022C8E8 | .rdata:0x0022C8EC | .rdata:0x0022C904 | .rdata:0x0022C958 | .rdata:0x0022C95C | .rdata:0x0022C960 | .rdata:0x0022C96C | .rdata:0x0022C9EC | .rdata:0x0022CA4C | .rdata:0x0022D3BC | .rdata:0x0022D3C0 | .rdata:0x0022D3D0 | .rdata:0x0022D3D4 | .rdata:0x0022D3D8 | .rdata:0x0022D3DC | .rdata:0x0022D3E0 | .rdata:0x0022D3E4 | .rdata:0x0022D474 | .rdata:0x0022D4D0 | .rdata:0x0022D4D4 | .rdata:0x0022D4EC | .rdata:0x0022D5F4 | .rdata:0x0022D66C | .rdata:0x0022D670 | .rdata:0x0022D680 | .rdata:0x0022D684 | .rdata:0x0022D688 | .rdata:0x0022D68C | .rdata:0x0022D690 | .rdata:0x0022D694 | .rdata:0x0022DD6C | .rdata:0x0022DD70 | .rdata:0x0022DD80 | .rdata:0x0022DD84 | .rdata:0x0022DD88 | .rdata:0x0022DD8C | .rdata:0x0022DD90 | .rdata:0x0022DD94 | .rdata:0x0022DDAC | .rdata:0x0022DE04 | .rdata:0x0022DE08 | .rdata:0x0022DE18 | .rdata:0x0022DE1C | .rdata:0x0022DE20 | .rdata:0x0022DE24 | .rdata:0x0022DE28 | .rdata:0x0022DE2C | .rdata:0x0022DE44 | .rdata:0x0022DE9C | .rdata:0x0022DEA0 | .rdata:0x0022DEB0 | .rdata:0x0022DEB4 | .rdata:0x0022DEB8 | .rdata:0x0022DEBC | .rdata:0x0022DEC0 | .rdata:0x0022DEC4 | .rdata:0x0022DEDC | .rdata:0x0022DF9C | .rdata:0x0022DFA0 | .rdata:0x0022DFA4 | .rdata:0x0022DFA8 | .rdata:0x0022DFAC | .rdata:0x0022DFB0 | .rdata:0x0022DFCC | .rdata:0x0022DFEC | .rdata:0x0022DFF0 | .rdata:0x0022E000 | .rdata:0x0022E004 | .rdata:0x0022E008 | .rdata:0x0022E00C | .rdata:0x0022E010 | .rdata:0x0022E014 | .rdata:0x0022E02C | .rdata:0x0022E618 | .rdata:0x0022E61C | .rdata:0x0022E634 | .rdata:0x0022E7A8 | .rdata:0x0022E808 | .rdata:0x0022E80C | .rdata:0x0022E824 | .rdata:0x0022E874 | .rdata:0x0022E958 | .rdata:0x0022E95C | .rdata:0x0022E960 | .rdata:0x0022E964 | .rdata:0x0022E968 | .rdata:0x0022E96C | .rdata:0x0022ED10 | .rdata:0x0022ED14 | .rdata:0x0022ED2C | .rdata:0x0022ED7C | .rdata:0x0022EDE8 | .rdata:0x0022EDEC | .rdata:0x0022EDF0 | .rdata:0x0022EDF4 | .rdata:0x0022EDF8 | .rdata:0x0022EDFC | .rdata:0x0022EE44 | .rdata:0x0022EF5C | .rdata:0x0022EF60 | .rdata:0x0022EF70 | .rdata:0x0022EF74 | .rdata:0x0022EF78 | .rdata:0x0022EF7C | .rdata:0x0022EF80 | .rdata:0x0022EF84 | .rdata:0x0022EFFC | .rdata:0x0022F000 | .rdata:0x0022F004 | .rdata:0x0022F008 | .rdata:0x0022F00C | .rdata:0x0022F010 | .rdata:0x0022F11C | .rdata:0x0022F120 | .rdata:0x0022F124 | .rdata:0x0022F128 | .rdata:0x0022F12C | .rdata:0x0022F130 | .rdata:0x0022F1E4 | .rdata:0x0022F1E8 | .rdata:0x0022F1F8 | .rdata:0x0022F1FC | .rdata:0x0022F200 | .rdata:0x0022F204 | .rdata:0x0022F208 | .rdata:0x0022F20C | .rdata:0x0022F24C | .rdata:0x0022F284 | .rdata:0x0022F288 | .rdata:0x0022F298 | .rdata:0x0022F29C | .rdata:0x0022F2A0 | .rdata:0x0022F2A4 | .rdata:0x0022F2A8 | .rdata:0x0022F2AC | .rdata:0x0022F2EC | .rdata:0x0022F33C | .rdata:0x0022F340 | .rdata:0x0022F350 | .rdata:0x0022F354 | .rdata:0x0022F358 | .rdata:0x0022F35C | .rdata:0x0022F360 | .rdata:0x0022F364 | .rdata:0x0022F3A4 | .rdata:0x0022F3AC | .rdata:0x0022F3CC | .rdata:0x0022F3D0 | .rdata:0x0022F3E0 | .rdata:0x0022F3E4 | .rdata:0x0022F3E8 | .rdata:0x0022F3EC | .rdata:0x0022F3F0 | .rdata:0x0022F3F4 | .rdata:0x0022F434 | .rdata:0x0022F43C | .rdata:0x0022F48C | .rdata:0x0022F490 | .rdata:0x0022F4A0 | .rdata:0x0022F4A4 | .rdata:0x0022F4A8 | .rdata:0x0022F4AC | .rdata:0x0022F4B0 | .rdata:0x0022F4B4 | .rdata:0x0022F4F4 | .rdata:0x0022F4FC | .rdata:0x0022F52C | .rdata:0x0022F530 | .rdata:0x0022F540 | .rdata:0x0022F544 | .rdata:0x0022F548 | .rdata:0x0022F54C | .rdata:0x0022F550 | .rdata:0x0022F554 | .rdata:0x0022F594 | .rdata:0x0022F5D8 | .rdata:0x0022F5DC | .rdata:0x0022F5E0 | .rdata:0x0022F614 | .rdata:0x0022F618 | .rdata:0x0022F628 | .rdata:0x0022F62C | .rdata:0x0022F630 | .rdata:0x0022F634 | .rdata:0x0022F638 | .rdata:0x0022F63C | .rdata:0x0022F67C | .rdata:0x0022F684 | .rdata:0x0022F6E4 | .rdata:0x0022F6E8 | .rdata:0x0022F6F8 | .rdata:0x0022F6FC | .rdata:0x0022F700 | .rdata:0x0022F704 | .rdata:0x0022F708 | .rdata:0x0022F70C | .rdata:0x0022F74C | .rdata:0x0022F79C | .rdata:0x0022F7A0 | .rdata:0x0022F7B0 | .rdata:0x0022F7B4 | .rdata:0x0022F7B8 | .rdata:0x0022F7BC | .rdata:0x0022F7C0 | .rdata:0x0022F7C4 | .rdata:0x0022F7EC | .rdata:0x0022F7F0 | .rdata:0x0022F800 | .rdata:0x0022F804 | .rdata:0x0022F808 | .rdata:0x0022F80C | .rdata:0x0022F810 | .rdata:0x0022F814 | .rdata:0x0022F9F4 | .rdata:0x0022F9F8 | .rdata:0x0022FA08 | .rdata:0x0022FA0C | .rdata:0x0022FA10 | .rdata:0x0022FA14 | .rdata:0x0022FA18 | .rdata:0x0022FA1C | .rdata:0x0022FA5C | .rdata:0x0022FA64 | .rdata:0x0022FAB4 | .rdata:0x0022FAB8 | .rdata:0x0022FAC8 | .rdata:0x0022FACC | .rdata:0x0022FAD0 | .rdata:0x0022FAD4 | .rdata:0x0022FAD8 | .rdata:0x0022FADC | .rdata:0x0022FB1C | .rdata:0x0022FB4C | .rdata:0x0022FB50 | .rdata:0x0022FB60 | .rdata:0x0022FB64 | .rdata:0x0022FB68 | .rdata:0x0022FB6C | .rdata:0x0022FB70 | .rdata:0x0022FB74 | .rdata:0x0022FBB4 | .rdata:0x0022FC00 | .rdata:0x0022FC24 | .rdata:0x0022FC28 | .rdata:0x0022FC38 | .rdata:0x0022FC3C | .rdata:0x0022FC40 | .rdata:0x0022FC44 | .rdata:0x0022FC48 | .rdata:0x0022FC4C | .rdata:0x0022FC64 | .rdata:0x0022FCCC | .rdata:0x0022FCD0 | .rdata:0x0022FCE0 | .rdata:0x0022FCE4 | .rdata:0x0022FCE8 | .rdata:0x0022FCEC | .rdata:0x0022FCF0 | .rdata:0x0022FCF4 | .rdata:0x0022FD34 | .rdata:0x0022FD64 | .rdata:0x0022FD68 | .rdata:0x0022FD78 | .rdata:0x0022FD7C | .rdata:0x0022FD80 | .rdata:0x0022FD84 | .rdata:0x0022FD88 | .rdata:0x0022FD8C | .rdata:0x0022FDCC | .rdata:0x0022FE14 | .rdata:0x0022FE18 | .rdata:0x0022FE28 | .rdata:0x0022FE2C | .rdata:0x0022FE30 | .rdata:0x0022FE34 | .rdata:0x0022FE38 | .rdata:0x0022FE3C | .rdata:0x0022FE7C | .rdata:0x0022FE84 | .rdata:0x0022FED4 | .rdata:0x0022FED8 | .rdata:0x0022FEE8 | .rdata:0x0022FEEC | .rdata:0x0022FEF0 | .rdata:0x0022FEF4 | .rdata:0x0022FEF8 | .rdata:0x0022FEFC | .rdata:0x0022FF3C | .rdata:0x0022FF64 | .rdata:0x0022FF68 | .rdata:0x0022FF78 | .rdata:0x0022FF7C | .rdata:0x0022FF80 | .rdata:0x0022FF84 | .rdata:0x0022FF88 | .rdata:0x0022FF8C | .rdata:0x0022FFD4 | .rdata:0x0023002C | .rdata:0x00230030 | .rdata:0x00230040 | .rdata:0x00230044 | .rdata:0x00230048 | .rdata:0x0023004C | .rdata:0x00230050 | .rdata:0x00230054 | .rdata:0x0023006C | .rdata:0x002300DC | .rdata:0x002300E0 | .rdata:0x002300F0 | .rdata:0x002300F4 | .rdata:0x002300F8 | .rdata:0x002300FC | .rdata:0x00230100 | .rdata:0x00230104 | .rdata:0x00230144 | .rdata:0x002301A4 | .rdata:0x002301A8 | .rdata:0x002301B8 | .rdata:0x002301BC | .rdata:0x002301C0 | .rdata:0x002301C4 | .rdata:0x002301C8 | .rdata:0x002301CC | .rdata:0x00230214 | .rdata:0x00230218 | .rdata:0x00230228 | .rdata:0x0023022C | .rdata:0x00230230 | .rdata:0x00230234 | .rdata:0x00230238 | .rdata:0x0023023C | .rdata:0x0023027C | .rdata:0x002305CC | .rdata:0x00231B24 | .rdata:0x00232928 | .rdata:0x00232930 | .rdata:0x00232934 | .rdata:0x00233A4C | .rdata:0x00234088 | .rdata:0x00234098 | .rdata:0x002340D4 | .rdata:0x002340E8 | .rdata:0x00234188 | .rdata:0x0023419C | .rdata:0x002341B8 | .rdata:0x002341CC | .rdata:0x002341F0 | .rdata:0x00234204 | .rdata:0x0023422C | .rdata:0x0023425C | .rdata:0x00234270 | .rdata:0x0023428C | .rdata:0x002342A0 | .rdata:0x00234314 | .rdata:0x002346FC | .rdata:0x00234710 | .rdata:0x0023472C | .rdata:0x00234740 | .rdata:0x0023477C | .rdata:0x00234828 | .rdata:0x00234860 | .rdata:0x0023489C | .rdata:0x002348B0 | .rdata:0x002348FC | .rdata:0x00234910 | .rdata:0x00234954 | .rdata:0x00234968 | .rdata:0x0023498C | .rdata:0x002349A0 | .rdata:0x002349D0 | .rdata:0x002349E4 | .rdata:0x00234A08 | .rdata:0x00234A1C | .rdata:0x00234A4C | .rdata:0x00234A60 | .rdata:0x00234A84 | .rdata:0x00234A98 | .rdata:0x00234AC8 | .rdata:0x00234ADC | .rdata:0x00234B98 | .rdata:0x00234BC8 | .rdata:0x00234C60 | .rdata:0x00234C74 | .rdata:0x00234C98 | .rdata:0x00234CC8 | .rdata:0x00234E30 | .rdata:0x00234EB0 | .rdata:0x00234EC4 | .rdata:0x00234F5C | .rdata:0x00234F70 | .rdata:0x00234FA8 | .rdata:0x0023579C | .rdata:0x002357A0 | .rdata:0x002357B0 | .rdata:0x002357B4 | .rdata:0x002357B8 | .rdata:0x002357BC | .rdata:0x002357C0 | .rdata:0x002357C4 | .rdata:0x00235900 | .rdata:0x00235904 | .rdata:0x0023591C | .rdata:0x0023596C | .rdata:0x00235A6C | .rdata:0x00235A70 | .rdata:0x00235A80 | .rdata:0x00235A84 | .rdata:0x00235A88 | .rdata:0x00235A8C | .rdata:0x00235A90 | .rdata:0x00235A94 | .rdata:0x00235AAC | .rdata:0x00235E2C | .rdata:0x00235E30 | .rdata:0x00235E40 | .rdata:0x00235E44 | .rdata:0x00235E48 | .rdata:0x00235E4C | .rdata:0x00235E50 | .rdata:0x00235E54 | .rdata:0x00235E6C | .rdata:0x00235F4C | .rdata:0x00235F50 | .rdata:0x00235F60 | .rdata:0x00235F64 | .rdata:0x00235F68 | .rdata:0x00235F6C | .rdata:0x00235F70 | .rdata:0x00235F74 | .rdata:0x00235FC4 | .rdata:0x00235FC8 | .rdata:0x00235FD8 | .rdata:0x00235FDC | .rdata:0x00235FE0 | .rdata:0x00235FE4 | .rdata:0x00235FE8 | .rdata:0x00235FEC | .rdata:0x00236014 | .rdata:0x00236018 | .rdata:0x00236028 | .rdata:0x0023602C | .rdata:0x00236030 | .rdata:0x00236034 | .rdata:0x00236038 | .rdata:0x0023603C | .rdata:0x0023606C | .rdata:0x00236070 | .rdata:0x00236080 | .rdata:0x00236084 | .rdata:0x00236088 | .rdata:0x0023608C | .rdata:0x00236090 | .rdata:0x00236094 | .rdata:0x002361CC | .rdata:0x002361D0 | .rdata:0x002361E0 | .rdata:0x002361E4 | .rdata:0x002361E8 | .rdata:0x002361EC | .rdata:0x002361F0 | .rdata:0x002361F4 | .rdata:0x002361F8 | .rdata:0x002363E4 | .rdata:0x002363E8 | .rdata:0x002363F8 | .rdata:0x002363FC | .rdata:0x00236400 | .rdata:0x00236404 | .rdata:0x00236408 | .rdata:0x0023640C | .rdata:0x002367B4 | .rdata:0x002367B8 | .rdata:0x002367C8 | .rdata:0x002367CC | .rdata:0x002367D0 | .rdata:0x002367D4 | .rdata:0x002367D8 | .rdata:0x002367DC | .rdata:0x00236854 | .rdata:0x00236858 | .rdata:0x00236868 | .rdata:0x0023686C | .rdata:0x00236870 | .rdata:0x00236874 | .rdata:0x00236878 | .rdata:0x0023687C | .rdata:0x00236894 | .rdata:0x00236924 | .rdata:0x00236928 | .rdata:0x00236938 | .rdata:0x0023693C | .rdata:0x00236940 | .rdata:0x00236944 | .rdata:0x00236948 | .rdata:0x0023694C | .rdata:0x00236A14 | .rdata:0x00236A18 | .rdata:0x00236A28 | .rdata:0x00236A2C | .rdata:0x00236A30 | .rdata:0x00236A34 | .rdata:0x00236A38 | .rdata:0x00236A3C | .rdata:0x00236B5C | .rdata:0x00236B60 | .rdata:0x00236B70 | .rdata:0x00236B74 | .rdata:0x00236B78 | .rdata:0x00236B7C | .rdata:0x00236B80 | .rdata:0x00236B84 | .rdata:0x00236C1C | .rdata:0x00236C20 | .rdata:0x00236C30 | .rdata:0x00236C34 | .rdata:0x00236C38 | .rdata:0x00236C3C | .rdata:0x00236C40 | .rdata:0x00236C44 | .rdata:0x00236C5C | .rdata:0x00236CBC | .rdata:0x00236CC0 | .rdata:0x00236CD0 | .rdata:0x00236CD4 | .rdata:0x00236CD8 | .rdata:0x00236CDC | .rdata:0x00236CE0 | .rdata:0x00236CE4 | .rdata:0x00236CFC | .rdata:0x00237308 | .rdata:0x0023730C | .rdata:0x00237310 | .rdata:0x00237314 | .rdata:0x00237318 | .rdata:0x0023731C | .rdata:0x00238424 | .rdata:0x0023846C | .rdata:0x0023A304 | .rdata:0x0023A344 | .rdata:0x00240794,1,1,covered-function-start
0x000C7CB0,1,.rdata:0x0023290C,1,1,covered-function-start
0x000C7CC0,1,.rdata:0x0023291C,0,0,internal-target-candidate
0x000C7D20,4,.rdata:0x002328D8 | .rdata:0x0023DAF8 | .rdata:0x0023DFA8 | .rdata:0x0024073C,1,1,covered-function-start
0x000C7E80,623,.rdata:0x00225D50 | .rdata:0x00225D68 | .rdata:0x00225D78 | .rdata:0x00225E40 | .rdata:0x00225F28 | .rdata:0x00225F40 | .rdata:0x00225F50 | .rdata:0x00225FF8 | .rdata:0x002260E0 | .rdata:0x00226108 | .rdata:0x00226248 | .rdata:0x00226270 | .rdata:0x002263D8 | .rdata:0x00226400 | .rdata:0x00226498 | .rdata:0x00226590 | .rdata:0x002265A8 | .rdata:0x002265B8 | .rdata:0x002266D0 | .rdata:0x002267B8 | .rdata:0x002267D0 | .rdata:0x002267E0 | .rdata:0x00226868 | .rdata:0x00226950 | .rdata:0x00226968 | .rdata:0x00226978 | .rdata:0x00226A38 | .rdata:0x00226B20 | .rdata:0x00226B38 | .rdata:0x00226B48 | .rdata:0x00226C00 | .rdata:0x00226D18 | .rdata:0x00226E88 | .rdata:0x00226E8C | .rdata:0x00226ED4 | .rdata:0x00226ED8 | .rdata:0x00226F20 | .rdata:0x00226F24 | .rdata:0x00226F74 | .rdata:0x00226F78 | .rdata:0x00226FD4 | .rdata:0x00226FD8 | .rdata:0x00227020 | .rdata:0x00227024 | .rdata:0x0022706C | .rdata:0x00227070 | .rdata:0x002270E0 | .rdata:0x002270E4 | .rdata:0x00227140 | .rdata:0x00227144 | .rdata:0x00227198 | .rdata:0x0022719C | .rdata:0x002271E8 | .rdata:0x002271EC | .rdata:0x00227240 | .rdata:0x00227244 | .rdata:0x00227290 | .rdata:0x00227294 | .rdata:0x002272E0 | .rdata:0x002272E4 | .rdata:0x00227330 | .rdata:0x00227334 | .rdata:0x00227490 | .rdata:0x00227494 | .rdata:0x002274DC | .rdata:0x002274E0 | .rdata:0x00227534 | .rdata:0x00227538 | .rdata:0x00227580 | .rdata:0x00227584 | .rdata:0x002275D8 | .rdata:0x002275DC | .rdata:0x00227624 | .rdata:0x00227628 | .rdata:0x00227670 | .rdata:0x00227674 | .rdata:0x002276C0 | .rdata:0x002276C4 | .rdata:0x00227714 | .rdata:0x00227718 | .rdata:0x00227764 | .rdata:0x00227768 | .rdata:0x002277B0 | .rdata:0x002277B4 | .rdata:0x002277FC | .rdata:0x00227800 | .rdata:0x00227848 | .rdata:0x0022784C | .rdata:0x00227894 | .rdata:0x00227898 | .rdata:0x002278E0 | .rdata:0x002278E4 | .rdata:0x00227944 | .rdata:0x00227948 | .rdata:0x002279B8 | .rdata:0x002279BC | .rdata:0x00227A1C | .rdata:0x00227A20 | .rdata:0x00227A78 | .rdata:0x00227AD0 | .rdata:0x00227AD4 | .rdata:0x00227B20 | .rdata:0x00227B24 | .rdata:0x00227B74 | .rdata:0x00227B78 | .rdata:0x00227BC0 | .rdata:0x00227BC4 | .rdata:0x00227C10 | .rdata:0x00227C14 | .rdata:0x00227C5C | .rdata:0x00227C60 | .rdata:0x00227CB8 | .rdata:0x00227CBC | .rdata:0x00227D10 | .rdata:0x00227D14 | .rdata:0x00227D60 | .rdata:0x00227D64 | .rdata:0x00227DB8 | .rdata:0x00227DBC | .rdata:0x00227E10 | .rdata:0x00227E14 | .rdata:0x00227E60 | .rdata:0x00227E64 | .rdata:0x00227EC0 | .rdata:0x00227EC4 | .rdata:0x00227F10 | .rdata:0x00227F14 | .rdata:0x00227F60 | .rdata:0x00227F64 | .rdata:0x00227FAC | .rdata:0x00227FB0 | .rdata:0x00228010 | .rdata:0x00228014 | .rdata:0x00228064 | .rdata:0x00228068 | .rdata:0x002280C8 | .rdata:0x002280CC | .rdata:0x00228148 | .rdata:0x0022814C | .rdata:0x0022819C | .rdata:0x002281A0 | .rdata:0x00228200 | .rdata:0x00228204 | .rdata:0x00228270 | .rdata:0x00228274 | .rdata:0x002282D0 | .rdata:0x002282D4 | .rdata:0x0022833C | .rdata:0x00228340 | .rdata:0x002287B4 | .rdata:0x0022882C | .rdata:0x002288CC | .rdata:0x0022894C | .rdata:0x002289C4 | .rdata:0x00228BE4 | .rdata:0x00228C0C | .rdata:0x00228C34 | .rdata:0x00228C3C | .rdata:0x00228C84 | .rdata:0x00228CEC | .rdata:0x00228D4C | .rdata:0x00228DA4 | .rdata:0x00228E04 | .rdata:0x00228E2C | .rdata:0x00228E5C | .rdata:0x00228E8C | .rdata:0x00228F24 | .rdata:0x00228FA0 | .rdata:0x002290A0 | .rdata:0x002290B8 | .rdata:0x002290C8 | .rdata:0x002290E8 | .rdata:0x00229840 | .rdata:0x00229900 | .rdata:0x002299E8 | .rdata:0x00229A34 | .rdata:0x00229AA8 | .rdata:0x00229BD8 | .rdata:0x00229C24 | .rdata:0x00229C58 | .rdata:0x00229C5C | .rdata:0x0022A664 | .rdata:0x0022A7E4 | .rdata:0x0022A808 | .rdata:0x0022A80C | .rdata:0x0022A810 | .rdata:0x0022A818 | .rdata:0x0022A81C | .rdata:0x0022B458 | .rdata:0x0022B55C | .rdata:0x0022B5F0 | .rdata:0x0022B898 | .rdata:0x0022B8D8 | .rdata:0x0022B8F0 | .rdata:0x0022B91C | .rdata:0x0022B970 | .rdata:0x0022B98C | .rdata:0x0022B9B4 | .rdata:0x0022B9D0 | .rdata:0x0022B9E8 | .rdata:0x0022BA10 | .rdata:0x0022BA80 | .rdata:0x0022C160 | .rdata:0x0022C170 | .rdata:0x0022C174 | .rdata:0x0022C178 | .rdata:0x0022C17C | .rdata:0x0022C1EC | .rdata:0x0022C2D0 | .rdata:0x0022C2E8 | .rdata:0x0022C2EC | .rdata:0x0022C340 | .rdata:0x0022C358 | .rdata:0x0022C35C | .rdata:0x0022C3B0 | .rdata:0x0022C3C8 | .rdata:0x0022C3CC | .rdata:0x0022C408 | .rdata:0x0022C428 | .rdata:0x0022C438 | .rdata:0x0022C43C | .rdata:0x0022C440 | .rdata:0x0022C444 | .rdata:0x0022C4A4 | .rdata:0x0022C528 | .rdata:0x0022C538 | .rdata:0x0022C53C | .rdata:0x0022C540 | .rdata:0x0022C544 | .rdata:0x0022C6F8 | .rdata:0x0022C704 | .rdata:0x0022C908 | .rdata:0x0022C94C | .rdata:0x0022C950 | .rdata:0x0022C988 | .rdata:0x0022CAB0 | .rdata:0x0022CAC0 | .rdata:0x0022D410 | .rdata:0x0022D484 | .rdata:0x0022D490 | .rdata:0x0022D550 | .rdata:0x0022D560 | .rdata:0x0022D5BC | .rdata:0x0022D5C8 | .rdata:0x0022D5F8 | .rdata:0x0022D5FC | .rdata:0x0022D640 | .rdata:0x0022DDB0 | .rdata:0x0022DE48 | .rdata:0x0022DEE0 | .rdata:0x0022E030 | .rdata:0x0022E588 | .rdata:0x0022E698 | .rdata:0x0022E6A8 | .rdata:0x0022E6E4 | .rdata:0x0022E704 | .rdata:0x0022E710 | .rdata:0x0022E788 | .rdata:0x0022E870 | .rdata:0x0022E888 | .rdata:0x0022E898 | .rdata:0x0022E954 | .rdata:0x0022EC90 | .rdata:0x0022ED78 | .rdata:0x0022ED90 | .rdata:0x0022EDA0 | .rdata:0x0022EE48 | .rdata:0x0022EE4C | .rdata:0x0022EF98 | .rdata:0x0022F234 | .rdata:0x0022F238 | .rdata:0x0022F240 | .rdata:0x0022F2D4 | .rdata:0x0022F2D8 | .rdata:0x0022F2E0 | .rdata:0x0022F38C | .rdata:0x0022F390 | .rdata:0x0022F398 | .rdata:0x0022F41C | .rdata:0x0022F420 | .rdata:0x0022F428 | .rdata:0x0022F4DC | .rdata:0x0022F4E0 | .rdata:0x0022F4E8 | .rdata:0x0022F57C | .rdata:0x0022F580 | .rdata:0x0022F588 | .rdata:0x0022F5CC | .rdata:0x0022F664 | .rdata:0x0022F668 | .rdata:0x0022F670 | .rdata:0x0022F734 | .rdata:0x0022F738 | .rdata:0x0022F740 | .rdata:0x0022FA44 | .rdata:0x0022FA48 | .rdata:0x0022FA50 | .rdata:0x0022FB04 | .rdata:0x0022FB08 | .rdata:0x0022FB10 | .rdata:0x0022FB9C | .rdata:0x0022FBA0 | .rdata:0x0022FBA8 | .rdata:0x0022FC68 | .rdata:0x0022FD18 | .rdata:0x0022FD1C | .rdata:0x0022FD20 | .rdata:0x0022FD28 | .rdata:0x0022FD38 | .rdata:0x0022FDB0 | .rdata:0x0022FDB4 | .rdata:0x0022FDB8 | .rdata:0x0022FDC0 | .rdata:0x0022FE64 | .rdata:0x0022FE68 | .rdata:0x0022FE70 | .rdata:0x0022FF24 | .rdata:0x0022FF28 | .rdata:0x0022FF30 | .rdata:0x0022FFB4 | .rdata:0x0022FFB8 | .rdata:0x0022FFC0 | .rdata:0x0022FFE8 | .rdata:0x00230070 | .rdata:0x0023012C | .rdata:0x00230130 | .rdata:0x00230138 | .rdata:0x00230264 | .rdata:0x00230268 | .rdata:0x00230270 | .rdata:0x0023058C | .rdata:0x00230590 | .rdata:0x00230594 | .rdata:0x002305A0 | .rdata:0x002305C8 | .rdata:0x00230CB0 | .rdata:0x00230CC4 | .rdata:0x00230CEC | .rdata:0x00230E60 | .rdata:0x00230EA0 | .rdata:0x00230EF0 | .rdata:0x00230F30 | .rdata:0x002310A4 | .rdata:0x002310AC | .rdata:0x002314EC | .rdata:0x00231600 | .rdata:0x00231614 | .rdata:0x00231658 | .rdata:0x00231670 | .rdata:0x00231674 | .rdata:0x002316A8 | .rdata:0x00231AF8 | .rdata:0x00231B20 | .rdata:0x00231BA8 | .rdata:0x00231BFC | .rdata:0x00231C00 | .rdata:0x00231C2C | .rdata:0x00231C34 | .rdata:0x00231C3C | .rdata:0x00231C40 | .rdata:0x00231C68 | .rdata:0x00231C8C | .rdata:0x00231CB4 | .rdata:0x00231CB8 | .rdata:0x00231CE4 | .rdata:0x00231CEC | .rdata:0x00231CF4 | .rdata:0x00231CF8 | .rdata:0x002320C4 | .rdata:0x002328D4 | .rdata:0x002328DC | .rdata:0x002328F0 | .rdata:0x00232910 | .rdata:0x00232914 | .rdata:0x00232918 | .rdata:0x0023292C | .rdata:0x00232FF4 | .rdata:0x002338A0 | .rdata:0x002338A8 | .rdata:0x002339EC | .rdata:0x002339F0 | .rdata:0x00233B64 | .rdata:0x00234080 | .rdata:0x002340A0 | .rdata:0x002340A4 | .rdata:0x002340A8 | .rdata:0x002340B0 | .rdata:0x002340DC | .rdata:0x002340E0 | .rdata:0x002340E4 | .rdata:0x002340EC | .rdata:0x00234140 | .rdata:0x00234144 | .rdata:0x00234154 | .rdata:0x00234158 | .rdata:0x00234160 | .rdata:0x0023418C | .rdata:0x00234190 | .rdata:0x00234194 | .rdata:0x00234198 | .rdata:0x002341A0 | .rdata:0x002341BC | .rdata:0x002341C0 | .rdata:0x002341C4 | .rdata:0x002341C8 | .rdata:0x002341D0 | .rdata:0x002341F8 | .rdata:0x002341FC | .rdata:0x00234200 | .rdata:0x00234208 | .rdata:0x00234238 | .rdata:0x0023423C | .rdata:0x00234260 | .rdata:0x00234264 | .rdata:0x00234268 | .rdata:0x0023426C | .rdata:0x00234274 | .rdata:0x00234294 | .rdata:0x00234298 | .rdata:0x0023429C | .rdata:0x002342A4 | .rdata:0x002342E8 | .rdata:0x002342F4 | .rdata:0x00234700 | .rdata:0x00234704 | .rdata:0x00234708 | .rdata:0x00234714 | .rdata:0x00234730 | .rdata:0x00234734 | .rdata:0x00234738 | .rdata:0x0023473C | .rdata:0x00234744 | .rdata:0x002347F8 | .rdata:0x00234804 | .rdata:0x0023482C | .rdata:0x00234830 | .rdata:0x00234834 | .rdata:0x00234838 | .rdata:0x00234840 | .rdata:0x0023486C | .rdata:0x00234870 | .rdata:0x00234878 | .rdata:0x002348A4 | .rdata:0x002348A8 | .rdata:0x002348AC | .rdata:0x002348B4 | .rdata:0x00234900 | .rdata:0x00234904 | .rdata:0x00234908 | .rdata:0x0023490C | .rdata:0x00234914 | .rdata:0x0023495C | .rdata:0x00234960 | .rdata:0x00234964 | .rdata:0x0023496C | .rdata:0x00234990 | .rdata:0x00234994 | .rdata:0x00234998 | .rdata:0x0023499C | .rdata:0x002349A4 | .rdata:0x002349D8 | .rdata:0x002349DC | .rdata:0x002349E0 | .rdata:0x002349E8 | .rdata:0x00234A0C | .rdata:0x00234A10 | .rdata:0x00234A14 | .rdata:0x00234A18 | .rdata:0x00234A20 | .rdata:0x00234A44 | .rdata:0x00234A50 | .rdata:0x00234A54 | .rdata:0x00234A58 | .rdata:0x00234A5C | .rdata:0x00234A64 | .rdata:0x00234A88 | .rdata:0x00234A8C | .rdata:0x00234A90 | .rdata:0x00234A94 | .rdata:0x00234A9C | .rdata:0x00234ACC | .rdata:0x00234AD0 | .rdata:0x00234AD4 | .rdata:0x00234AD8 | .rdata:0x00234AE0 | .rdata:0x00234BA0 | .rdata:0x00234BA4 | .rdata:0x00234BA8 | .rdata:0x00234BB0 | .rdata:0x00234BD0 | .rdata:0x00234BD4 | .rdata:0x00234BD8 | .rdata:0x00234BE0 | .rdata:0x00234C18 | .rdata:0x00234C1C | .rdata:0x00234C30 | .rdata:0x00234C64 | .rdata:0x00234C68 | .rdata:0x00234C6C | .rdata:0x00234C70 | .rdata:0x00234C78 | .rdata:0x00234CA4 | .rdata:0x00234CA8 | .rdata:0x00234CD4 | .rdata:0x00234CD8 | .rdata:0x00234E28 | .rdata:0x00234E34 | .rdata:0x00234E38 | .rdata:0x00234E40 | .rdata:0x00234E88 | .rdata:0x00234EB4 | .rdata:0x00234EB8 | .rdata:0x00234EBC | .rdata:0x00234EC8 | .rdata:0x00234F64 | .rdata:0x00234F68 | .rdata:0x00234F74 | .rdata:0x00234FA0 | .rdata:0x00234FB0 | .rdata:0x00234FB8 | .rdata:0x00235880 | .rdata:0x00235968 | .rdata:0x00235980 | .rdata:0x00235990 | .rdata:0x00235AB0 | .rdata:0x00235D08 | .rdata:0x00235E70 | .rdata:0x00236008 | .rdata:0x00236898 | .rdata:0x00236B00 | .rdata:0x00236C60 | .rdata:0x00236D00 | .rdata:0x002371C4 | .rdata:0x00237240 | .rdata:0x00237304 | .rdata:0x0023734C | .rdata:0x00237350 | .rdata:0x00237354 | .rdata:0x0023735C | .rdata:0x00237360 | .rdata:0x0023770C | .rdata:0x00237748 | .rdata:0x00237768 | .rdata:0x0023776C | .rdata:0x00237780 | .rdata:0x00237784 | .rdata:0x00237788 | .rdata:0x0023778C | .rdata:0x00237790 | .rdata:0x00237B04 | .rdata:0x00237BD8 | .rdata:0x00237C08 | .rdata:0x00237C0C | .rdata:0x00237C10 | .rdata:0x00237D1C | .rdata:0x00237D40 | .rdata:0x00237D44 | .rdata:0x00237D48 | .rdata:0x00237D50 | .rdata:0x00237D54 | .rdata:0x002380A4 | .rdata:0x0023825C | .rdata:0x00238298 | .rdata:0x002383C8 | .rdata:0x00238408 | .rdata:0x00238450 | .rdata:0x00238480 | .rdata:0x002395E0 | .rdata:0x002395E4 | .rdata:0x0023A208 | .rdata:0x0023A27C | .rdata:0x0023A2B0 | .rdata:0x0023A2E8 | .rdata:0x0023A328 | .rdata:0x0023A358 | .rdata:0x0023A36C | .rdata:0x0023D7D0 | .rdata:0x0023D7D4 | .rdata:0x0023D9D4 | .rdata:0x0023DA18 | .rdata:0x0023DA5C | .rdata:0x0023DAF4 | .rdata:0x0023DAFC | .rdata:0x0023DB10 | .rdata:0x0023DB44 | .rdata:0x0023DFA4 | .rdata:0x0023DFAC | .rdata:0x0023DFC0 | .rdata:0x0023E0A8 | .rdata:0x0023E0AC | .rdata:0x0023E0B0 | .rdata:0x0023E0BC | .rdata:0x0023E0C0 | .rdata:0x0023E0CC | .rdata:0x0023E0D0 | .rdata:0x0023E0E4 | .rdata:0x0023E330 | .rdata:0x0023E370 | .rdata:0x0023E768 | .rdata:0x0023E770 | .rdata:0x0023E784 | .rdata:0x0023E798 | .rdata:0x0023E7A0 | .rdata:0x0023E7C8 | .rdata:0x0023E7FC | .rdata:0x0023E808 | .rdata:0x0023E810 | .rdata:0x0023E838 | .rdata:0x002403C0 | .rdata:0x00240418 | .rdata:0x00240444 | .rdata:0x002406A8 | .rdata:0x002406B0 | .rdata:0x002406C4 | .rdata:0x002406D4 | .rdata:0x002406D8 | .rdata:0x002406DC | .rdata:0x002406F0 | .rdata:0x00240714 | .rdata:0x00240738 | .rdata:0x00240740 | .rdata:0x00240754 | .rdata:0x00240784,1,1,covered-function-start
0x000CFE20,1,.rdata:0x00232A70,1,1,covered-function-start
0x000D0010,1,.rdata:0x00232A6C,0,0,internal-target-candidate
0x000D0430,2,.rdata:0x00226648 | .rdata:0x0022E500,1,1,covered-function-start
0x000D0670,1,.rdata:0x00232FF0,1,1,covered-function-start
0x000D0800,1,.rdata:0x00232FD8,1,1,covered-function-start
0x000D0860,1,.rdata:0x00232FE0,1,1,covered-function-start
0x000D1BA0,2,.rdata:0x00232FE4 | .rdata:0x0023337C,1,1,covered-function-start
0x000D2110,1,.rdata:0x00233378,1,1,covered-function-start
0x000D21B0,1,.rdata:0x00233370,1,1,covered-function-start
0x000D2410,1,.rdata:0x0023342C,1,1,covered-function-start
0x000D2420,1,.rdata:0x00233430,0,0,internal-target-candidate
0x000D2430,1,.rdata:0x00233434,1,1,covered-function-start
0x000D24D0,1,.rdata:0x00233438,1,1,covered-function-start
0x000D2860,1,.rdata:0x00233428,1,1,covered-function-start
0x000D2890,1,.rdata:0x00233494,1,1,covered-function-start
0x000D28B0,1,.rdata:0x002334C4,1,1,covered-function-start
0x000D28D0,1,.rdata:0x002334C0,1,1,covered-function-start
0x000D2910,1,.rdata:0x002334C8,1,1,covered-function-start
0x000D2A00,1,.rdata:0x002334D0,1,1,covered-function-start
0x000D2A10,1,.rdata:0x002334B8,1,1,covered-function-start
0x000D2B00,1,.rdata:0x002334BC,1,1,covered-function-start
0x000D2BD0,1,.rdata:0x002334B4,1,1,covered-function-start
0x000D2C10,1,.rdata:0x00233540,1,1,covered-function-start
0x000D2C40,1,.rdata:0x00233534,1,1,covered-function-start
0x000D2D30,1,.rdata:0x0023353C,1,1,covered-function-start
0x000D2D48,1,.rdata:0x0023CBC0,0,0,internal-target-candidate
0x000D2D50,1,.rdata:0x00233544,1,1,covered-function-start
0x000D2DB0,1,.rdata:0x0023352C,1,1,covered-function-start
0x000D3010,1,.rdata:0x00233548,1,1,covered-function-start
0x000D3020,1,.rdata:0x0023354C,1,1,covered-function-start
0x000D3030,1,.rdata:0x00233538,1,1,covered-function-start
0x000D31D0,1,.rdata:0x00233530,1,1,covered-function-start
0x000D9452,1,.rdata:0x00233894,0,0,internal-target-candidate
0x000D945C,1,.rdata:0x00233898,0,0,internal-target-candidate
0x000D9570,1,.rdata:0x0023389C,1,1,covered-function-start
0x000D9600,1,.rdata:0x002338A4,1,1,covered-function-start
0x000D97A1,1,.rdata:0x002338D0,0,0,internal-target-candidate
0x000D97B8,1,.rdata:0x002338D4,0,0,internal-target-candidate
0x000D97F0,1,.rdata:0x002338DC,1,1,covered-function-start
0x000D9900,2,.rdata:0x002338F0 | .rdata:0x002339D8,1,1,covered-function-start
0x000D9950,1,.rdata:0x002338D8,1,1,covered-function-start
0x000D9F70,1,.rdata:0x00233980,1,1,covered-function-start
0x000D9FA0,1,.rdata:0x00233984,1,1,covered-function-start
0x000DA020,1,.rdata:0x0023398C,1,1,covered-function-start
0x000DA030,1,.rdata:0x00233990,1,1,covered-function-start
0x000DA0F0,1,.rdata:0x00233998,1,1,covered-function-start
0x000DA110,1,.rdata:0x00233988,1,1,covered-function-start
0x000DA180,2,.rdata:0x0023399C | .rdata:0x002339C0,1,1,covered-function-start
0x000DA760,2,.rdata:0x002338E0 | .rdata:0x002339C8,1,1,covered-function-start
0x000DA800,2,.rdata:0x002338E4 | .rdata:0x002339CC,1,1,covered-function-start
0x000DA830,2,.rdata:0x002338E8 | .rdata:0x002339D0,1,1,covered-function-start
0x000DA870,2,.rdata:0x002338EC | .rdata:0x002339D4,1,1,covered-function-start
0x000DA880,2,.rdata:0x002338F8 | .rdata:0x002339E0,1,1,covered-function-start
0x000DA8B0,1,.rdata:0x002339C4,1,1,covered-function-start
0x000DA990,1,.rdata:0x00233994,0,0,internal-target-candidate
0x000DAB30,1,.rdata:0x00233A40,1,1,covered-function-start
0x000DAB50,1,.rdata:0x00233A44,1,1,covered-function-start
0x000DAB60,1,.rdata:0x00233A60,1,1,covered-function-start
0x000DAB80,3,.rdata:0x0022B53C | .rdata:0x00233A6C | .rdata:0x00233B44,1,1,covered-function-start
0x000DABB0,1,.rdata:0x00233A70,1,1,covered-function-start
0x000DABD0,1,.rdata:0x00233A78,1,1,covered-function-start
0x000DAC40,1,.rdata:0x00233A80,1,1,covered-function-start
0x000DAC90,3,.rdata:0x0022B554 | .rdata:0x00233A84 | .rdata:0x00233B5C,1,1,covered-function-start
0x000DAD50,2,.rdata:0x00233A98 | .rdata:0x00233B70,1,1,covered-function-start
0x000DADB0,1,.rdata:0x00233A54,1,1,covered-function-start
0x000DADC0,1,.rdata:0x00233A48,1,1,covered-function-start
0x000DAE60,1,.rdata:0x00233B48,1,1,covered-function-start
0x000DAE90,1,.rdata:0x00233B4C,1,1,covered-function-start
0x000DAEC0,1,.rdata:0x00233B50,1,1,covered-function-start
0x000DB0E0,2,.rdata:0x0022B54C | .rdata:0x00233B54,1,1,covered-function-start
0x000DB180,2,.rdata:0x0022B51C | .rdata:0x00233B24,1,1,covered-function-start
0x000DB1A0,2,.rdata:0x0022B524 | .rdata:0x00233B2C,1,1,covered-function-start
0x000DB1E0,2,.rdata:0x0022B52C | .rdata:0x00233B34,1,1,covered-function-start
0x000DB220,2,.rdata:0x0022B558 | .rdata:0x00233B60,1,1,covered-function-start
0x000DB380,1,.rdata:0x00233B20,1,1,covered-function-start
0x000DB3A0,1,.rdata:0x00233B78,1,1,covered-function-start
0x000DB3C0,2,.rdata:0x0022B578 | .rdata:0x00233B80,0,1,internal-target-covered
0x000DB500,2,.rdata:0x0022B520 | .rdata:0x00233B28,1,1,covered-function-start
0x000DB540,2,.rdata:0x0022B574 | .rdata:0x00233B7C,1,1,covered-function-start
0x000DB610,2,.rdata:0x0022B550 | .rdata:0x00233B58,1,1,covered-function-start
0x000DB750,2,.rdata:0x0022B528 | .rdata:0x00233B30,0,1,internal-target-covered
0x000DB7F0,2,.rdata:0x0022B530 | .rdata:0x00233B38,1,1,covered-function-start
0x000DBAD0,1,.rdata:0x00233BC4,1,1,covered-function-start
0x000DBAF0,1,.rdata:0x00233BC8,1,1,covered-function-start
0x000DBEA0,1,.rdata:0x00233BCC,1,1,covered-function-start
0x000DCD40,1,.rdata:0x00233BC0,1,1,covered-function-start
0x000DCDE0,1,.rdata:0x00233BBC,1,1,covered-function-start
0x000DCF20,2,.rdata:0x0022B564 | .rdata:0x00233B6C,1,1,covered-function-start
0x000DDA20,1,.rdata:0x00233A94,1,1,covered-function-start
0x000DDCB0,1,.rdata:0x00234014,1,1,covered-function-start
0x000DDCE0,1,.rdata:0x00234018,1,1,covered-function-start
0x000DE000,1,.rdata:0x0023BB10,0,0,internal-target-candidate
0x000DE820,1,.rdata:0x0023401C,1,1,covered-function-start
0x000E0070,2,.rdata:0x0023407C | .rdata:0x00234E24,1,1,covered-function-start
0x000E01D0,23,.rdata:0x002340B4 | .rdata:0x002340F0 | .rdata:0x002341A4 | .rdata:0x00234278 | .rdata:0x002342A8 | .rdata:0x00234718 | .rdata:0x00234748 | .rdata:0x00234844 | .rdata:0x002348B8 | .rdata:0x00234918 | .rdata:0x00234970 | .rdata:0x002349A8 | .rdata:0x002349EC | .rdata:0x00234A24 | .rdata:0x00234A68 | .rdata:0x00234AA0 | .rdata:0x00234AE4 | .rdata:0x00234BB4 | .rdata:0x00234BE4 | .rdata:0x00234C7C | .rdata:0x00234CB4 | .rdata:0x00234ECC | .rdata:0x00234F78,1,1,covered-function-start
0x000E02B0,1,.rdata:0x00234120,1,1,covered-function-start
0x000E02E0,1,.rdata:0x00234130,1,1,covered-function-start
0x000E04C0,1,.rdata:0x00234134,1,1,covered-function-start
0x000E0510,1,.rdata:0x00234138,0,1,internal-target-covered
0x000E08E0,1,.rdata:0x00234164,1,1,covered-function-start
0x000E09F0,1,.rdata:0x00234168,0,1,internal-target-covered
0x000E0A20,1,.rdata:0x0023416C,1,1,covered-function-start
0x000E0A30,1,.rdata:0x00234170,1,1,covered-function-start
0x000E0A40,1,.rdata:0x00234118,1,1,covered-function-start
0x000E0C00,1,.rdata:0x0023411C,1,1,covered-function-start
0x000E0C20,1,.rdata:0x002340C0,0,1,internal-target-covered
0x000E0C30,2,.rdata:0x002341AC | .rdata:0x002341E4,0,1,internal-target-covered
0x000E0C50,1,.rdata:0x00234214,1,1,covered-function-start
0x000E0C90,2,.rdata:0x0023408C | .rdata:0x00234BBC,1,1,covered-function-start
0x000E0CB0,1,.rdata:0x00234250,1,1,covered-function-start
0x000E0CD0,1,.rdata:0x00234280,1,1,covered-function-start
0x000E0D20,1,.rdata:0x002340C8,1,1,covered-function-start
0x000E0D40,1,.rdata:0x00234124,1,1,covered-function-start
0x000E0F20,1,.rdata:0x00234128,1,1,covered-function-start
0x000E0F50,1,.rdata:0x0023412C,1,1,covered-function-start
0x000E1220,1,.rdata:0x0023413C,1,1,covered-function-start
0x000E1470,1,.rdata:0x00234178,1,1,covered-function-start
0x000E19B0,20,.rdata:0x0022B534 | .rdata:0x0022F3B4 | .rdata:0x0022F444 | .rdata:0x0022F68C | .rdata:0x0022FA6C | .rdata:0x0022FE8C | .rdata:0x002320BC | .rdata:0x002320C0 | .rdata:0x002338F4 | .rdata:0x002339B8 | .rdata:0x002339DC | .rdata:0x00233A68 | .rdata:0x00233B3C | .rdata:0x00233B40 | .rdata:0x002342F0 | .rdata:0x00234800 | .rdata:0x00234E3C | .rdata:0x00234E84 | .rdata:0x00234FB4 | .rdata:0x0023FF6C,1,1,covered-function-start
0x000E1A90,1,.rdata:0x00234308,1,1,covered-function-start
0x000E1BD0,1,.rdata:0x002342EC,1,1,covered-function-start
0x000E1C40,1,.rdata:0x002342D8,1,1,covered-function-start
0x000E1FC0,1,.rdata:0x002342DC,1,1,covered-function-start
0x000E22D0,1,.rdata:0x002342E4,1,1,covered-function-start
0x000E24F0,1,.rdata:0x0023430C,1,1,covered-function-start
0x000E49E0,13,.rdata:0x00228388 | .rdata:0x0022A488 | .rdata:0x0022A65C | .rdata:0x0022ADF4 | .rdata:0x0022AE2C | .rdata:0x0022AF4C | .rdata:0x0022AFA4 | .rdata:0x0022DF90 | .rdata:0x0022E94C | .rdata:0x0022EDDC | .rdata:0x0022EFF0 | .rdata:0x0022F110 | .rdata:0x002372FC,1,1,covered-function-start
0x000E4DB0,1,.rdata:0x002346F4,1,1,covered-function-start
0x000E4E50,1,.rdata:0x0023470C,0,1,internal-target-covered
0x000E4F00,1,.rdata:0x00234724,1,1,covered-function-start
0x000E50D0,9,.rdata:0x0023417C | .rdata:0x00234220 | .rdata:0x002346F0 | .rdata:0x00234720 | .rdata:0x00234890 | .rdata:0x00234C54 | .rdata:0x00234C8C | .rdata:0x00234EA4 | .rdata:0x00234F50,1,1,covered-function-start
0x000E5670,1,.rdata:0x00234774,1,1,covered-function-start
0x000E5830,1,.rdata:0x00234770,1,1,covered-function-start
0x000E5BE0,1,.rdata:0x002347C0,1,1,covered-function-start
0x000E5EC0,2,.rdata:0x002347BC | .rdata:0x002347C4,1,1,covered-function-start
0x000E5EF0,1,.rdata:0x002347B8,1,1,covered-function-start
0x000E6990,1,.rdata:0x002347EC,1,1,covered-function-start
0x000E69F0,1,.rdata:0x002347FC,1,1,covered-function-start
0x000E6A50,1,.rdata:0x002347F4,1,1,covered-function-start
0x000E6A70,1,.rdata:0x002347E8,1,1,covered-function-start
0x000E6C20,2,.rdata:0x0023481C | .rdata:0x00234854,1,1,covered-function-start
0x000E6C90,1,.rdata:0x00234858,1,1,covered-function-start
0x000E6D90,1,.rdata:0x0023485C,1,1,covered-function-start
0x000E6DF0,1,.rdata:0x0023484C,1,1,covered-function-start
0x000E6E10,1,.rdata:0x00234850,1,1,covered-function-start
0x000E6E20,1,.rdata:0x0023487C,1,1,covered-function-start
0x000E6ED0,1,.rdata:0x00234880,1,1,covered-function-start
0x000E7150,1,.rdata:0x002348A0,1,1,covered-function-start
0x000E7860,1,.rdata:0x00234180,1,1,covered-function-start
0x000E7930,1,.rdata:0x002340AC,1,1,covered-function-start
0x000E7970,1,.rdata:0x0023409C,1,1,covered-function-start
0x000E7990,3,.rdata:0x00234090 | .rdata:0x002348F4 | .rdata:0x00234BC0,1,1,covered-function-start
0x000E7AF0,1,.rdata:0x002348F0,1,1,covered-function-start
0x000E7BD0,1,.rdata:0x00234FAC,1,1,covered-function-start
0x000E7D80,1,.rdata:0x00234938,1,1,covered-function-start
0x000E7DA0,1,.rdata:0x0023494C,1,1,covered-function-start
0x000E7DB0,1,.rdata:0x00234940,0,0,internal-target-candidate
0x000E7DC0,1,.rdata:0x00234948,0,1,internal-target-covered
0x000E7E20,1,.rdata:0x00234980,1,1,covered-function-start
0x000E7E40,1,.rdata:0x00234978,1,1,covered-function-start
0x000E7F80,1,.rdata:0x002349C8,1,1,covered-function-start
0x000E7FA0,1,.rdata:0x002349BC,1,1,covered-function-start
0x000E7FB0,1,.rdata:0x002349C4,0,0,internal-target-candidate
0x000E8010,1,.rdata:0x002349FC,1,1,covered-function-start
0x000E8030,1,.rdata:0x002349F4,1,1,covered-function-start
0x000E8170,1,.rdata:0x00234A38,1,1,covered-function-start
0x000E8180,1,.rdata:0x00234A40,0,0,internal-target-candidate
0x000E81B0,1,.rdata:0x00234A78,1,1,covered-function-start
0x000E81D0,1,.rdata:0x00234A70,1,1,covered-function-start
0x000E8270,2,.rdata:0x002340C4 | .rdata:0x00234AB8,0,1,internal-target-covered
0x000E84B0,1,.rdata:0x00234AB4,1,1,covered-function-start
0x000E84C0,1,.rdata:0x00234ABC,0,0,internal-target-candidate
0x000E8520,1,.rdata:0x00234AC0,1,1,covered-function-start
0x000E86F0,1,.rdata:0x002340D8,1,1,covered-function-start
0x000E8C40,1,.rdata:0x002340CC,1,1,covered-function-start
0x000E8CC0,1,.rdata:0x002340D0,1,1,covered-function-start
0x000E8CE0,1,.rdata:0x0023415C,1,1,covered-function-start
0x000E9080,1,.rdata:0x00234150,1,1,covered-function-start
0x000E9090,1,.rdata:0x0023414C,1,1,covered-function-start
0x000E9250,1,.rdata:0x00234148,1,1,covered-function-start
0x000E9610,1,.rdata:0x00234B8C,1,1,covered-function-start
0x000E9630,1,.rdata:0x00234BEC,1,1,covered-function-start
0x000E9780,1,.rdata:0x00234CBC,1,1,covered-function-start
0x000E98F0,1,.rdata:0x00234BF8,0,0,internal-target-candidate
0x000E9920,1,.rdata:0x00234BF0,1,1,covered-function-start
0x000EC010,1,.rdata:0x00234D10,0,0,internal-target-candidate
0x000EC0A0,1,.rdata:0x00234D20,1,1,covered-function-start
0x000EC3C0,1,.rdata:0x00234D1C,1,1,covered-function-start
0x000EC4E0,1,.rdata:0x00234D24,1,1,covered-function-start
0x000ECA70,1,.rdata:0x002341F4,1,1,covered-function-start
0x000ECD20,1,.rdata:0x00234958,1,1,covered-function-start
0x000EDA00,1,.rdata:0x00234290,1,1,covered-function-start
0x000EDE70,1,.rdata:0x00234234,1,1,covered-function-start
0x000EEBC0,1,.rdata:0x00234230,1,1,covered-function-start
0x000EF100,1,.rdata:0x00234868,1,1,covered-function-start
0x000EFF80,1,.rdata:0x00234864,1,1,covered-function-start
0x000F0490,1,.rdata:0x002341B0,1,1,covered-function-start
0x000F0580,1,.rdata:0x002341D4,1,1,covered-function-start
0x000F0600,1,.rdata:0x002341D8,1,1,covered-function-start
0x000F0660,1,.rdata:0x0023420C,1,1,covered-function-start
0x000F0690,1,.rdata:0x00234210,1,1,covered-function-start
0x000F0750,1,.rdata:0x002341E8,1,1,covered-function-start
0x000F07B0,1,.rdata:0x002341EC,1,1,covered-function-start
0x000F07F0,1,.rdata:0x002341DC,1,1,covered-function-start
0x000F0810,1,.rdata:0x002341E0,1,1,covered-function-start
0x000F08B0,1,.rdata:0x00234C94,1,1,covered-function-start
0x000F0900,2,.rdata:0x00234240 | .rdata:0x00234CDC,1,1,covered-function-start
0x000F0940,2,.rdata:0x00234244 | .rdata:0x00234CE0,1,1,covered-function-start
0x000F0B50,1,.rdata:0x00234224,1,1,covered-function-start
0x000F0C80,1,.rdata:0x00234228,1,1,covered-function-start
0x000F0CE0,1,.rdata:0x00234218,1,1,covered-function-start
0x000F0D00,1,.rdata:0x0023421C,1,1,covered-function-start
0x000F0D10,1,.rdata:0x00234248,0,1,internal-target-covered
0x000F0DD0,1,.rdata:0x0023424C,1,1,covered-function-start
0x000F15A0,1,.rdata:0x00234254,1,1,covered-function-start
0x000F17A0,1,.rdata:0x00234284,1,1,covered-function-start
0x000F17E0,1,.rdata:0x00234DF4,1,1,covered-function-start
0x000F1800,1,.rdata:0x00234DFC,0,1,internal-target-covered
0x000F1820,1,.rdata:0x00234DD0,1,1,covered-function-start
0x000F1860,1,.rdata:0x00234DE0,1,1,covered-function-start
0x000F1AB0,1,.rdata:0x00234DF0,1,1,covered-function-start
0x000F1B00,1,.rdata:0x00234DF8,1,1,covered-function-start
0x000F2500,1,.rdata:0x002342F8,1,1,covered-function-start
0x000F2F10,1,.rdata:0x00234C90,1,1,covered-function-start
0x000F3010,1,.rdata:0x00234CB0,1,1,covered-function-start
0x000F30A0,1,.rdata:0x00234C84,1,1,covered-function-start
0x000F30C0,1,.rdata:0x00234C88,1,1,covered-function-start
0x000F3280,1,.rdata:0x00234E70,1,1,covered-function-start
0x000F32D0,1,.rdata:0x00234E80,1,1,covered-function-start
0x000F32E0,1,.rdata:0x00234E7C,0,1,internal-target-covered
0x000F3340,1,.rdata:0x00234E78,1,1,covered-function-start
0x000F3410,1,.rdata:0x00234E6C,1,1,covered-function-start
0x000F3430,1,.rdata:0x00234CAC,1,1,covered-function-start
0x000F3630,1,.rdata:0x00234EA8,1,1,covered-function-start
0x000F3710,1,.rdata:0x00234EC0,1,1,covered-function-start
0x000F38C0,1,.rdata:0x00234894,1,1,covered-function-start
0x000F3990,2,.rdata:0x0023483C | .rdata:0x00234874,1,1,covered-function-start
0x000F3A20,1,.rdata:0x00234820,1,1,covered-function-start
0x000F3BA0,1,.rdata:0x00234984,1,1,covered-function-start
0x000F3EC0,4,.rdata:0x00234944 | .rdata:0x0023497C | .rdata:0x002349C0 | .rdata:0x002349F8,1,1,covered-function-start
0x000F4980,1,.rdata:0x002349D4,1,1,covered-function-start
0x000F5250,1,.rdata:0x00234A00,1,1,covered-function-start
0x000F5480,2,.rdata:0x00234A3C | .rdata:0x00234A74,1,1,covered-function-start
0x000F54A0,1,.rdata:0x00234A7C,1,1,covered-function-start
0x000F5700,1,.rdata:0x00234F54,0,1,internal-target-covered
0x000F5790,1,.rdata:0x00234F6C,1,1,covered-function-start
0x000F5970,1,.rdata:0x00234F60,1,1,covered-function-start
0x000F59E0,1,.rdata:0x00234B90,0,1,internal-target-covered
0x000F5AA0,1,.rdata:0x00234BAC,1,1,covered-function-start
0x000F5AE0,1,.rdata:0x00234B9C,1,1,covered-function-start
0x000F5B00,1,.rdata:0x00234BDC,0,1,internal-target-covered
0x000F5B50,1,.rdata:0x00234BCC,1,1,covered-function-start
0x000F5B70,1,.rdata:0x00234F9C,0,1,internal-target-covered
0x000F5B90,1,.rdata:0x00234FD0,1,1,covered-function-start
0x000F5E20,1,.rdata:0x00234FC8,0,1,internal-target-covered
0x000F5F10,1,.rdata:0x00234FEC,1,1,covered-function-start
0x000F6350,1,.rdata:0x00234FE4,1,1,covered-function-start
0x000F6DE0,1,.rdata:0x00234C58,1,1,covered-function-start
0x000F6F70,1,.rdata:0x00234C9C,1,1,covered-function-start
0x000F70D0,1,.rdata:0x00234CA0,1,1,covered-function-start
0x000F7180,1,.rdata:0x00234CC4,0,1,internal-target-covered
0x000F71D0,1,.rdata:0x00234CC0,1,1,covered-function-start
0x000F72A0,1,.rdata:0x00234CE4,1,1,covered-function-start
0x000F7340,1,.rdata:0x00234CE8,1,1,covered-function-start
0x000F7390,1,.rdata:0x00234CCC,1,1,covered-function-start
0x000F75B0,1,.rdata:0x00234CD0,1,1,covered-function-start
0x000F868B,1,.rdata:0x0023CE70,0,0,internal-target-candidate
0x000F8970,1,.rdata:0x002350AC,1,1,covered-function-start
0x000F8D30,1,.rdata:0x0023CE18,0,0,internal-target-candidate
0x000F93F0,2,.rdata:0x002350B4 | .rdata:0x0023515C,1,1,covered-function-start
0x000F99F0,9,.rdata:0x0022A918 | .rdata:0x0022A950 | .rdata:0x0022A9B4 | .rdata:0x0022AAD0 | .rdata:0x0022AAFC | .rdata:0x0022AB6C | .rdata:0x0022AC04 | .rdata:0x0022AC28 | .rdata:0x002350B0,1,1,covered-function-start
0x000FA2F0,4,.rdata:0x0022A88C | .rdata:0x0022A8C0 | .rdata:0x0022A8EC | .rdata:0x002350F0,1,1,covered-function-start
0x000FA940,1,.rdata:0x002350EC,1,1,covered-function-start
0x000FB1B0,1,.rdata:0x002350DC,1,1,covered-function-start
0x000FB1E0,1,.rdata:0x002350E0,1,1,covered-function-start
0x000FB1F0,1,.rdata:0x002350E8,1,1,covered-function-start
0x000FC050,1,.rdata:0x0023510C,1,1,covered-function-start
0x000FC300,1,.rdata:0x00235124,0,1,internal-target-covered
0x000FC370,1,.rdata:0x0023512C,1,1,covered-function-start
0x000FC410,5,.rdata:0x0022A92C | .rdata:0x0022A97C | .rdata:0x0022A9C8 | .rdata:0x0022AAE4 | .rdata:0x00235128,1,1,covered-function-start
0x000FD490,1,.rdata:0x00235158,1,1,covered-function-start
0x000FD5A0,1,.rdata:0x00235154,1,1,covered-function-start
0x000FDC79,1,.rdata:0x0023BD94,0,0,internal-target-candidate
0x000FDF3C,1,.rdata:0x0023BAA4,0,0,internal-target-candidate
0x000FDFD0,1,.rdata:0x00235170,1,1,covered-function-start
0x000FE340,6,.rdata:0x0022AC80 | .rdata:0x0022ACA4 | .rdata:0x0022ACDC | .rdata:0x0022ACF4 | .rdata:0x0022AD1C | .rdata:0x0023516C,1,1,covered-function-start
0x001000C0,1,.data:0x0024B4D0,1,1,covered-function-start
0x001000C1,1,.data:0x0024B4D4,0,0,internal-target-candidate
0x001000C2,1,.data:0x0024B4D8,0,0,internal-target-candidate
0x001000C3,1,.data:0x0024B4DC,0,0,internal-target-candidate
0x00100440,1,.rdata:0x002352A4,1,1,covered-function-start
0x00100480,2,.rdata:0x002352A8 | .rdata:0x00235538,1,1,covered-function-start
0x00100790,1,.rdata:0x002352AC,1,1,covered-function-start
0x00100F60,1,.rdata:0x002354AC,1,1,covered-function-start
0x00100F70,1,.rdata:0x002354A8,1,1,covered-function-start
0x00101010,1,.rdata:0x002354A0,1,1,covered-function-start
0x00101050,1,.rdata:0x002354A4,1,1,covered-function-start
0x00101220,1,.rdata:0x002354C8,0,1,internal-target-covered
0x001012C0,1,.rdata:0x002354C4,1,1,covered-function-start
0x00101760,1,.rdata:0x002354FC,1,1,covered-function-start
0x00101A00,1,.rdata:0x002354F8,1,1,covered-function-start
0x00101E60,1,.rdata:0x0023551C,0,1,internal-target-covered
0x00101EE0,1,.rdata:0x00235518,1,1,covered-function-start
0x00101F70,1,.rdata:0x00235514,1,1,covered-function-start
0x00101FF0,1,.rdata:0x0023553C,1,1,covered-function-start
0x00102060,1,.rdata:0x00235534,1,1,covered-function-start
0x00102110,1,.rdata:0x00235560,1,1,covered-function-start
0x001022D0,1,.rdata:0x0023555C,0,1,internal-target-covered
0x00102370,1,.rdata:0x00235558,1,1,covered-function-start
0x001023E0,3,.rdata:0x002354CC | .rdata:0x00235598 | .rdata:0x00235638,0,1,internal-target-covered
0x00102420,1,.rdata:0x00235594,1,1,covered-function-start
0x001024B0,1,.rdata:0x00235590,1,1,covered-function-start
0x00102660,1,.rdata:0x002355D0,1,1,covered-function-start
0x00103420,1,.rdata:0x002355D4,1,1,covered-function-start
0x00103ED0,1,.rdata:0x002355CC,1,1,covered-function-start
0x00103F20,1,.rdata:0x002355F4,0,1,internal-target-covered
0x00103F60,1,.rdata:0x002355F0,1,1,covered-function-start
0x00104050,1,.rdata:0x002355EC,1,1,covered-function-start
0x00104090,1,.rdata:0x00235618,1,1,covered-function-start
0x00104100,1,.rdata:0x0023560C,1,1,covered-function-start
0x00104150,1,.rdata:0x00235610,1,1,covered-function-start
0x00104360,1,.rdata:0x00235614,1,1,covered-function-start
0x00104480,1,.rdata:0x00235634,0,1,internal-target-covered
0x00104510,1,.rdata:0x00235630,0,1,internal-target-covered
0x00105320,1,.rdata:0x0022F7AC,1,1,covered-function-start
0x00105380,1,.rdata:0x002357A4,1,1,covered-function-start
0x001053A0,1,.rdata:0x002357A8,1,1,covered-function-start
0x001053B0,1,.rdata:0x002357AC,1,1,covered-function-start
0x00105970,14,.rdata:0x00225E58 | .rdata:0x00226010 | .rdata:0x002264B0 | .rdata:0x002266E8 | .rdata:0x00226880 | .rdata:0x00226A50 | .rdata:0x00226C18 | .rdata:0x00228FB8 | .rdata:0x0022C9A0 | .rdata:0x0022D428 | .rdata:0x0022E5A0 | .rdata:0x0022E7A0 | .rdata:0x0022ECA8 | .rdata:0x00235898,1,1,covered-function-start
0x001059A0,14,.rdata:0x00225E5C | .rdata:0x00226014 | .rdata:0x002264B4 | .rdata:0x002266EC | .rdata:0x00226884 | .rdata:0x00226A54 | .rdata:0x00226C1C | .rdata:0x00228FBC | .rdata:0x0022C9A4 | .rdata:0x0022D42C | .rdata:0x0022E5A4 | .rdata:0x0022E7A4 | .rdata:0x0022ECAC | .rdata:0x0023589C,1,1,covered-function-start
0x001059B0,16,.rdata:0x00225D7C | .rdata:0x00225F54 | .rdata:0x0022610C | .rdata:0x00226274 | .rdata:0x00226404 | .rdata:0x002265BC | .rdata:0x002267E4 | .rdata:0x0022697C | .rdata:0x00226B4C | .rdata:0x00226D2C | .rdata:0x002290CC | .rdata:0x0022D564 | .rdata:0x0022E6AC | .rdata:0x0022E89C | .rdata:0x0022EDA4 | .rdata:0x00235994,1,1,covered-function-start
0x00105AC0,13,.rdata:0x00225D70 | .rdata:0x00225F48 | .rdata:0x00226100 | .rdata:0x00226268 | .rdata:0x002263F8 | .rdata:0x002265B0 | .rdata:0x002290C0 | .rdata:0x0022CAB8 | .rdata:0x0022D558 | .rdata:0x0022E6A0 | .rdata:0x0022E890 | .rdata:0x0022ED98 | .rdata:0x00235988,1,1,covered-function-start
0x00105B20,17,.rdata:0x00225D74 | .rdata:0x00225F4C | .rdata:0x00226104 | .rdata:0x0022626C | .rdata:0x002263FC | .rdata:0x002265B4 | .rdata:0x002267DC | .rdata:0x00226974 | .rdata:0x00226B44 | .rdata:0x00226D24 | .rdata:0x002290C4 | .rdata:0x0022CABC | .rdata:0x0022D55C | .rdata:0x0022E6A4 | .rdata:0x0022E894 | .rdata:0x0022ED9C | .rdata:0x0023598C,1,1,covered-function-start
0x00105B40,7,.rdata:0x00229094 | .rdata:0x0022CA8C | .rdata:0x0022D52C | .rdata:0x0022E674 | .rdata:0x0022E864 | .rdata:0x0022ED6C | .rdata:0x0023595C,1,1,covered-function-start
0x00105B50,17,.rdata:0x00225CB4 | .rdata:0x00225E8C | .rdata:0x00226044 | .rdata:0x002261AC | .rdata:0x0022633C | .rdata:0x002264F4 | .rdata:0x0022671C | .rdata:0x002268B4 | .rdata:0x00226A84 | .rdata:0x00226C64 | .rdata:0x00229004 | .rdata:0x0022C9FC | .rdata:0x0022D49C | .rdata:0x0022E5E4 | .rdata:0x0022E7D4 | .rdata:0x0022ECDC | .rdata:0x002358CC,1,1,covered-function-start
0x00105C40,5,.rdata:0x00225D90 | .rdata:0x002290E0 | .rdata:0x0022D578 | .rdata:0x0022E6C0 | .rdata:0x002359A8,1,1,covered-function-start
0x00105DA0,5,.rdata:0x00225D94 | .rdata:0x002290E4 | .rdata:0x0022D57C | .rdata:0x0022E6C4 | .rdata:0x002359AC,1,1,covered-function-start
0x001062F0,11,.rdata:0x00225CB8 | .rdata:0x00225E90 | .rdata:0x00226048 | .rdata:0x002261B0 | .rdata:0x00226340 | .rdata:0x002264F8 | .rdata:0x00226720 | .rdata:0x002268B8 | .rdata:0x00226A88 | .rdata:0x00229008 | .rdata:0x002358D0,1,1,covered-function-start
0x00106400,17,.rdata:0x00225D10 | .rdata:0x00225EE8 | .rdata:0x002260A0 | .rdata:0x00226208 | .rdata:0x00226398 | .rdata:0x00226550 | .rdata:0x00226778 | .rdata:0x00226910 | .rdata:0x00226AE0 | .rdata:0x00226CC0 | .rdata:0x00229060 | .rdata:0x0022CA58 | .rdata:0x0022D4F8 | .rdata:0x0022E640 | .rdata:0x0022E830 | .rdata:0x0022ED38 | .rdata:0x00235928,1,1,covered-function-start
0x00106420,5,.rdata:0x002290BC | .rdata:0x0022CAB4 | .rdata:0x0022D554 | .rdata:0x0022E69C | .rdata:0x00235984,1,1,covered-function-start
0x001066B0,5,.rdata:0x00229098 | .rdata:0x0022CA90 | .rdata:0x0022D530 | .rdata:0x0022E678 | .rdata:0x00235960,1,1,covered-function-start
0x001066F0,4,.rdata:0x00229080 | .rdata:0x0022CA78 | .rdata:0x0022D518 | .rdata:0x00235948,1,1,covered-function-start
0x00106A80,18,.rdata:0x00225D08 | .rdata:0x00225EE0 | .rdata:0x00226098 | .rdata:0x00226200 | .rdata:0x00226390 | .rdata:0x00226548 | .rdata:0x00226770 | .rdata:0x00226908 | .rdata:0x00226AD8 | .rdata:0x00226CB8 | .rdata:0x00229058 | .rdata:0x0022CA50 | .rdata:0x0022D4F0 | .rdata:0x0022E638 | .rdata:0x0022E828 | .rdata:0x0022ED30 | .rdata:0x00235920 | .rdata:0x0023D180,1,1,covered-function-start
0x00106D20,1,.rdata:0x002358EC,1,1,covered-function-start
0x00106E30,17,.rdata:0x00225CF4 | .rdata:0x00225ECC | .rdata:0x00226084 | .rdata:0x002261EC | .rdata:0x0022637C | .rdata:0x00226534 | .rdata:0x0022675C | .rdata:0x002268F4 | .rdata:0x00226AC4 | .rdata:0x00226CA4 | .rdata:0x00229044 | .rdata:0x0022CA3C | .rdata:0x0022D4DC | .rdata:0x0022E624 | .rdata:0x0022E814 | .rdata:0x0022ED1C | .rdata:0x0023590C,1,1,covered-function-start
0x00106F20,6,.rdata:0x00225E28 | .rdata:0x002266B8 | .rdata:0x00226850 | .rdata:0x00228F88 | .rdata:0x0022D3F8 | .rdata:0x00235868,1,1,covered-function-start
0x00107240,5,.rdata:0x002290B4 | .rdata:0x0022CAAC | .rdata:0x0022D54C | .rdata:0x0022E694 | .rdata:0x0023597C,1,1,covered-function-start
0x00107600,1,.rdata:0x002359D0,0,0,internal-target-candidate
0x00107620,1,.rdata:0x002359D4,1,1,covered-function-start
0x00107630,1,.rdata:0x002359DC,1,1,covered-function-start
0x001076A0,1,.rdata:0x002359D8,1,1,covered-function-start
0x001076D0,1,.rdata:0x002359E4,1,1,covered-function-start
0x001094C0,1,.rdata:0x00235A2C,1,1,covered-function-start
0x001095A0,35,.rdata:0x00225D1C | .rdata:0x00225EF4 | .rdata:0x002260AC | .rdata:0x00226214 | .rdata:0x002263A4 | .rdata:0x0022655C | .rdata:0x00226784 | .rdata:0x0022691C | .rdata:0x00226AEC | .rdata:0x00226CCC | .rdata:0x0022906C | .rdata:0x00229394 | .rdata:0x002299FC | .rdata:0x00229ABC | .rdata:0x00229BEC | .rdata:0x0022B46C | .rdata:0x0022B604 | .rdata:0x0022C91C | .rdata:0x0022CA64 | .rdata:0x0022D504 | .rdata:0x0022DDC4 | .rdata:0x0022DE5C | .rdata:0x0022DEF4 | .rdata:0x0022E044 | .rdata:0x0022E64C | .rdata:0x0022E83C | .rdata:0x0022ED44 | .rdata:0x0022FC7C | .rdata:0x00230084 | .rdata:0x00235934 | .rdata:0x00235AC4 | .rdata:0x00235E84 | .rdata:0x002368AC | .rdata:0x00236C74 | .rdata:0x00236D14,1,1,covered-function-start
0x001095C0,6,.rdata:0x00225C9C | .rdata:0x00226C50 | .rdata:0x00228FF0 | .rdata:0x0022C9E8 | .rdata:0x0022D470 | .rdata:0x00235E04,1,1,covered-function-start
0x00109710,5,.rdata:0x00225C94 | .rdata:0x00226C48 | .rdata:0x0022DFC0 | .rdata:0x0022FBF4 | .rdata:0x00235DFC,1,1,covered-function-start
0x00109820,14,.rdata:0x00229A10 | .rdata:0x00229AD0 | .rdata:0x00229C00 | .rdata:0x0022B480 | .rdata:0x0022B618 | .rdata:0x0022C930 | .rdata:0x0022DDD8 | .rdata:0x0022DE70 | .rdata:0x0022DF08 | .rdata:0x0022E058 | .rdata:0x0022FC90 | .rdata:0x00235AD8 | .rdata:0x00235E98 | .rdata:0x002368C0,1,1,covered-function-start
0x00109860,1,.rdata:0x0022D488,1,1,covered-function-start
0x00109870,32,.rdata:0x00225D34 | .rdata:0x00225F0C | .rdata:0x002260C4 | .rdata:0x0022622C | .rdata:0x002263BC | .rdata:0x00226574 | .rdata:0x0022679C | .rdata:0x00226934 | .rdata:0x00226B04 | .rdata:0x00226CE4 | .rdata:0x00229084 | .rdata:0x002293AC | .rdata:0x00229A14 | .rdata:0x00229AD4 | .rdata:0x00229C04 | .rdata:0x0022B484 | .rdata:0x0022B61C | .rdata:0x0022C934 | .rdata:0x0022DDDC | .rdata:0x0022DE74 | .rdata:0x0022DF0C | .rdata:0x0022E05C | .rdata:0x0022E854 | .rdata:0x0022ED5C | .rdata:0x0022FC94 | .rdata:0x0023009C | .rdata:0x0023594C | .rdata:0x00235ADC | .rdata:0x00235E9C | .rdata:0x002368C4 | .rdata:0x00236C8C | .rdata:0x00236D2C,1,1,covered-function-start
0x001098E0,32,.rdata:0x00225D38 | .rdata:0x00225F10 | .rdata:0x002260C8 | .rdata:0x00226230 | .rdata:0x002263C0 | .rdata:0x00226578 | .rdata:0x002267A0 | .rdata:0x00226938 | .rdata:0x00226B08 | .rdata:0x00226CE8 | .rdata:0x00229088 | .rdata:0x002293B0 | .rdata:0x00229A18 | .rdata:0x00229AD8 | .rdata:0x00229C08 | .rdata:0x0022B488 | .rdata:0x0022B620 | .rdata:0x0022C938 | .rdata:0x0022DDE0 | .rdata:0x0022DE78 | .rdata:0x0022DF10 | .rdata:0x0022E060 | .rdata:0x0022E858 | .rdata:0x0022ED60 | .rdata:0x0022FC98 | .rdata:0x002300A0 | .rdata:0x00235950 | .rdata:0x00235AE0 | .rdata:0x00235EA0 | .rdata:0x002368C8 | .rdata:0x00236C90 | .rdata:0x00236D30,1,1,covered-function-start
0x00109900,25,.rdata:0x0022908C | .rdata:0x002293B4 | .rdata:0x00229A1C | .rdata:0x00229ADC | .rdata:0x00229C0C | .rdata:0x0022B48C | .rdata:0x0022B624 | .rdata:0x0022C93C | .rdata:0x0022CA84 | .rdata:0x0022D524 | .rdata:0x0022DDE4 | .rdata:0x0022DE7C | .rdata:0x0022DF14 | .rdata:0x0022E064 | .rdata:0x0022E66C | .rdata:0x0022E85C | .rdata:0x0022ED64 | .rdata:0x0022FC9C | .rdata:0x002300A4 | .rdata:0x00235954 | .rdata:0x00235AE4 | .rdata:0x00235EA4 | .rdata:0x002368CC | .rdata:0x00236C94 | .rdata:0x00236D34,1,1,covered-function-start
0x00109CD0,5,.rdata:0x00225C90 | .rdata:0x00226C44 | .rdata:0x0022DFBC | .rdata:0x0022FBF0 | .rdata:0x00235DF8,1,1,covered-function-start
0x00109D30,34,.rdata:0x00225CF8 | .rdata:0x00225ED0 | .rdata:0x00226088 | .rdata:0x002261F0 | .rdata:0x00226380 | .rdata:0x00226538 | .rdata:0x00226760 | .rdata:0x002268F8 | .rdata:0x00226AC8 | .rdata:0x00226CA8 | .rdata:0x00229048 | .rdata:0x00229370 | .rdata:0x002299D8 | .rdata:0x00229A98 | .rdata:0x00229BC8 | .rdata:0x0022B448 | .rdata:0x0022B5E0 | .rdata:0x0022C8F8 | .rdata:0x0022D4E0 | .rdata:0x0022DDA0 | .rdata:0x0022DE38 | .rdata:0x0022DED0 | .rdata:0x0022E020 | .rdata:0x0022E628 | .rdata:0x0022E818 | .rdata:0x0022ED20 | .rdata:0x0022FC58 | .rdata:0x00230060 | .rdata:0x00235910 | .rdata:0x00235AA0 | .rdata:0x00235E60 | .rdata:0x00236888 | .rdata:0x00236C50 | .rdata:0x00236CF0,1,1,covered-function-start
0x0010A060,6,.rdata:0x00225C98 | .rdata:0x00228FEC | .rdata:0x0022D46C | .rdata:0x0022DFC4 | .rdata:0x0022FBF8 | .rdata:0x00235E00,1,1,covered-function-start
0x0010A1B0,17,.rdata:0x002299D0 | .rdata:0x00229A90 | .rdata:0x00229BC0 | .rdata:0x0022B440 | .rdata:0x0022B5D8 | .rdata:0x0022C8F0 | .rdata:0x0022DD98 | .rdata:0x0022DE30 | .rdata:0x0022DEC8 | .rdata:0x0022E018 | .rdata:0x0022FC50 | .rdata:0x00230058 | .rdata:0x00235A98 | .rdata:0x00235E58 | .rdata:0x00236880 | .rdata:0x00236C48 | .rdata:0x00236CE8,1,1,covered-function-start
0x0010B4C0,6,.rdata:0x00229998 | .rdata:0x00229B88 | .rdata:0x0022DFE0 | .rdata:0x00230020 | .rdata:0x00235A60 | .rdata:0x00235E20,1,1,covered-function-start
0x0010BBE0,17,.rdata:0x00225E4C | .rdata:0x00226004 | .rdata:0x002264A4 | .rdata:0x002266DC | .rdata:0x00226874 | .rdata:0x00226A44 | .rdata:0x00226C0C | .rdata:0x00228FAC | .rdata:0x002291B4 | .rdata:0x002292DC | .rdata:0x0022C994 | .rdata:0x0022D41C | .rdata:0x0022E594 | .rdata:0x0022E794 | .rdata:0x0022EC9C | .rdata:0x0023588C | .rdata:0x00236B0C,1,1,covered-function-start
0x0010D060,5,.rdata:0x00235D54 | .rdata:0x0023728C | .rdata:0x00237794 | .rdata:0x00238054 | .rdata:0x002382E4,1,1,covered-function-start
0x0010D080,1,.rdata:0x00235CA8,1,1,covered-function-start
0x0010D0B0,2,.rdata:0x0022C7A4 | .rdata:0x00235CAC,1,1,covered-function-start
0x0010D0D0,1,.rdata:0x00235D74,0,1,internal-target-covered
0x0010D270,1,.rdata:0x00235D70,1,1,covered-function-start
0x0010D490,34,.rdata:0x0022D5C4 | .rdata:0x0022E70C | .rdata:0x0022F248 | .rdata:0x0022F2E8 | .rdata:0x0022F3A0 | .rdata:0x0022F430 | .rdata:0x0022F590 | .rdata:0x0022F678 | .rdata:0x0022F748 | .rdata:0x0022FA58 | .rdata:0x0022FB18 | .rdata:0x0022FBB0 | .rdata:0x0022FD30 | .rdata:0x0022FDC8 | .rdata:0x0022FE78 | .rdata:0x0022FF38 | .rdata:0x0022FFC8 | .rdata:0x00230140 | .rdata:0x00230278 | .rdata:0x002339BC | .rdata:0x00235D60 | .rdata:0x00235D64 | .rdata:0x00237298 | .rdata:0x0023729C | .rdata:0x00237420 | .rdata:0x00237424 | .rdata:0x002377A0 | .rdata:0x002377A4 | .rdata:0x00237938 | .rdata:0x0023793C | .rdata:0x00238060 | .rdata:0x00238064 | .rdata:0x002382F0 | .rdata:0x002382F4,1,1,covered-function-start
0x0010D4A0,1,.rdata:0x00235CB0,1,1,covered-function-start
0x0010D6E0,1,.rdata:0x00235D8C,1,1,covered-function-start
0x0010D700,1,.rdata:0x00235D90,1,1,covered-function-start
0x0010D720,1,.rdata:0x00235DA0,1,1,covered-function-start
0x0010D790,5,.rdata:0x0022C594 | .rdata:0x0022C5EC | .rdata:0x002359E8 | .rdata:0x00235DA4 | .rdata:0x00236AD0,1,1,covered-function-start
0x0010D810,1,.rdata:0x00235DA8,1,1,covered-function-start
0x0010D850,1,.rdata:0x00235D94,1,1,covered-function-start
0x0010D870,1,.rdata:0x00235D98,1,1,covered-function-start
0x0010D8E0,1,.rdata:0x00235D9C,1,1,covered-function-start
0x0010E110,1,.rdata:0x00235DD0,0,1,internal-target-covered
0x0010E180,1,.rdata:0x00235DC8,1,1,covered-function-start
0x0010EA60,1,.rdata:0x00235E34,0,0,internal-target-candidate
0x0010EA90,1,.rdata:0x00235E38,1,1,covered-function-start
0x0010EAA0,1,.rdata:0x00235E08,1,1,covered-function-start
0x0010EAB0,1,.rdata:0x00235EAC,0,1,internal-target-covered
0x0010EAC0,1,.rdata:0x00235EB0,0,1,internal-target-covered
0x0010EAD0,1,.rdata:0x00235EB4,0,1,internal-target-covered
0x0010EAE0,2,.rdata:0x00235EC0 | .rdata:0x00235EC4,0,1,internal-target-covered
0x0010EB50,1,.rdata:0x00235E3C,1,1,covered-function-start
0x0010EB90,1,.rdata:0x00235EB8,1,1,covered-function-start
0x00110000,1,.rdata:0x0023BD90,0,0,internal-target-candidate
0x00110800,1,.rdata:0x00235F5C,1,1,covered-function-start
0x001115E0,1,.rdata:0x00235FD4,1,1,covered-function-start
0x00111650,5,.rdata:0x0022BB40 | .rdata:0x00230198 | .rdata:0x00235FB8 | .rdata:0x002363D8 | .rdata:0x00236B50,1,1,covered-function-start
0x001116F0,1,.rdata:0x0023601C,0,0,internal-target-candidate
0x00111710,1,.rdata:0x00236020,1,1,covered-function-start
0x00111800,1,.rdata:0x00236024,1,1,covered-function-start
0x00111AB0,1,.rdata:0x0023607C,1,1,covered-function-start
0x00111B10,1,.rdata:0x00236060,1,1,covered-function-start
0x00111EE0,1,.rdata:0x00236104,1,1,covered-function-start
0x00111F90,1,.rdata:0x00236108,1,1,covered-function-start
0x00112050,1,.rdata:0x0023610C,1,1,covered-function-start
0x001129B0,1,.rdata:0x00236100,1,1,covered-function-start
0x00112EA0,1,.rdata:0x0023FF68,1,1,covered-function-start
0x00113750,2,.rdata:0x0022A6C8 | .rdata:0x002361C0,1,1,covered-function-start
0x00114890,3,.rdata:0x00236378 | .rdata:0x00236380 | .rdata:0x0023638C,1,1,covered-function-start
0x001148B0,2,.rdata:0x00236384 | .rdata:0x00236390,1,1,covered-function-start
0x001148F0,1,.rdata:0x00236388,1,1,covered-function-start
0x00114900,1,.rdata:0x00236394,1,1,covered-function-start
0x00114AA0,1,.rdata:0x002363EC,1,1,covered-function-start
0x00114AC0,1,.rdata:0x002363F0,1,1,covered-function-start
0x00114B10,1,.rdata:0x002363F4,0,0,internal-target-candidate
0x00116180,1,.rdata:0x00236724,0,0,internal-target-candidate
0x001161A0,1,.rdata:0x00236728,1,1,covered-function-start
0x001161B0,2,.rdata:0x00236730 | .rdata:0x0023674C,1,1,covered-function-start
0x001161E0,1,.rdata:0x0023672C,1,1,covered-function-start
0x00116210,1,.rdata:0x00236740,1,1,covered-function-start
0x00116230,1,.rdata:0x00236744,1,1,covered-function-start
0x00116240,1,.rdata:0x00236748,1,1,covered-function-start
0x00117280,1,.rdata:0x0023675C,1,1,covered-function-start
0x001172B0,1,.rdata:0x00236790,1,1,covered-function-start
0x001172E0,1,.rdata:0x00236794,1,1,covered-function-start
0x00117310,1,.rdata:0x00236798,1,1,covered-function-start
0x00117320,1,.rdata:0x0023679C,1,1,covered-function-start
0x0011735D,1,.rdata:0x0023BF60,0,0,internal-target-candidate
0x00118260,1,.rdata:0x00236760,1,1,covered-function-start
0x00118290,1,.rdata:0x00236764,1,1,covered-function-start
0x001182C0,1,.rdata:0x00236768,1,1,covered-function-start
0x001182F0,1,.rdata:0x0023676C,1,1,covered-function-start
0x00118320,1,.rdata:0x00236770,1,1,covered-function-start
0x00118350,1,.rdata:0x00236774,1,1,covered-function-start
0x00118380,1,.rdata:0x00236778,1,1,covered-function-start
0x001183B0,1,.rdata:0x0023677C,1,1,covered-function-start
0x001183E0,1,.rdata:0x00236780,1,1,covered-function-start
0x00118410,1,.rdata:0x00236784,1,1,covered-function-start
0x00118440,1,.rdata:0x00236788,1,1,covered-function-start
0x00118470,1,.rdata:0x0023678C,1,1,covered-function-start
0x00118F20,1,.rdata:0x002367C4,1,1,covered-function-start
0x00119820,1,.rdata:0x0023685C,1,1,covered-function-start
0x00119850,1,.rdata:0x00236860,1,1,covered-function-start
0x001198C0,2,.rdata:0x0022DE90 | .rdata:0x00236848,1,1,covered-function-start
0x00119A70,1,.rdata:0x00236864,1,1,covered-function-start
0x0011A110,1,.rdata:0x0023692C,0,1,internal-target-covered
0x0011A130,1,.rdata:0x00236930,1,1,covered-function-start
0x0011A140,1,.rdata:0x00236934,1,1,covered-function-start
0x0011A160,1,.rdata:0x00236918,1,1,covered-function-start
0x0011A280,1,.rdata:0x00236988,0,1,internal-target-covered
0x0011A2E0,1,.rdata:0x0023697C,0,1,internal-target-covered
0x0011A300,1,.rdata:0x00236980,0,1,internal-target-covered
0x0011A400,1,.rdata:0x0023698C,1,1,covered-function-start
0x0011A5A0,1,.rdata:0x00236984,1,1,covered-function-start
0x0011A830,1,.rdata:0x00236970,0,0,internal-target-candidate
0x0011A850,1,.rdata:0x00236974,1,1,covered-function-start
0x0011A860,1,.rdata:0x00236990,1,1,covered-function-start
0x0011A900,1,.rdata:0x00236978,1,1,covered-function-start
0x0011AB63,1,.rdata:0x0023BAA8,0,0,internal-target-candidate
0x0011C020,1,.rdata:0x00236A1C,1,1,covered-function-start
0x0011C040,1,.rdata:0x00236A20,1,1,covered-function-start
0x0011C0F0,1,.rdata:0x00236A24,1,1,covered-function-start
0x0011C180,1,.rdata:0x00236A08,0,1,internal-target-covered
0x0011C720,1,.rdata:0x00236AB8,1,1,covered-function-start
0x0011C740,1,.rdata:0x00236ABC,1,1,covered-function-start
0x0011C750,10,.rdata:0x00227CCC | .rdata:0x0022AF48 | .rdata:0x00230380 | .rdata:0x00230E64 | .rdata:0x00230F5C | .rdata:0x00231BB4 | .rdata:0x002359EC | .rdata:0x00236AD4 | .rdata:0x0023DA60 | .rdata:0x00240764,1,1,covered-function-start
0x0011C760,1,.rdata:0x00236AC4,1,1,covered-function-start
0x0011C770,1,.rdata:0x00236ACC,0,1,internal-target-covered
0x0011C820,1,.rdata:0x00236AC0,1,1,covered-function-start
0x0011C850,1,.rdata:0x00236AE8,1,1,covered-function-start
0x0011CA70,1,.rdata:0x00236B64,1,1,covered-function-start
0x0011CA90,1,.rdata:0x00236B68,1,1,covered-function-start
0x0011CAA0,1,.rdata:0x00236B04,1,1,covered-function-start
0x0011CAB0,2,.rdata:0x00236B10 | .rdata:0x00236B14,1,1,covered-function-start
0x0011CAC0,2,.rdata:0x0022ECB0 | .rdata:0x00236B20,1,1,covered-function-start
0x0011CAD0,1,.rdata:0x00236B24,1,1,covered-function-start
0x0011CAF0,1,.rdata:0x00236B28,1,1,covered-function-start
0x0011CB30,1,.rdata:0x00236AF0,1,1,covered-function-start
0x0011CB40,1,.rdata:0x00236AF4,1,1,covered-function-start
0x0011CB50,2,.rdata:0x00236AF8 | .rdata:0x00236AFC,1,1,covered-function-start
0x0011CB60,2,.rdata:0x00236B3C | .rdata:0x00236B40,0,0,internal-target-candidate
0x0011CC10,1,.rdata:0x00236B6C,1,1,covered-function-start
0x0011CCD0,5,.rdata:0x00236BA0 | .rdata:0x00236EF4 | .rdata:0x00236F24 | .rdata:0x00236F54 | .rdata:0x00236F84,1,1,covered-function-start
0x0011CF30,6,.rdata:0x00236BA4 | .rdata:0x00236E68 | .rdata:0x00236EF8 | .rdata:0x00236F28 | .rdata:0x00236F58 | .rdata:0x00236F88,1,1,covered-function-start
0x0011D0C0,6,.rdata:0x00236BAC | .rdata:0x00236E70 | .rdata:0x00236F00 | .rdata:0x00236F30 | .rdata:0x00236F60 | .rdata:0x00236F90,1,1,covered-function-start
0x0011D1D0,6,.rdata:0x00236BB0 | .rdata:0x00236E74 | .rdata:0x00236F04 | .rdata:0x00236F34 | .rdata:0x00236F64 | .rdata:0x00236F94,1,1,covered-function-start
0x0011D290,1,.rdata:0x00236B94,0,0,internal-target-candidate
0x0011D2B0,1,.rdata:0x00236B98,1,1,covered-function-start
0x0011D300,1,.rdata:0x00236B9C,0,0,internal-target-candidate
0x0011D520,1,.rdata:0x00236BCC,1,1,covered-function-start
0x0011D550,40,.rdata:0x002292BC | .rdata:0x002292F4 | .rdata:0x002292F8 | .rdata:0x0022987C | .rdata:0x0022C6EC | .rdata:0x0022C77C | .rdata:0x0022C7AC | .rdata:0x0022CAD8 | .rdata:0x0022D5B4 | .rdata:0x0022E6FC | .rdata:0x0022EF8C | .rdata:0x0022F2E4 | .rdata:0x0022F408 | .rdata:0x0022F40C | .rdata:0x0022F4C8 | .rdata:0x0022F4CC | .rdata:0x0022F650 | .rdata:0x0022F654 | .rdata:0x0022F66C | .rdata:0x0022FA30 | .rdata:0x0022FA34 | .rdata:0x0022FA4C | .rdata:0x0022FE50 | .rdata:0x0022FE54 | .rdata:0x0022FE6C | .rdata:0x0022FFA0 | .rdata:0x0022FFA4 | .rdata:0x0022FFBC | .rdata:0x00232FFC | .rdata:0x002334CC | .rdata:0x00236AEC | .rdata:0x00236BE8 | .rdata:0x002370B4 | .rdata:0x0023714C | .rdata:0x0023746C | .rdata:0x0023754C | .rdata:0x00237758 | .rdata:0x00237974 | .rdata:0x00237D9C | .rdata:0x00237F0C,1,1,covered-function-start
0x0011D560,1,.rdata:0x00236BEC,1,1,covered-function-start
0x0011D5F0,1,.rdata:0x00236BF0,1,1,covered-function-start
0x0011D690,1,.rdata:0x00236BE0,1,1,covered-function-start
0x0011D770,1,.rdata:0x00236C88,1,1,covered-function-start
0x0011D930,1,.rdata:0x00236CA0,1,1,covered-function-start
0x0011DA00,1,.rdata:0x00236D28,1,1,covered-function-start
0x0011DA80,1,.rdata:0x00236D40,1,1,covered-function-start
0x0011DC20,2,.rdata:0x00236C10 | .rdata:0x00236CB0,1,1,covered-function-start
0x0011DC50,1,.rdata:0x00235F40,1,1,covered-function-start
0x0011DDB0,1,.rdata:0x00236C2C,0,1,internal-target-covered
0x0011DDD0,1,.rdata:0x00236CCC,1,1,covered-function-start
0x0011DE30,1,.rdata:0x00236C9C,1,1,covered-function-start
0x0011DEB0,1,.rdata:0x00236D3C,1,1,covered-function-start
0x0011E590,1,.rdata:0x00236738,1,1,covered-function-start
0x0011E8E0,1,.rdata:0x0023673C,1,1,covered-function-start
0x0011EE70,1,.rdata:0x00236E24,1,1,covered-function-start
0x0011EE90,1,.rdata:0x00236E28,1,1,covered-function-start
0x0011EEA0,2,.rdata:0x00236E30 | .rdata:0x00236E94,1,1,covered-function-start
0x0011EEC0,4,.rdata:0x00236734 | .rdata:0x00236750 | .rdata:0x00236E34 | .rdata:0x00236E98,1,1,covered-function-start
0x0011F590,1,.rdata:0x00236E2C,1,1,covered-function-start
0x0011F5E0,1,.rdata:0x00236754,1,1,covered-function-start
0x0011FA30,1,.rdata:0x00236758,0,1,internal-target-covered
0x00120140,1,.rdata:0x00236E58,1,1,covered-function-start
0x00120160,1,.rdata:0x00236E5C,1,1,covered-function-start
0x00120180,1,.rdata:0x00236E64,0,1,internal-target-covered
0x00120190,1,.rdata:0x00236E60,0,0,internal-target-candidate
0x001201C0,1,.rdata:0x00236E6C,1,1,covered-function-start
0x001202D0,1,.rdata:0x00236E78,1,1,covered-function-start
0x001204F0,1,.rdata:0x00236E88,1,1,covered-function-start
0x00120510,1,.rdata:0x00236E8C,1,1,covered-function-start
0x00120530,1,.rdata:0x00236E90,0,0,internal-target-candidate
0x00120560,1,.rdata:0x00236E9C,1,1,covered-function-start
0x00120960,1,.rdata:0x00236EA0,1,1,covered-function-start
0x00120F70,1,.rdata:0x00236EB0,1,1,covered-function-start
0x00120F90,1,.rdata:0x00236EB4,1,1,covered-function-start
0x00120FB0,1,.rdata:0x00236EB8,0,0,internal-target-candidate
0x00120FE0,1,.rdata:0x00236EBC,1,1,covered-function-start
0x001210D0,1,.rdata:0x00236ECC,1,1,covered-function-start
0x001210F0,1,.rdata:0x00236ED0,1,1,covered-function-start
0x00121110,1,.rdata:0x00236ED4,0,0,internal-target-candidate
0x00121140,1,.rdata:0x00236ED8,1,1,covered-function-start
0x001211C0,1,.rdata:0x00236EE8,1,1,covered-function-start
0x001211E0,1,.rdata:0x00236EEC,1,1,covered-function-start
0x001211F0,1,.rdata:0x00236F08,1,1,covered-function-start
0x001212C0,1,.rdata:0x00236EFC,1,1,covered-function-start
0x001217D0,1,.rdata:0x00236F18,1,1,covered-function-start
0x001217F0,1,.rdata:0x00236F1C,1,1,covered-function-start
0x00121800,3,.rdata:0x00236F38 | .rdata:0x00236F68 | .rdata:0x00236F98,1,1,covered-function-start
0x00121830,1,.rdata:0x00236F48,1,1,covered-function-start
0x00121850,1,.rdata:0x00236F4C,1,1,covered-function-start
0x00121860,1,.rdata:0x00236F5C,1,1,covered-function-start
0x00121A90,1,.rdata:0x00236F78,1,1,covered-function-start
0x00121AB0,1,.rdata:0x00236F7C,1,1,covered-function-start
0x00121AC0,4,.rdata:0x00236EF0 | .rdata:0x00236F20 | .rdata:0x00236F50 | .rdata:0x00236F80,1,1,covered-function-start
0x00121AE0,1,.rdata:0x00236F8C,1,1,covered-function-start
0x00121C80,1,.rdata:0x00236FA8,0,0,internal-target-candidate
0x00121CA0,1,.rdata:0x00236FAC,1,1,covered-function-start
0x00121CB0,2,.rdata:0x00235A30 | .rdata:0x00235DCC,1,1,covered-function-start
0x00121CD0,1,.rdata:0x00236FB0,1,1,covered-function-start
0x00122600,1,.rdata:0x002367A8,1,1,covered-function-start
0x001236B0,1,.rdata:0x002370A8,1,1,covered-function-start
0x001236D0,1,.rdata:0x002370AC,1,1,covered-function-start
0x001236E0,1,.rdata:0x002370B0,1,1,covered-function-start
0x00123700,1,.rdata:0x0023718C,1,1,covered-function-start
0x00123750,1,.rdata:0x00237190,1,1,covered-function-start
0x001237A0,2,.rdata:0x00237094 | .rdata:0x0023709C,1,1,covered-function-start
0x00123960,1,.rdata:0x00237140,1,1,covered-function-start
0x00123980,1,.rdata:0x00237144,1,1,covered-function-start
0x00123990,1,.rdata:0x00237160,1,1,covered-function-start
0x001239C0,1,.rdata:0x0023715C,1,1,covered-function-start
0x001239F0,1,.rdata:0x00237170,1,1,covered-function-start
0x00123AA0,1,.rdata:0x00237174,1,1,covered-function-start
0x00123B50,1,.rdata:0x00237168,1,1,covered-function-start
0x00123B90,1,.rdata:0x00237158,1,1,covered-function-start
0x00123C00,1,.rdata:0x00237154,1,1,covered-function-start
0x00123C70,1,.rdata:0x0023716C,1,1,covered-function-start
0x00123F70,1,.rdata:0x00237148,0,1,internal-target-covered
0x00124192,1,.rdata:0x0023CE6C,0,0,internal-target-candidate
0x001246E0,3,.rdata:0x00235CBC | .rdata:0x002371F4 | .rdata:0x0023CBC4,1,1,covered-function-start
0x00124750,2,.rdata:0x00235CB8 | .rdata:0x002371F0,1,1,covered-function-start
0x00124870,2,.rdata:0x00235CCC | .rdata:0x00237204,1,1,covered-function-start
0x00124890,2,.rdata:0x00235CD0 | .rdata:0x00237208,1,1,covered-function-start
0x00124910,2,.rdata:0x00235D10 | .rdata:0x00237248,1,1,covered-function-start
0x00124930,2,.rdata:0x00235D14 | .rdata:0x0023724C,1,1,covered-function-start
0x00124950,2,.rdata:0x00235CF0 | .rdata:0x00237228,1,1,covered-function-start
0x00124980,2,.rdata:0x00235CF4 | .rdata:0x0023722C,1,1,covered-function-start
0x001249B0,2,.rdata:0x00235CF8 | .rdata:0x00237230,1,1,covered-function-start
0x001249E0,2,.rdata:0x00235CFC | .rdata:0x00237234,1,1,covered-function-start
0x00124A10,2,.rdata:0x00235D18 | .rdata:0x00237250,1,1,covered-function-start
0x00124A40,2,.rdata:0x00235CE0 | .rdata:0x00237218,1,1,covered-function-start
0x00124A70,2,.rdata:0x00235CDC | .rdata:0x00237214,1,1,covered-function-start
0x00124AA0,2,.rdata:0x00235CC4 | .rdata:0x002371FC,1,1,covered-function-start
0x00124AE0,2,.rdata:0x00235CC0 | .rdata:0x002371F8,1,1,covered-function-start
0x00124B30,2,.rdata:0x00235CC8 | .rdata:0x00237200,1,1,covered-function-start
0x00124B60,2,.rdata:0x00235CD4 | .rdata:0x0023720C,1,1,covered-function-start
0x00124C50,2,.rdata:0x00235D28 | .rdata:0x00237260,1,1,covered-function-start
0x00124C90,2,.rdata:0x00235D30 | .rdata:0x00237268,1,1,covered-function-start
0x00124CB0,2,.rdata:0x00235D44 | .rdata:0x0023727C,1,1,covered-function-start
0x00124CE0,2,.rdata:0x00235D48 | .rdata:0x00237280,1,1,covered-function-start
0x00124D10,2,.rdata:0x00235D4C | .rdata:0x00237284,1,1,covered-function-start
0x00124D60,2,.rdata:0x00235D50 | .rdata:0x00237288,1,1,covered-function-start
0x00124EB0,1,.rdata:0x002371E0,1,1,covered-function-start
0x00124ED0,1,.rdata:0x002371E4,1,1,covered-function-start
0x00124F40,2,.rdata:0x00235CE8 | .rdata:0x00237220,0,1,internal-target-covered
0x00124F80,2,.rdata:0x00235D2C | .rdata:0x00237264,1,1,covered-function-start
0x00124FA0,2,.rdata:0x00235D34 | .rdata:0x0023726C,1,1,covered-function-start
0x00125020,2,.rdata:0x00235D38 | .rdata:0x00237270,1,1,covered-function-start
0x00125040,2,.rdata:0x00235D3C | .rdata:0x00237274,1,1,covered-function-start
0x001250C0,2,.rdata:0x00235D40 | .rdata:0x00237278,1,1,covered-function-start
0x001250E0,2,.rdata:0x00235D58 | .rdata:0x00237290,1,1,covered-function-start
0x001252A0,2,.rdata:0x00235D5C | .rdata:0x00237294,1,1,covered-function-start
0x00125440,1,.rdata:0x002371E8,1,1,covered-function-start
0x00125CD0,1,.rdata:0x00237320,1,1,covered-function-start
0x00126210,2,.rdata:0x002373B4 | .rdata:0x00237C64,0,1,internal-target-covered
0x00126230,2,.rdata:0x002373BC | .rdata:0x00237C6C,1,1,covered-function-start
0x00126250,2,.rdata:0x00237430 | .rdata:0x00237CE0,1,1,covered-function-start
0x00126280,1,.rdata:0x00237440,0,1,internal-target-covered
0x001266A0,2,.rdata:0x002373B0 | .rdata:0x00237C60,1,1,covered-function-start
0x00126720,2,.rdata:0x002373B8 | .rdata:0x00237C68,1,1,covered-function-start
0x001267B0,2,.rdata:0x0023738C | .rdata:0x00237C3C,1,1,covered-function-start
0x00126840,2,.rdata:0x002373A8 | .rdata:0x00237C58,1,1,covered-function-start
0x00126A40,2,.rdata:0x002373D0 | .rdata:0x00237C80,1,1,covered-function-start
0x00126C10,1,.rdata:0x00237358,1,1,covered-function-start
0x001271E0,1,.rdata:0x00237338,1,1,covered-function-start
0x001274D0,1,.rdata:0x00237368,1,1,covered-function-start
0x00127500,1,.rdata:0x0023736C,1,1,covered-function-start
0x00127510,1,.rdata:0x00237348,1,1,covered-function-start
0x00127C60,1,.rdata:0x00237334,1,1,covered-function-start
0x00127CB0,1,.rdata:0x0023733C,1,1,covered-function-start
0x00127E30,1,.rdata:0x00237370,1,1,covered-function-start
0x00127E50,1,.rdata:0x002373C0,1,1,covered-function-start
0x001287D0,2,.rdata:0x00237378 | .rdata:0x00237C28,0,1,internal-target-covered
0x00128910,1,.rdata:0x002373C8,1,1,covered-function-start
0x00128920,1,.rdata:0x002373CC,1,1,covered-function-start
0x001289B0,1,.rdata:0x00237460,1,1,covered-function-start
0x001289E0,1,.rdata:0x00237464,1,1,covered-function-start
0x00128A60,1,.rdata:0x00237468,0,1,internal-target-covered
0x00128A90,1,.rdata:0x002374F0,1,1,covered-function-start
0x00128B20,5,.rdata:0x002374B0 | .rdata:0x00237590 | .rdata:0x002379B8 | .rdata:0x00237DE0 | .rdata:0x00237F50,1,1,covered-function-start
0x00128B30,6,.rdata:0x0022C7C0 | .rdata:0x00237480 | .rdata:0x00237560 | .rdata:0x00237988 | .rdata:0x00237DB0 | .rdata:0x00237F20,1,1,covered-function-start
0x00128B80,6,.rdata:0x0022C7BC | .rdata:0x0023747C | .rdata:0x0023755C | .rdata:0x00237984 | .rdata:0x00237DAC | .rdata:0x00237F1C,1,1,covered-function-start
0x00128BE0,6,.rdata:0x0022C7C8 | .rdata:0x00237488 | .rdata:0x00237568 | .rdata:0x00237990 | .rdata:0x00237DB8 | .rdata:0x00237F28,1,1,covered-function-start
0x00128C80,6,.rdata:0x0022C7D4 | .rdata:0x00237494 | .rdata:0x00237574 | .rdata:0x0023799C | .rdata:0x00237DC4 | .rdata:0x00237F34,1,1,covered-function-start
0x00128CE0,6,.rdata:0x0022C7D0 | .rdata:0x00237490 | .rdata:0x00237570 | .rdata:0x00237998 | .rdata:0x00237DC0 | .rdata:0x00237F30,1,1,covered-function-start
0x00128D60,6,.rdata:0x0022C824 | .rdata:0x002374E4 | .rdata:0x002375C4 | .rdata:0x002379EC | .rdata:0x00237E14 | .rdata:0x00237F84,1,1,covered-function-start
0x00128E60,6,.rdata:0x0022C82C | .rdata:0x002374EC | .rdata:0x002375CC | .rdata:0x002379F4 | .rdata:0x00237E1C | .rdata:0x00237F8C,1,1,covered-function-start
0x00128F50,5,.rdata:0x002374AC | .rdata:0x0023758C | .rdata:0x002379B4 | .rdata:0x00237DDC | .rdata:0x00237F4C,1,1,covered-function-start
0x00128FB0,6,.rdata:0x0022C7B8 | .rdata:0x00237478 | .rdata:0x00237558 | .rdata:0x00237980 | .rdata:0x00237DA8 | .rdata:0x00237F18,1,1,covered-function-start
0x00129050,6,.rdata:0x0022C7B4 | .rdata:0x00237474 | .rdata:0x00237554 | .rdata:0x0023797C | .rdata:0x00237DA4 | .rdata:0x00237F14,1,1,covered-function-start
0x00129100,6,.rdata:0x0022C7CC | .rdata:0x0023748C | .rdata:0x0023756C | .rdata:0x00237994 | .rdata:0x00237DBC | .rdata:0x00237F2C,1,1,covered-function-start
0x00129A10,1,.rdata:0x00237540,0,0,internal-target-candidate
0x00129A30,1,.rdata:0x00237544,1,1,covered-function-start
0x0012A690,1,.rdata:0x00237530,1,1,covered-function-start
0x0012A6E0,1,.rdata:0x00237538,1,1,covered-function-start
0x0012A730,1,.rdata:0x00237548,0,0,internal-target-candidate
0x0012A9F0,14,.rdata:0x0022C7FC | .rdata:0x00237104 | .rdata:0x0023719C | .rdata:0x002374BC | .rdata:0x0023759C | .rdata:0x00237654 | .rdata:0x00237824 | .rdata:0x002379C4 | .rdata:0x00237A6C | .rdata:0x00237B7C | .rdata:0x00237DEC | .rdata:0x00237E94 | .rdata:0x00237F5C | .rdata:0x0023811C,1,1,covered-function-start
0x0012AA40,15,.rdata:0x0022C820 | .rdata:0x00237128 | .rdata:0x002371C0 | .rdata:0x002374E0 | .rdata:0x002375C0 | .rdata:0x00237678 | .rdata:0x00237848 | .rdata:0x002379E8 | .rdata:0x00237A90 | .rdata:0x00237BA0 | .rdata:0x00237E10 | .rdata:0x00237EB8 | .rdata:0x00237F80 | .rdata:0x00238140 | .rdata:0x00238200,1,1,covered-function-start
0x0012AA50,15,.rdata:0x0022C818 | .rdata:0x00237120 | .rdata:0x002371B8 | .rdata:0x002374D8 | .rdata:0x002375B8 | .rdata:0x00237670 | .rdata:0x00237840 | .rdata:0x002379E0 | .rdata:0x00237A88 | .rdata:0x00237B98 | .rdata:0x00237E08 | .rdata:0x00237EB0 | .rdata:0x00237F78 | .rdata:0x00238138 | .rdata:0x002381F8,1,1,covered-function-start
0x0012AA70,15,.rdata:0x0022C814 | .rdata:0x0023711C | .rdata:0x002371B4 | .rdata:0x002374D4 | .rdata:0x002375B4 | .rdata:0x0023766C | .rdata:0x0023783C | .rdata:0x002379DC | .rdata:0x00237A84 | .rdata:0x00237B94 | .rdata:0x00237E04 | .rdata:0x00237EAC | .rdata:0x00237F74 | .rdata:0x00238134 | .rdata:0x002381F4,1,1,covered-function-start
0x0012AA90,15,.rdata:0x0022C810 | .rdata:0x00237118 | .rdata:0x002371B0 | .rdata:0x002374D0 | .rdata:0x002375B0 | .rdata:0x00237668 | .rdata:0x00237838 | .rdata:0x002379D8 | .rdata:0x00237A80 | .rdata:0x00237B90 | .rdata:0x00237E00 | .rdata:0x00237EA8 | .rdata:0x00237F70 | .rdata:0x00238130 | .rdata:0x002381F0,1,1,covered-function-start
0x0012AAA0,15,.rdata:0x0022C81C | .rdata:0x00237124 | .rdata:0x002371BC | .rdata:0x002374DC | .rdata:0x002375BC | .rdata:0x00237674 | .rdata:0x00237844 | .rdata:0x002379E4 | .rdata:0x00237A8C | .rdata:0x00237B9C | .rdata:0x00237E0C | .rdata:0x00237EB4 | .rdata:0x00237F7C | .rdata:0x0023813C | .rdata:0x002381FC,1,1,covered-function-start
0x0012AAB0,15,.rdata:0x0022C7F8 | .rdata:0x00237100 | .rdata:0x00237198 | .rdata:0x002374B8 | .rdata:0x00237598 | .rdata:0x00237650 | .rdata:0x00237820 | .rdata:0x002379C0 | .rdata:0x00237A68 | .rdata:0x00237B78 | .rdata:0x00237DE8 | .rdata:0x00237E90 | .rdata:0x00237F58 | .rdata:0x00238118 | .rdata:0x002381D8,1,1,covered-function-start
0x0012AAE0,15,.rdata:0x0022C7F4 | .rdata:0x002370FC | .rdata:0x00237194 | .rdata:0x002374B4 | .rdata:0x00237594 | .rdata:0x0023764C | .rdata:0x0023781C | .rdata:0x002379BC | .rdata:0x00237A64 | .rdata:0x00237B74 | .rdata:0x00237DE4 | .rdata:0x00237E8C | .rdata:0x00237F54 | .rdata:0x00238114 | .rdata:0x002381D4,1,1,covered-function-start
0x0012AB10,15,.rdata:0x0022C808 | .rdata:0x00237110 | .rdata:0x002371A8 | .rdata:0x002374C8 | .rdata:0x002375A8 | .rdata:0x00237660 | .rdata:0x00237830 | .rdata:0x002379D0 | .rdata:0x00237A78 | .rdata:0x00237B88 | .rdata:0x00237DF8 | .rdata:0x00237EA0 | .rdata:0x00237F68 | .rdata:0x00238128 | .rdata:0x002381E8,1,1,covered-function-start
0x0012AB50,15,.rdata:0x0022C800 | .rdata:0x00237108 | .rdata:0x002371A0 | .rdata:0x002374C0 | .rdata:0x002375A0 | .rdata:0x00237658 | .rdata:0x00237828 | .rdata:0x002379C8 | .rdata:0x00237A70 | .rdata:0x00237B80 | .rdata:0x00237DF0 | .rdata:0x00237E98 | .rdata:0x00237F60 | .rdata:0x00238120 | .rdata:0x002381E0,1,1,covered-function-start
0x0012AB80,15,.rdata:0x0022C804 | .rdata:0x0023710C | .rdata:0x002371A4 | .rdata:0x002374C4 | .rdata:0x002375A4 | .rdata:0x0023765C | .rdata:0x0023782C | .rdata:0x002379CC | .rdata:0x00237A74 | .rdata:0x00237B84 | .rdata:0x00237DF4 | .rdata:0x00237E9C | .rdata:0x00237F64 | .rdata:0x00238124 | .rdata:0x002381E4,1,1,covered-function-start
0x0012ABC0,15,.rdata:0x0022C80C | .rdata:0x00237114 | .rdata:0x002371AC | .rdata:0x002374CC | .rdata:0x002375AC | .rdata:0x00237664 | .rdata:0x00237834 | .rdata:0x002379D4 | .rdata:0x00237A7C | .rdata:0x00237B8C | .rdata:0x00237DFC | .rdata:0x00237EA4 | .rdata:0x00237F6C | .rdata:0x0023812C | .rdata:0x002381EC,1,1,covered-function-start
0x0012AC10,51,.rdata:0x0022A7F8 | .rdata:0x0022C828 | .rdata:0x002303E0 | .rdata:0x0023044C | .rdata:0x002304A4 | .rdata:0x00230668 | .rdata:0x0023066C | .rdata:0x00230D00 | .rdata:0x00234C50 | .rdata:0x00237130 | .rdata:0x002371C8 | .rdata:0x002374E8 | .rdata:0x002375C8 | .rdata:0x00237680 | .rdata:0x00237850 | .rdata:0x002379F0 | .rdata:0x00237A98 | .rdata:0x00237BA8 | .rdata:0x00237D30 | .rdata:0x00237E18 | .rdata:0x00237EC0 | .rdata:0x00237F88 | .rdata:0x00238148 | .rdata:0x00238208 | .rdata:0x00238328 | .rdata:0x00239714 | .rdata:0x002398E0 | .rdata:0x00239900 | .rdata:0x00239924 | .rdata:0x00239944 | .rdata:0x00239998 | .rdata:0x002399B8 | .rdata:0x00239A08 | .rdata:0x00239A38 | .rdata:0x00239A58 | .rdata:0x00239A88 | .rdata:0x00239AA8 | .rdata:0x00239AE0 | .rdata:0x00239B00 | .rdata:0x00239B30 | .rdata:0x00239B60 | .rdata:0x00239B90 | .rdata:0x00239C08 | .rdata:0x00239C28 | .rdata:0x00239D0C | .rdata:0x00239D2C | .rdata:0x00239EC4 | .rdata:0x00239EE4 | .rdata:0x0023E434 | .rdata:0x00240000 | .rdata:0x00240020,1,1,covered-function-start
0x0012AD60,15,.rdata:0x0022C7D8 | .rdata:0x002370E0 | .rdata:0x00237178 | .rdata:0x00237498 | .rdata:0x00237578 | .rdata:0x00237630 | .rdata:0x00237800 | .rdata:0x002379A0 | .rdata:0x00237A48 | .rdata:0x00237B58 | .rdata:0x00237DC8 | .rdata:0x00237E70 | .rdata:0x00237F38 | .rdata:0x002380F8 | .rdata:0x002381B8,1,1,covered-function-start
0x0012ADC0,15,.rdata:0x0022C7DC | .rdata:0x002370E4 | .rdata:0x0023717C | .rdata:0x0023749C | .rdata:0x0023757C | .rdata:0x00237634 | .rdata:0x00237804 | .rdata:0x002379A4 | .rdata:0x00237A4C | .rdata:0x00237B5C | .rdata:0x00237DCC | .rdata:0x00237E74 | .rdata:0x00237F3C | .rdata:0x002380FC | .rdata:0x002381BC,1,1,covered-function-start
0x0012AED0,7,.rdata:0x00237648 | .rdata:0x00237818 | .rdata:0x00237A60 | .rdata:0x00237B70 | .rdata:0x00237E88 | .rdata:0x00238110 | .rdata:0x002381D0,1,1,covered-function-start
0x0012AEE0,1,.rdata:0x002375F8,0,0,internal-target-candidate
0x0012AF10,2,.rdata:0x002375FC | .rdata:0x00237884,1,1,covered-function-start
0x0012AFB0,1,.rdata:0x00237600,1,1,covered-function-start
0x0012B100,1,.rdata:0x00237698,1,1,covered-function-start
0x0012B1A0,1,.rdata:0x0023769C,1,1,covered-function-start
0x0012B3D0,1,.rdata:0x00237730,1,1,covered-function-start
0x0012B470,1,.rdata:0x00237774,1,1,covered-function-start
0x0012B4F0,1,.rdata:0x002376DC,1,1,covered-function-start
0x0012B560,1,.rdata:0x002376E4,0,1,internal-target-covered
0x0012B5F0,1,.rdata:0x00237750,1,1,covered-function-start
0x0012B600,1,.rdata:0x00237754,1,1,covered-function-start
0x0012B610,1,.rdata:0x00237728,1,1,covered-function-start
0x0012B680,1,.rdata:0x00237704,1,1,covered-function-start
0x0012B690,1,.rdata:0x00237700,0,1,internal-target-covered
0x0012B6A0,1,.rdata:0x00237724,0,1,internal-target-covered
0x0012B7E0,1,.rdata:0x002376E8,0,1,internal-target-covered
0x0012B800,1,.rdata:0x002376EC,1,1,covered-function-start
0x0012B810,1,.rdata:0x0023777C,1,1,covered-function-start
0x0012B840,1,.rdata:0x002377B0,1,1,covered-function-start
0x0012B850,1,.rdata:0x002377A8,1,1,covered-function-start
0x0012B860,3,.rdata:0x00237798 | .rdata:0x00238058 | .rdata:0x002382E8,1,1,covered-function-start
0x0012B870,3,.rdata:0x0023779C | .rdata:0x0023805C | .rdata:0x002382EC,1,1,covered-function-start
0x0012B880,4,.rdata:0x00235D20 | .rdata:0x00237258 | .rdata:0x00237760 | .rdata:0x00238020,1,1,covered-function-start
0x0012B920,1,.rdata:0x002376F8,1,1,covered-function-start
0x0012BB30,1,.rdata:0x00237778,1,1,covered-function-start
0x0012BBB0,1,.rdata:0x002376D0,1,1,covered-function-start
0x0012BE00,1,.rdata:0x002376E0,1,1,covered-function-start
0x0012BFA0,1,.rdata:0x002376F0,1,1,covered-function-start
0x0012C120,1,.rdata:0x002377C8,1,1,covered-function-start
0x0012C140,1,.rdata:0x002377CC,1,1,covered-function-start
0x0012C150,1,.rdata:0x00237854,1,1,covered-function-start
0x0012C270,1,.rdata:0x0023784C,1,1,covered-function-start
0x0012C340,1,.rdata:0x002377E8,1,1,covered-function-start
0x0012C3E0,1,.rdata:0x002377E4,1,1,covered-function-start
0x0012C480,1,.rdata:0x002377F8,1,1,covered-function-start
0x0012C4D0,1,.rdata:0x0023E7CC,1,1,covered-function-start
0x0012C5F0,7,.rdata:0x00237604 | .rdata:0x002377D4 | .rdata:0x00237A1C | .rdata:0x00237B2C | .rdata:0x00237E44 | .rdata:0x002380CC | .rdata:0x0023818C,1,1,covered-function-start
0x0012C610,7,.rdata:0x00237608 | .rdata:0x002377D8 | .rdata:0x00237A20 | .rdata:0x00237B30 | .rdata:0x00237E48 | .rdata:0x002380D0 | .rdata:0x00238190,1,1,covered-function-start
0x0012C740,1,.rdata:0x00237814,1,1,covered-function-start
0x0012C900,1,.rdata:0x002377E0,1,1,covered-function-start
0x0012CAB0,1,.rdata:0x002377DC,1,1,covered-function-start
0x0012CB90,1,.rdata:0x002377F4,1,1,covered-function-start
0x0012CD40,1,.rdata:0x002377F0,1,1,covered-function-start
0x0012CE10,1,.rdata:0x002377FC,1,1,covered-function-start
0x0012D690,1,.rdata:0x002377D0,1,1,covered-function-start
0x0012D7F0,3,.rdata:0x00237374 | .rdata:0x0023788C | .rdata:0x00237C24,1,1,covered-function-start
0x0012D800,3,.rdata:0x00237390 | .rdata:0x002378A8 | .rdata:0x00237C40,1,1,covered-function-start
0x0012D810,4,.rdata:0x0023737C | .rdata:0x002376FC | .rdata:0x00237894 | .rdata:0x00237C2C,1,1,covered-function-start
0x0012D840,1,.rdata:0x002378CC,1,1,covered-function-start
0x0012D870,1,.rdata:0x002378D4,1,1,covered-function-start
0x0012D8A0,3,.rdata:0x002373D4 | .rdata:0x002378EC | .rdata:0x00237C84,1,1,covered-function-start
0x0012DDA0,1,.rdata:0x00237948,1,1,covered-function-start
0x0012E020,1,.rdata:0x002378A4,1,1,covered-function-start
0x0012E0C0,1,.rdata:0x00237890,1,1,covered-function-start
0x0012E190,1,.rdata:0x002378D8,1,1,covered-function-start
0x0012E490,1,.rdata:0x002378E0,1,1,covered-function-start
0x0012E630,1,.rdata:0x002378E4,1,1,covered-function-start
0x0012E900,3,.rdata:0x002373A4 | .rdata:0x002378BC | .rdata:0x00237C54,1,1,covered-function-start
0x0012E960,3,.rdata:0x00237380 | .rdata:0x00237898 | .rdata:0x00237C30,1,1,covered-function-start
0x0012E9E0,3,.rdata:0x00237388 | .rdata:0x002378A0 | .rdata:0x00237C38,1,1,covered-function-start
0x0012EA40,3,.rdata:0x00237394 | .rdata:0x002378AC | .rdata:0x00237C44,1,1,covered-function-start
0x0012EB70,3,.rdata:0x00237398 | .rdata:0x002378B0 | .rdata:0x00237C48,1,1,covered-function-start
0x0012EBC0,3,.rdata:0x002373A0 | .rdata:0x002378B8 | .rdata:0x00237C50,1,1,covered-function-start
0x0012EC20,3,.rdata:0x0023739C | .rdata:0x002378B4 | .rdata:0x00237C4C,1,1,covered-function-start
0x0012EC80,1,.rdata:0x002378C0,1,1,covered-function-start
0x0012EE70,3,.rdata:0x002373AC | .rdata:0x002378C4 | .rdata:0x00237C5C,1,1,covered-function-start
0x0012EE90,1,.rdata:0x002378C8,0,1,internal-target-covered
0x0012EF10,1,.rdata:0x002378D0,1,1,covered-function-start
0x0012EF90,1,.rdata:0x002378E8,1,1,covered-function-start
0x0012F700,3,.rdata:0x002373F0 | .rdata:0x00237908 | .rdata:0x00237CA0,1,1,covered-function-start
0x0012F770,3,.rdata:0x002373F4 | .rdata:0x0023790C | .rdata:0x00237CA4,1,1,covered-function-start
0x0012F7D0,3,.rdata:0x002373F8 | .rdata:0x00237910 | .rdata:0x00237CA8,1,1,covered-function-start
0x0012F830,3,.rdata:0x002373FC | .rdata:0x00237914 | .rdata:0x00237CAC,1,1,covered-function-start
0x0012F890,3,.rdata:0x00237400 | .rdata:0x00237918 | .rdata:0x00237CB0,1,1,covered-function-start
0x0012F8F0,3,.rdata:0x00237404 | .rdata:0x0023791C | .rdata:0x00237CB4,1,1,covered-function-start
0x0012F950,3,.rdata:0x00237408 | .rdata:0x00237920 | .rdata:0x00237CB8,1,1,covered-function-start
0x0012F9B0,3,.rdata:0x0023740C | .rdata:0x00237924 | .rdata:0x00237CBC,1,1,covered-function-start
0x0012FA10,3,.rdata:0x00237410 | .rdata:0x00237928 | .rdata:0x00237CC0,1,1,covered-function-start
0x0012FA70,3,.rdata:0x002373E0 | .rdata:0x002378F8 | .rdata:0x00237C90,1,1,covered-function-start
0x0012FCA0,3,.rdata:0x00237418 | .rdata:0x00237930 | .rdata:0x00237CC8,1,1,covered-function-start
0x0012FE80,3,.rdata:0x00237414 | .rdata:0x0023792C | .rdata:0x00237CC4,1,1,covered-function-start
0x0012FEC0,3,.rdata:0x002373D8 | .rdata:0x002378F0 | .rdata:0x00237C88,1,1,covered-function-start
0x0012FF10,3,.rdata:0x00237434 | .rdata:0x0023794C | .rdata:0x00237CE4,1,1,covered-function-start
0x00130100,3,.rdata:0x00237428 | .rdata:0x00237940 | .rdata:0x00237CD8,1,1,covered-function-start
0x00130160,3,.rdata:0x00237438 | .rdata:0x00237950 | .rdata:0x00237CE8,1,1,covered-function-start
0x00130590,3,.rdata:0x002373E8 | .rdata:0x00237900 | .rdata:0x00237C98,1,1,covered-function-start
0x001305F0,3,.rdata:0x002373EC | .rdata:0x00237904 | .rdata:0x00237C9C,1,1,covered-function-start
0x00130B20,1,.rdata:0x00237880,0,0,internal-target-candidate
0x00130EA0,1,.rdata:0x00237888,1,1,covered-function-start
0x00130EC0,3,.rdata:0x0023741C | .rdata:0x00237934 | .rdata:0x00237CCC,1,1,covered-function-start
0x00131500,1,.rdata:0x00237968,1,1,covered-function-start
0x00131530,1,.rdata:0x0023796C,1,1,covered-function-start
0x00131600,1,.rdata:0x00237970,1,1,covered-function-start
0x00131630,1,.rdata:0x002379F8,1,1,covered-function-start
0x00131950,1,.rdata:0x00237A10,1,1,covered-function-start
0x00131980,1,.rdata:0x00237A14,1,1,covered-function-start
0x001319F0,1,.rdata:0x00237AB0,1,1,covered-function-start
0x00131A20,1,.rdata:0x00237AB4,1,1,covered-function-start
0x00131AB0,1,.rdata:0x00237A18,1,1,covered-function-start
0x001324C0,1,.rdata:0x00237B20,1,1,covered-function-start
0x001324E0,1,.rdata:0x00237B24,1,1,covered-function-start
0x001324F0,6,.rdata:0x0023768C | .rdata:0x00237AA4 | .rdata:0x00237BB4 | .rdata:0x00237ECC | .rdata:0x00238154 | .rdata:0x00238214,1,1,covered-function-start
0x00132530,6,.rdata:0x00237690 | .rdata:0x00237AA8 | .rdata:0x00237BB8 | .rdata:0x00237ED0 | .rdata:0x00238158 | .rdata:0x00238218,1,1,covered-function-start
0x00132570,6,.rdata:0x00237688 | .rdata:0x00237AA0 | .rdata:0x00237BB0 | .rdata:0x00237EC8 | .rdata:0x00238150 | .rdata:0x00238210,1,1,covered-function-start
0x00132690,6,.rdata:0x0023767C | .rdata:0x00237A94 | .rdata:0x00237BA4 | .rdata:0x00237EBC | .rdata:0x00238144 | .rdata:0x00238204,1,1,covered-function-start
0x00132770,6,.rdata:0x00237618 | .rdata:0x00237A30 | .rdata:0x00237B40 | .rdata:0x00237E58 | .rdata:0x002380E0 | .rdata:0x002381A0,1,1,covered-function-start
0x001327F0,6,.rdata:0x00237614 | .rdata:0x00237A2C | .rdata:0x00237B3C | .rdata:0x00237E54 | .rdata:0x002380DC | .rdata:0x0023819C,1,1,covered-function-start
0x00132880,6,.rdata:0x00237620 | .rdata:0x00237A38 | .rdata:0x00237B48 | .rdata:0x00237E60 | .rdata:0x002380E8 | .rdata:0x002381A8,1,1,covered-function-start
0x001328D0,14,.rdata:0x0022C7C4 | .rdata:0x00237164 | .rdata:0x00237484 | .rdata:0x00237564 | .rdata:0x0023761C | .rdata:0x002377EC | .rdata:0x0023798C | .rdata:0x00237A34 | .rdata:0x00237B44 | .rdata:0x00237DB4 | .rdata:0x00237E5C | .rdata:0x00237F24 | .rdata:0x002380E4 | .rdata:0x002381A4,1,1,covered-function-start
0x00132900,6,.rdata:0x00237628 | .rdata:0x00237A40 | .rdata:0x00237B50 | .rdata:0x00237E68 | .rdata:0x002380F0 | .rdata:0x002381B0,1,1,covered-function-start
0x001329B0,2,.rdata:0x00237AF4 | .rdata:0x00237BC8,1,1,covered-function-start
0x001329E0,6,.rdata:0x00237694 | .rdata:0x00237AAC | .rdata:0x00237BBC | .rdata:0x00237ED4 | .rdata:0x0023815C | .rdata:0x0023821C,1,1,covered-function-start
0x00132B70,6,.rdata:0x00237644 | .rdata:0x00237A5C | .rdata:0x00237B6C | .rdata:0x00237E84 | .rdata:0x0023810C | .rdata:0x002381CC,1,1,covered-function-start
0x00132E90,6,.rdata:0x00237610 | .rdata:0x00237A28 | .rdata:0x00237B38 | .rdata:0x00237E50 | .rdata:0x002380D8 | .rdata:0x00238198,1,1,covered-function-start
0x00133030,6,.rdata:0x0023760C | .rdata:0x00237A24 | .rdata:0x00237B34 | .rdata:0x00237E4C | .rdata:0x002380D4 | .rdata:0x00238194,1,1,covered-function-start
0x00133100,6,.rdata:0x00237624 | .rdata:0x00237A3C | .rdata:0x00237B4C | .rdata:0x00237E64 | .rdata:0x002380EC | .rdata:0x002381AC,1,1,covered-function-start
0x00133220,6,.rdata:0x0023762C | .rdata:0x00237A44 | .rdata:0x00237B54 | .rdata:0x00237E6C | .rdata:0x002380F4 | .rdata:0x002381B4,1,1,covered-function-start
0x00133290,1,.rdata:0x00237B28,1,1,covered-function-start
0x001332C0,5,.rdata:0x00237684 | .rdata:0x00237A9C | .rdata:0x00237BAC | .rdata:0x00237EC4 | .rdata:0x0023814C,1,1,covered-function-start
0x001338B0,1,.rdata:0x00237C74,1,1,covered-function-start
0x001338D0,1,.rdata:0x00237C70,1,1,covered-function-start
0x001338E0,1,.rdata:0x00237C78,0,1,internal-target-covered
0x00133900,1,.rdata:0x00237CD0,1,1,covered-function-start
0x001339E0,1,.rdata:0x00237CD4,0,1,internal-target-covered
0x001339F0,1,.rdata:0x00237CF0,1,1,covered-function-start
0x00133B20,1,.rdata:0x00237C18,1,1,covered-function-start
0x00133B50,1,.rdata:0x00237C1C,1,1,covered-function-start
0x00133B60,1,.rdata:0x00237C04,1,1,covered-function-start
0x00133B70,1,.rdata:0x00237C7C,0,1,internal-target-covered
0x00133DA0,1,.rdata:0x00237C20,1,1,covered-function-start
0x00133E90,2,.rdata:0x0022A7FC | .rdata:0x00237D34,0,1,internal-target-covered
0x00133EF0,2,.rdata:0x0022A800 | .rdata:0x00237D38,0,1,internal-target-covered
0x00134510,2,.rdata:0x0022A814 | .rdata:0x00237D4C,1,1,covered-function-start
0x001346D0,1,.rdata:0x00237D3C,1,1,covered-function-start
0x001346E0,1,.rdata:0x00237D0C,0,0,internal-target-candidate
0x00134A40,1,.rdata:0x00237D90,1,1,covered-function-start
0x00134A70,1,.rdata:0x00237D94,1,1,covered-function-start
0x00134A80,1,.rdata:0x00237E20,1,1,covered-function-start
0x00134AB0,1,.rdata:0x00237D98,1,1,covered-function-start
0x00134B20,1,.rdata:0x00237E38,1,1,covered-function-start
0x00134B50,1,.rdata:0x00237E3C,1,1,covered-function-start
0x00134C40,1,.rdata:0x00237E40,1,1,covered-function-start
0x00134D30,1,.rdata:0x00237ED8,1,1,covered-function-start
0x00134DF0,1,.rdata:0x00237EDC,1,1,covered-function-start
0x00134FB0,2,.rdata:0x0022C830 | .rdata:0x00237F90,1,1,covered-function-start
0x001350D0,1,.rdata:0x00237F00,0,0,internal-target-candidate
0x00135100,1,.rdata:0x00237F04,1,1,covered-function-start
0x00135140,1,.rdata:0x00237F08,1,1,covered-function-start
0x00135190,1,.rdata:0x00237FCC,1,1,covered-function-start
0x001351A0,1,.rdata:0x00237FD0,0,1,internal-target-covered
0x001351B0,1,.rdata:0x00237FBC,0,1,internal-target-covered
0x001351E0,1,.rdata:0x00238000,1,1,covered-function-start
0x001354E0,1,.rdata:0x00238008,1,1,covered-function-start
0x00135520,1,.rdata:0x0023800C,0,1,internal-target-covered
0x001355F0,1,.rdata:0x00238014,1,1,covered-function-start
0x00135600,1,.rdata:0x00237FF0,1,1,covered-function-start
0x00135620,2,.rdata:0x00237734 | .rdata:0x00237FF4,1,1,covered-function-start
0x00135630,1,.rdata:0x00237FF8,0,1,internal-target-covered
0x00135650,1,.rdata:0x00237FFC,1,1,covered-function-start
0x00135660,1,.rdata:0x00238018,0,1,internal-target-covered
0x00135690,1,.rdata:0x00237FB4,1,1,covered-function-start
0x001356A0,1,.rdata:0x00237FA4,1,1,covered-function-start
0x001357A0,1,.rdata:0x00237FB8,1,1,covered-function-start
0x00135890,1,.rdata:0x00238010,1,1,covered-function-start
0x00135970,1,.rdata:0x00237FA8,1,1,covered-function-start
0x00135990,1,.rdata:0x00237FAC,1,1,covered-function-start
0x001359A0,1,.rdata:0x00238028,1,1,covered-function-start
0x001359E0,1,.rdata:0x0023802C,1,1,covered-function-start
0x001359F0,1,.rdata:0x00238030,0,1,internal-target-covered
0x00135A10,1,.rdata:0x00238034,1,1,covered-function-start
0x00135A20,1,.rdata:0x00238038,0,1,internal-target-covered
0x00135A30,1,.rdata:0x0023803C,0,1,internal-target-covered
0x00135A40,1,.rdata:0x00238040,0,1,internal-target-covered
0x00135A50,1,.rdata:0x00238044,0,1,internal-target-covered
0x00135A60,1,.rdata:0x00238048,0,1,internal-target-covered
0x00135A70,1,.rdata:0x0023804C,0,1,internal-target-covered
0x00135A80,1,.rdata:0x00238050,0,1,internal-target-covered
0x00135E60,1,.rdata:0x00237FB0,1,1,covered-function-start
0x00135F00,1,.rdata:0x00238090,1,1,covered-function-start
0x00135F30,1,.rdata:0x00238088,1,1,covered-function-start
0x00136080,1,.rdata:0x00238080,1,1,covered-function-start
0x001360B0,1,.rdata:0x0023807C,1,1,covered-function-start
0x001360E0,1,.rdata:0x0023808C,1,1,covered-function-start
0x001360F0,1,.rdata:0x00238084,0,0,internal-target-candidate
0x00136100,1,.rdata:0x00238094,0,1,internal-target-covered
0x00136380,1,.rdata:0x002380C0,1,1,covered-function-start
0x001363B0,1,.rdata:0x002380C4,1,1,covered-function-start
0x00136470,1,.rdata:0x00238160,1,1,covered-function-start
0x00136570,2,.rdata:0x00238164 | .rdata:0x00238224,1,1,covered-function-start
0x00136600,1,.rdata:0x002380C8,1,1,covered-function-start
0x00136C90,1,.rdata:0x00238180,1,1,covered-function-start
0x00136CC0,1,.rdata:0x00238184,1,1,covered-function-start
0x00136CF0,1,.rdata:0x002381DC,0,1,internal-target-covered
0x00136D40,1,.rdata:0x00238188,1,1,covered-function-start
0x00136DF0,1,.rdata:0x00238220,1,1,covered-function-start
0x00137520,1,.rdata:0x0023820C,1,1,covered-function-start
0x00137660,1,.rdata:0x00238238,1,1,covered-function-start
0x00137680,1,.rdata:0x0023823C,1,1,covered-function-start
0x001376A0,5,.rdata:0x00237384 | .rdata:0x0023789C | .rdata:0x00237C34 | .rdata:0x00237FC4 | .rdata:0x00238254,1,1,covered-function-start
0x001376B0,2,.rdata:0x00237FC0 | .rdata:0x00238250,0,1,internal-target-covered
0x001376E0,3,.rdata:0x00237708 | .rdata:0x00237FC8 | .rdata:0x00238258,1,1,covered-function-start
0x001376F0,4,.rdata:0x00235CB4 | .rdata:0x002371EC | .rdata:0x002376F4 | .rdata:0x00238244,0,1,internal-target-covered
0x00137710,3,.rdata:0x00237714 | .rdata:0x00237FD4 | .rdata:0x00238264,1,1,covered-function-start
0x00137790,5,.rdata:0x00235CD8 | .rdata:0x00237210 | .rdata:0x00237718 | .rdata:0x00237FD8 | .rdata:0x00238268,1,1,covered-function-start
0x001377B0,3,.rdata:0x00237720 | .rdata:0x00237FE0 | .rdata:0x00238270,1,1,covered-function-start
0x001377C0,3,.rdata:0x0023771C | .rdata:0x00237FDC | .rdata:0x0023826C,0,1,internal-target-covered
0x001377D0,4,.rdata:0x00235CE4 | .rdata:0x0023721C | .rdata:0x00237FE4 | .rdata:0x00238274,0,1,internal-target-covered
0x001377E0,5,.rdata:0x00235CEC | .rdata:0x00237224 | .rdata:0x0023772C | .rdata:0x00237FEC | .rdata:0x0023827C,0,1,internal-target-covered
0x001377F0,1,.rdata:0x00238280,0,0,internal-target-candidate
0x00137800,1,.rdata:0x00238284,0,0,internal-target-candidate
0x00137810,2,.rdata:0x00237738 | .rdata:0x00238288,0,1,internal-target-covered
0x00137820,2,.rdata:0x0023773C | .rdata:0x0023828C,0,1,internal-target-covered
0x00137830,1,.rdata:0x002382A0,0,0,internal-target-candidate
0x00137840,1,.rdata:0x002382A4,1,1,covered-function-start
0x00137850,8,.rdata:0x00235D1C | .rdata:0x00237254 | .rdata:0x002373DC | .rdata:0x0023775C | .rdata:0x002378F4 | .rdata:0x00237C8C | .rdata:0x0023801C | .rdata:0x002382AC,0,1,internal-target-covered
0x00137870,1,.rdata:0x002382B0,1,1,covered-function-start
0x00137880,1,.rdata:0x00238240,1,1,covered-function-start
0x001378B0,2,.rdata:0x00237FE8 | .rdata:0x00238278,1,1,covered-function-start
0x001378C0,4,.rdata:0x00235D68 | .rdata:0x002372A0 | .rdata:0x00238068 | .rdata:0x002382F8,1,1,covered-function-start
0x00137920,8,.rdata:0x00235D6C | .rdata:0x002372A4 | .rdata:0x0023742C | .rdata:0x002377AC | .rdata:0x00237944 | .rdata:0x00237CDC | .rdata:0x0023806C | .rdata:0x002382FC,1,1,covered-function-start
0x00137BC0,1,.rdata:0x00238320,1,1,covered-function-start
0x00137C00,1,.rdata:0x00238310,1,1,covered-function-start
0x00137C40,2,.rdata:0x00238318 | .rdata:0x00239704,1,1,covered-function-start
0x00137D50,3,.rdata:0x0023830C | .rdata:0x00238350 | .rdata:0x00238370,1,1,covered-function-start
0x00137DC0,2,.rdata:0x00238364 | .rdata:0x00238384,1,1,covered-function-start
0x00137DF0,1,.rdata:0x00238360,1,1,covered-function-start
0x00137EE0,1,.rdata:0x00238358,1,1,covered-function-start
0x001380F0,1,.rdata:0x0023836C,1,1,covered-function-start
0x001381F0,1,.rdata:0x00238374,1,1,covered-function-start
0x00138250,1,.rdata:0x00238378,1,1,covered-function-start
0x00138290,1,.rdata:0x0023838C,1,1,covered-function-start
0x001382B0,5,.rdata:0x002370A0 | .rdata:0x00237134 | .rdata:0x00237528 | .rdata:0x00238338 | .rdata:0x00238340,1,1,covered-function-start
0x001382E0,4,.rdata:0x00237510 | .rdata:0x00237518 | .rdata:0x00237520 | .rdata:0x00238348,1,1,covered-function-start
0x00138310,1,.rdata:0x0023835C,1,1,covered-function-start
0x001386C0,1,.rdata:0x00238380,1,1,covered-function-start
0x00138720,1,.rdata:0x0023837C,1,1,covered-function-start
0x00138860,1,.rdata:0x00237BE8,1,1,covered-function-start
0x00138880,1,.rdata:0x00237BEC,1,1,covered-function-start
0x001388F0,1,.rdata:0x00238430,1,1,covered-function-start
0x00138970,1,.rdata:0x00238428,1,1,covered-function-start
0x00138990,1,.rdata:0x0023842C,1,1,covered-function-start
0x00138B10,1,.rdata:0x002383F8,1,1,covered-function-start
0x00138C30,1,.rdata:0x00238440,1,1,covered-function-start
0x00139A80,1,.rdata:0x0023FF50,0,1,internal-target-covered
0x00139A8E,2,.data:0x00259798 | .data:0x0025979C,1,1,covered-function-start
0x00139AC7,1,.data:0x00259794,1,1,covered-function-start
0x00139ADB,336,.rdata:0x00225D44 | .rdata:0x00225DA8 | .rdata:0x00225DAC | .rdata:0x00225DC0 | .rdata:0x00225DC4 | .rdata:0x00226138 | .rdata:0x0022613C | .rdata:0x00226150 | .rdata:0x00226154 | .rdata:0x00226638 | .rdata:0x0022663C | .rdata:0x00226810 | .rdata:0x00226814 | .rdata:0x00226828 | .rdata:0x0022682C | .rdata:0x00226F48 | .rdata:0x00227344 | .rdata:0x002276D4 | .rdata:0x00227918 | .rdata:0x00228A6C | .rdata:0x00228C24 | .rdata:0x00228C28 | .rdata:0x00228C2C | .rdata:0x00228C30 | .rdata:0x00229120 | .rdata:0x00229124 | .rdata:0x00229128 | .rdata:0x0022912C | .rdata:0x00229130 | .rdata:0x00229134 | .rdata:0x00229138 | .rdata:0x0022913C | .rdata:0x00229140 | .rdata:0x00229144 | .rdata:0x00229148 | .rdata:0x0022914C | .rdata:0x00229150 | .rdata:0x00229154 | .rdata:0x00229158 | .rdata:0x0022915C | .rdata:0x00229160 | .rdata:0x00229164 | .rdata:0x00229168 | .rdata:0x0022916C | .rdata:0x00229170 | .rdata:0x00229174 | .rdata:0x00229178 | .rdata:0x0022917C | .rdata:0x00229180 | .rdata:0x00229184 | .rdata:0x00229188 | .rdata:0x00229190 | .rdata:0x00229194 | .rdata:0x00229198 | .rdata:0x0022919C | .rdata:0x002291A0 | .rdata:0x002291A4 | .rdata:0x002291A8 | .rdata:0x002291AC | .rdata:0x002291B0 | .rdata:0x002291B8 | .rdata:0x002291BC | .rdata:0x002291C0 | .rdata:0x002291C4 | .rdata:0x002291C8 | .rdata:0x002291CC | .rdata:0x002291D0 | .rdata:0x002291D4 | .rdata:0x002291D8 | .rdata:0x002291DC | .rdata:0x002291E0 | .rdata:0x002291E4 | .rdata:0x002291E8 | .rdata:0x002297B8 | .rdata:0x00229804 | .rdata:0x0022A6B4 | .rdata:0x0022AE84 | .rdata:0x0022AE88 | .rdata:0x0022AE8C | .rdata:0x0022AE90 | .rdata:0x0022AE94 | .rdata:0x0022AE98 | .rdata:0x0022AE9C | .rdata:0x0022AEA0 | .rdata:0x0022AEA4 | .rdata:0x0022AEA8 | .rdata:0x0022AEB0 | .rdata:0x0022AEB4 | .rdata:0x0022AEB8 | .rdata:0x0022AECC | .rdata:0x0022AED0 | .rdata:0x0022AED4 | .rdata:0x0022AED8 | .rdata:0x0022AEDC | .rdata:0x0022AEE0 | .rdata:0x0022AEE4 | .rdata:0x0022AEE8 | .rdata:0x0022AEEC | .rdata:0x0022AEF0 | .rdata:0x0022AEF8 | .rdata:0x0022AEFC | .rdata:0x0022AF00 | .rdata:0x0022B8A4 | .rdata:0x0022B9F4 | .rdata:0x0022C0C0 | .rdata:0x0022C0C8 | .rdata:0x0022C0CC | .rdata:0x0022C0D0 | .rdata:0x0022C0D4 | .rdata:0x0022C0D8 | .rdata:0x0022C0E4 | .rdata:0x0022C0E8 | .rdata:0x0022C0EC | .rdata:0x0022C0F0 | .rdata:0x0022C0F4 | .rdata:0x0022C0F8 | .rdata:0x0022C0FC | .rdata:0x0022C100 | .rdata:0x0022C104 | .rdata:0x0022C108 | .rdata:0x0022C884 | .rdata:0x0022C888 | .rdata:0x0022C88C | .rdata:0x0022C890 | .rdata:0x0022C894 | .rdata:0x0022C898 | .rdata:0x0022C89C | .rdata:0x0022D430 | .rdata:0x0022D51C | .rdata:0x0022D520 | .rdata:0x0022D580 | .rdata:0x0022D598 | .rdata:0x0022D59C | .rdata:0x0022D5A0 | .rdata:0x0022D5A4 | .rdata:0x0022D600 | .rdata:0x0022D638 | .rdata:0x0022D644 | .rdata:0x0022E980 | .rdata:0x0022E984 | .rdata:0x0022E988 | .rdata:0x0022E98C | .rdata:0x0022E990 | .rdata:0x0022E994 | .rdata:0x0022F458 | .rdata:0x0022F45C | .rdata:0x00230598 | .rdata:0x0023059C | .rdata:0x00230664 | .rdata:0x00230CC8 | .rdata:0x00230CCC | .rdata:0x00230CD4 | .rdata:0x00230CD8 | .rdata:0x00230D04 | .rdata:0x00230D08 | .rdata:0x00230E68 | .rdata:0x00230E70 | .rdata:0x00230E78 | .rdata:0x00230E7C | .rdata:0x00230E80 | .rdata:0x00230E84 | .rdata:0x00230E88 | .rdata:0x00231464 | .rdata:0x00231468 | .rdata:0x0023146C | .rdata:0x00231470 | .rdata:0x00231474 | .rdata:0x00231478 | .rdata:0x00231484 | .rdata:0x00231488 | .rdata:0x0023148C | .rdata:0x00231490 | .rdata:0x00231494 | .rdata:0x00231498 | .rdata:0x002314C0 | .rdata:0x002314C4 | .rdata:0x002314C8 | .rdata:0x002314CC | .rdata:0x002314D0 | .rdata:0x002314D4 | .rdata:0x00231620 | .rdata:0x00231628 | .rdata:0x00231634 | .rdata:0x00231638 | .rdata:0x00231640 | .rdata:0x00231AFC | .rdata:0x00231B00 | .rdata:0x00231B04 | .rdata:0x00231B08 | .rdata:0x002328F4 | .rdata:0x002328F8 | .rdata:0x002328FC | .rdata:0x00232900 | .rdata:0x00232904 | .rdata:0x00232908 | .rdata:0x00232A74 | .rdata:0x00232A78 | .rdata:0x00232A7C | .rdata:0x00233374 | .rdata:0x00233380 | .rdata:0x00233384 | .rdata:0x00233388 | .rdata:0x0023338C | .rdata:0x00233390 | .rdata:0x00233394 | .rdata:0x00233498 | .rdata:0x0023349C | .rdata:0x002334A0 | .rdata:0x002334A4 | .rdata:0x002334A8 | .rdata:0x002334AC | .rdata:0x002334B0 | .rdata:0x002339A0 | .rdata:0x002339A4 | .rdata:0x002339A8 | .rdata:0x002339F8 | .rdata:0x002339FC | .rdata:0x00233A00 | .rdata:0x00233A04 | .rdata:0x00233A08 | .rdata:0x00233A0C | .rdata:0x00233A10 | .rdata:0x00233A50 | .rdata:0x00233A64 | .rdata:0x00233A7C | .rdata:0x00233A88 | .rdata:0x00233A8C | .rdata:0x00233A90 | .rdata:0x00233B84 | .rdata:0x00233B88 | .rdata:0x00234814 | .rdata:0x00234818 | .rdata:0x0023493C | .rdata:0x00234BFC | .rdata:0x00234C00 | .rdata:0x00234C04 | .rdata:0x00234C08 | .rdata:0x00234C0C | .rdata:0x00234C10 | .rdata:0x00234C14 | .rdata:0x00234C20 | .rdata:0x00234C24 | .rdata:0x00234C28 | .rdata:0x00234C2C | .rdata:0x00234C34 | .rdata:0x00234C38 | .rdata:0x00234C4C | .rdata:0x00234DD4 | .rdata:0x00234DD8 | .rdata:0x00234DDC | .rdata:0x00234DE4 | .rdata:0x00234DE8 | .rdata:0x00234DEC | .rdata:0x002358A0 | .rdata:0x002359B0 | .rdata:0x00235A34 | .rdata:0x0023637C | .rdata:0x00236BA8 | .rdata:0x00236BB4 | .rdata:0x00236BB8 | .rdata:0x00236BBC | .rdata:0x00236BC0 | .rdata:0x00236BC4 | .rdata:0x00236BC8 | .rdata:0x00236E38 | .rdata:0x00236E3C | .rdata:0x00236FB4 | .rdata:0x00237090 | .rdata:0x002370A4 | .rdata:0x002370BC | .rdata:0x002370C0 | .rdata:0x002370C4 | .rdata:0x002370C8 | .rdata:0x002370CC | .rdata:0x002370D0 | .rdata:0x002370D4 | .rdata:0x002370D8 | .rdata:0x002370DC | .rdata:0x002370F4 | .rdata:0x002370F8 | .rdata:0x0023712C | .rdata:0x00237514 | .rdata:0x002375D0 | .rdata:0x00237BC0 | .rdata:0x00237BC4 | .rdata:0x00237D58 | .rdata:0x00237D5C | .rdata:0x00237D60 | .rdata:0x00237D64 | .rdata:0x00237D68 | .rdata:0x00237D6C | .rdata:0x00238248 | .rdata:0x0023824C | .rdata:0x002382B8 | .rdata:0x002382BC | .rdata:0x002382C0 | .rdata:0x002382C4 | .rdata:0x002382C8 | .rdata:0x002382CC | .rdata:0x002382D0 | .rdata:0x002382D4 | .rdata:0x002382D8 | .rdata:0x002382DC | .rdata:0x002382E0 | .rdata:0x00239584 | .rdata:0x00239588 | .rdata:0x0023958C | .rdata:0x00239590 | .rdata:0x0023A284 | .rdata:0x0023A28C | .rdata:0x0023A290 | .rdata:0x0023A294 | .rdata:0x0023A298 | .rdata:0x0023A29C | .rdata:0x0023D78C | .rdata:0x0023D790 | .rdata:0x0023D794 | .rdata:0x0023D798 | .rdata:0x0023D79C | .rdata:0x0023D7A0 | .rdata:0x0023D7A4 | .rdata:0x0023D7A8 | .rdata:0x0023D9D8 | .rdata:0x0023D9E0 | .rdata:0x0023D9E4 | .rdata:0x0023D9EC | .rdata:0x0023D9F0 | .rdata:0x0023D9F4 | .rdata:0x0023D9F8 | .rdata:0x0023E044 | .rdata:0x0023FFA4 | .rdata:0x0023FFA8 | .rdata:0x0023FFAC | .rdata:0x002406C8 | .rdata:0x002406F4 | .rdata:0x002406F8,0,0,internal-target-candidate
0x00139BE5,1,.data:0x0024438C,0,1,internal-target-covered
0x0013B5A0,1,.data:0x002597E0,0,1,internal-target-covered
0x0013CB3B,1,.data:0x00259908,0,0,internal-target-candidate
0x0013F420,1,.data:0x002597F0,0,1,internal-target-covered
0x0013F459,3,.data:0x00259800 | .data:0x00259804 | .data:0x0025980C,0,1,internal-target-covered
0x0013F45B,3,.data:0x002597E8 | .data:0x002597F8 | .data:0x00259818,0,1,internal-target-covered
0x0013F483,1,.data:0x00259808,0,1,internal-target-covered
0x0013F4C2,7,.data:0x002597E4 | .data:0x002597EC | .data:0x002597F4 | .data:0x002597FC | .data:0x00259810 | .data:0x00259814 | .data:0x0025981C,0,1,internal-target-covered
0x00140000,1,.rdata:0x00240210,0,0,internal-target-candidate
0x00140B1E,6,.data:0x002598F0 | .data:0x002598F4 | .data:0x002598F8 | .data:0x002598FC | .data:0x00259900 | .data:0x00259904,0,0,internal-target-candidate
0x0014110B,1,.data:0x00244390,0,1,internal-target-covered
0x00141477,1,.data:0x00244398,0,1,internal-target-covered
0x0014178A,1,.data:0x00244394,0,1,internal-target-covered
0x00143689,1,.rdata:0x002394AC,0,1,internal-target-covered
0x00143691,1,.rdata:0x0023951C,0,0,internal-target-candidate
0x00143A30,1,.rdata:0x00231668,1,1,covered-function-start
0x00143C00,1,.rdata:0x002380A0,1,1,covered-function-start
0x00143C10,1,.rdata:0x002316A4,1,1,covered-function-start
0x00143C20,1,.rdata:0x00239600,1,1,covered-function-start
0x00143C60,1,.rdata:0x002395FC,1,1,covered-function-start
0x00144490,1,.rdata:0x002396F4,1,1,covered-function-start
0x001444E0,20,.rdata:0x002396F8 | .rdata:0x00239908 | .rdata:0x00239928 | .rdata:0x0023997C | .rdata:0x0023999C | .rdata:0x002399EC | .rdata:0x00239A1C | .rdata:0x00239A3C | .rdata:0x00239A6C | .rdata:0x00239A8C | .rdata:0x00239AC4 | .rdata:0x00239AE4 | .rdata:0x00239B14 | .rdata:0x00239B44 | .rdata:0x00239B74 | .rdata:0x00239D78 | .rdata:0x00239D98 | .rdata:0x00239EEC | .rdata:0x00239F0C | .rdata:0x0023E418,0,1,internal-target-covered
0x00144870,1,.rdata:0x00239794,1,1,covered-function-start
0x00144990,1,.rdata:0x0023978C,1,1,covered-function-start
0x00144BC0,1,.rdata:0x00239774,1,1,covered-function-start
0x00145890,1,.rdata:0x0023977C,1,1,covered-function-start
0x00145900,1,.rdata:0x00239780,1,1,covered-function-start
0x00145920,1,.rdata:0x00239784,1,1,covered-function-start
0x00145EB0,1,.rdata:0x00239788,1,1,covered-function-start
0x00146CF0,1,.rdata:0x00239764,1,1,covered-function-start
0x001471F0,1,.rdata:0x0023976C,1,1,covered-function-start
0x00147BB0,1,.rdata:0x00239798,1,1,covered-function-start
0x00148340,1,.rdata:0x00239778,1,1,covered-function-start
0x00148580,1,.rdata:0x00239790,1,1,covered-function-start
0x00148EA0,1,.rdata:0x0023979C,1,1,covered-function-start
0x00149910,1,.rdata:0x00239768,1,1,covered-function-start
0x00149DD0,1,.rdata:0x00239770,0,0,internal-target-candidate
0x0014A1A0,1,.rdata:0x00239760,1,1,covered-function-start
0x0014A1D0,1,.rdata:0x00237098,1,1,covered-function-start
0x0014A220,1,.rdata:0x00237138,1,1,covered-function-start
0x0014A290,1,.rdata:0x0023751C,0,0,internal-target-candidate
0x0014A2E0,1,.rdata:0x00237524,1,1,covered-function-start
0x0014A2F0,1,.rdata:0x0023752C,1,1,covered-function-start
0x0014A330,1,.rdata:0x00237534,1,1,covered-function-start
0x0014A3B0,1,.rdata:0x0023753C,1,1,covered-function-start
0x0014A680,3,.rdata:0x002397E0 | .rdata:0x00239824 | .rdata:0x00239868,1,1,covered-function-start
0x0014A9E0,1,.rdata:0x002397B4,1,1,covered-function-start
0x0014AB50,1,.rdata:0x002397F8,0,0,internal-target-candidate
0x0014ABD0,1,.rdata:0x002397FC,1,1,covered-function-start
0x0014AC50,3,.rdata:0x00239810 | .rdata:0x00239854 | .rdata:0x00239898,1,1,covered-function-start
0x0014ACF0,1,.rdata:0x002397E4,1,1,covered-function-start
0x0014B2E0,1,.rdata:0x00239800,1,1,covered-function-start
0x0014B430,1,.rdata:0x00239804,1,1,covered-function-start
0x0014B560,3,.rdata:0x002397D8 | .rdata:0x0023981C | .rdata:0x00239860,1,1,covered-function-start
0x0014B5A0,3,.rdata:0x002397DC | .rdata:0x00239820 | .rdata:0x00239864,0,0,internal-target-candidate
0x0014B5E0,3,.rdata:0x002397F0 | .rdata:0x00239834 | .rdata:0x00239878,0,0,internal-target-candidate
0x0014B9A0,1,.rdata:0x0023983C,0,0,internal-target-candidate
0x0014BA20,1,.rdata:0x00239840,1,1,covered-function-start
0x0014BB00,1,.rdata:0x00239828,1,1,covered-function-start
0x0014C140,1,.rdata:0x00239844,1,1,covered-function-start
0x0014C290,1,.rdata:0x00239848,1,1,covered-function-start
0x0014C9B0,1,.rdata:0x00239880,1,1,covered-function-start
0x0014CA30,1,.rdata:0x00239884,1,1,covered-function-start
0x0014CB50,1,.rdata:0x00239888,1,1,covered-function-start
0x0014CCA0,9,.rdata:0x002397D4 | .rdata:0x002397F4 | .rdata:0x00239818 | .rdata:0x00239838 | .rdata:0x0023985C | .rdata:0x0023987C | .rdata:0x00239E1C | .rdata:0x00239E3C | .rdata:0x00239E84,1,1,covered-function-start
0x0014CF60,1,.rdata:0x0023986C,1,1,covered-function-start
0x0014D6D0,1,.rdata:0x0023988C,1,1,covered-function-start
0x0014D7C0,2,.rdata:0x002398D8 | .rdata:0x002398F8,1,1,covered-function-start
0x0014D800,1,.rdata:0x002398CC,1,1,covered-function-start
0x0014DEF0,1,.rdata:0x002398D4,1,1,covered-function-start
0x0014E290,1,.rdata:0x002398EC,0,0,internal-target-candidate
0x0014E2F0,1,.rdata:0x002398F4,1,1,covered-function-start
0x0014E350,1,.rdata:0x002398C4,1,1,covered-function-start
0x0014E380,1,.rdata:0x002398F0,1,1,covered-function-start
0x0014E470,1,.rdata:0x002398E4,1,1,covered-function-start
0x0014E590,2,.rdata:0x0023991C | .rdata:0x0023993C,1,1,covered-function-start
0x0014E6F0,1,.rdata:0x00239918,1,1,covered-function-start
0x0014E9C0,1,.rdata:0x00239910,1,1,covered-function-start
0x0014EDE0,1,.rdata:0x0023990C,1,1,covered-function-start
0x0014F0D0,1,.rdata:0x0023992C,1,1,covered-function-start
0x0014F190,1,.rdata:0x00239930,1,1,covered-function-start
0x0014F350,1,.rdata:0x00239938,1,1,covered-function-start
0x0014F420,3,.rdata:0x00239990 | .rdata:0x002399B0 | .rdata:0x00239A00,1,1,covered-function-start
0x0014FF50,1,.rdata:0x0023998C,1,1,covered-function-start
0x00150A10,1,.rdata:0x00239984,1,1,covered-function-start
0x00151EE0,1,.rdata:0x00239980,1,1,covered-function-start
0x001532A0,1,.rdata:0x002399A0,0,0,internal-target-candidate
0x00153360,1,.rdata:0x002399A4,1,1,covered-function-start
0x00153520,1,.rdata:0x002399AC,1,1,covered-function-start
0x00153D70,1,.rdata:0x002399FC,1,1,covered-function-start
0x00154660,1,.rdata:0x002399F4,1,1,covered-function-start
0x00154FD0,1,.rdata:0x002399F0,1,1,covered-function-start
0x00155090,1,.rdata:0x00239A2C,1,1,covered-function-start
0x001553B0,1,.rdata:0x00239A24,1,1,covered-function-start
0x00155A10,1,.rdata:0x00239A20,1,1,covered-function-start
0x00155A30,1,.rdata:0x00239A40,1,1,covered-function-start
0x00155AF0,1,.rdata:0x00239A44,1,1,covered-function-start
0x00155CB0,1,.rdata:0x00239A4C,1,1,covered-function-start
0x00155F90,1,.rdata:0x00239A7C,1,1,covered-function-start
0x00156180,1,.rdata:0x00239A74,1,1,covered-function-start
0x00156470,1,.rdata:0x00239A70,1,1,covered-function-start
0x001566E0,1,.rdata:0x00239A90,1,1,covered-function-start
0x001567A0,1,.rdata:0x00239A94,1,1,covered-function-start
0x00156960,1,.rdata:0x00239A9C,1,1,covered-function-start
0x00156A30,6,.rdata:0x00239A30 | .rdata:0x00239A50 | .rdata:0x00239A80 | .rdata:0x00239AA0 | .rdata:0x00239AD8 | .rdata:0x00239AF8,1,1,covered-function-start
0x00156AC0,1,.rdata:0x00239AD4,1,1,covered-function-start
0x00156E10,1,.rdata:0x00239ACC,1,1,covered-function-start
0x001574C0,1,.rdata:0x00239AC8,1,1,covered-function-start
0x001574E0,1,.rdata:0x00239AE8,1,1,covered-function-start
0x001575A0,1,.rdata:0x00239AEC,1,1,covered-function-start
0x00157760,1,.rdata:0x00239AF4,1,1,covered-function-start
0x00157830,1,.rdata:0x00239B28,1,1,covered-function-start
0x00157890,1,.rdata:0x00239B1C,1,1,covered-function-start
0x00157B70,1,.rdata:0x00239B18,1,1,covered-function-start
0x00157D50,1,.rdata:0x00239B24,1,1,covered-function-start
0x00157F60,1,.rdata:0x00239B58,1,1,covered-function-start
0x001580F0,1,.rdata:0x00239B54,1,1,covered-function-start
0x001581F0,1,.rdata:0x00239B4C,1,1,covered-function-start
0x00158420,1,.rdata:0x00239B48,1,1,covered-function-start
0x00158680,2,.rdata:0x00239B88 | .rdata:0x0023E42C,1,1,covered-function-start
0x001587C0,1,.rdata:0x00239B78,1,1,covered-function-start
0x001589E0,1,.rdata:0x00239B94,1,1,covered-function-start
0x00158F10,1,.rdata:0x00239B84,1,1,covered-function-start
0x001592A0,2,.rdata:0x00239B7C | .rdata:0x0023E420,1,1,covered-function-start
0x001595F0,2,.rdata:0x00239C00 | .rdata:0x00239C20,1,1,covered-function-start
0x00159FA0,1,.rdata:0x00239BFC,1,1,covered-function-start
0x0015AD00,1,.rdata:0x00239BEC,1,1,covered-function-start
0x0015AF60,1,.rdata:0x00239C1C,1,1,covered-function-start
0x0015AFC0,1,.rdata:0x00239C18,1,1,covered-function-start
0x0015B0B0,1,.rdata:0x00239C0C,1,1,covered-function-start
0x0015B1E0,2,.rdata:0x00239D04 | .rdata:0x00239D24,1,1,covered-function-start
0x0015BD10,1,.rdata:0x00239CFC,1,1,covered-function-start
0x0015BF70,1,.rdata:0x00239D00,1,1,covered-function-start
0x0015C3C0,1,.rdata:0x00239CF0,1,1,covered-function-start
0x0015C510,1,.rdata:0x00239CF4,0,0,internal-target-candidate
0x0015C530,1,.rdata:0x00239CF8,1,1,covered-function-start
0x0015C550,1,.rdata:0x00239D20,1,1,covered-function-start
0x0015C5B0,1,.rdata:0x00239D14,1,1,covered-function-start
0x0015C610,1,.rdata:0x00239D18,1,1,covered-function-start
0x0015C670,1,.rdata:0x00239D1C,1,1,covered-function-start
0x0015C770,1,.rdata:0x00239D10,1,1,covered-function-start
0x0015C890,2,.rdata:0x00239D48 | .rdata:0x00239D68,1,1,covered-function-start
0x0015C8C0,1,.rdata:0x00239D44,1,1,covered-function-start
0x0015C920,1,.rdata:0x00239D3C,1,1,covered-function-start
0x0015C980,1,.rdata:0x00239D40,1,1,covered-function-start
0x0015C9F0,1,.rdata:0x00239D38,1,1,covered-function-start
0x0015CA60,1,.rdata:0x00239D50,1,1,covered-function-start
0x0015CF20,1,.rdata:0x00239D58,1,1,covered-function-start
0x0015CF80,1,.rdata:0x00239D5C,1,1,covered-function-start
0x0015CFE0,1,.rdata:0x00239D64,1,1,covered-function-start
0x0015D040,1,.rdata:0x00239D70,1,1,covered-function-start
0x0015D0C0,1,.rdata:0x00239D34,0,1,internal-target-covered
0x0015D0F0,1,.rdata:0x00239D60,1,1,covered-function-start
0x0015D1E0,1,.rdata:0x00239D54,1,1,covered-function-start
0x0015D340,1,.rdata:0x00239D88,1,1,covered-function-start
0x0015D3C0,1,.rdata:0x00239D84,1,1,covered-function-start
0x0015D4D0,1,.rdata:0x00239D80,1,1,covered-function-start
0x0015D5E0,1,.rdata:0x00239D7C,1,1,covered-function-start
0x0015D6F0,1,.rdata:0x00239D94,1,1,covered-function-start
0x0015DA60,1,.rdata:0x00239D9C,1,1,covered-function-start
0x0015DAC0,1,.rdata:0x00239DA0,1,1,covered-function-start
0x0015DB20,1,.rdata:0x00239DA8,1,1,covered-function-start
0x0015DB80,1,.rdata:0x00239DB4,1,1,covered-function-start
0x0015DBA0,1,.rdata:0x00239DA4,1,1,covered-function-start
0x0015DE30,1,.rdata:0x00239DE0,1,1,covered-function-start
0x0015DF10,1,.rdata:0x00239DD8,1,1,covered-function-start
0x0015E100,1,.rdata:0x00239DDC,1,1,covered-function-start
0x0015E2E0,1,.rdata:0x00239DD4,1,1,covered-function-start
0x0015E4C0,1,.rdata:0x00239DEC,1,1,covered-function-start
0x0015E870,1,.rdata:0x00239DF4,1,1,covered-function-start
0x0015E8D0,1,.rdata:0x00239DF8,1,1,covered-function-start
0x0015E930,1,.rdata:0x00239E00,1,1,covered-function-start
0x0015E990,1,.rdata:0x00239E0C,1,1,covered-function-start
0x0015EA10,1,.rdata:0x00239DD0,0,0,internal-target-candidate
0x0015EA40,1,.rdata:0x00239DFC,1,1,covered-function-start
0x0015EB30,1,.rdata:0x00239DF0,1,1,covered-function-start
0x0015EF70,1,.rdata:0x00239E40,1,1,covered-function-start
0x0015EFD0,1,.rdata:0x00239E44,1,1,covered-function-start
0x0015F030,1,.rdata:0x00239E48,1,1,covered-function-start
0x0015F280,10,.rdata:0x002397C8 | .rdata:0x002397E8 | .rdata:0x00239808 | .rdata:0x0023982C | .rdata:0x0023984C | .rdata:0x00239870 | .rdata:0x00239890 | .rdata:0x00239E30 | .rdata:0x00239E50 | .rdata:0x00239E98,1,1,covered-function-start
0x0015F3E0,2,.rdata:0x002397D0 | .rdata:0x00239E38,1,1,covered-function-start
0x0015F7B0,2,.rdata:0x00239E58 | .rdata:0x00239EA0,1,1,covered-function-start
0x00160540,2,.rdata:0x002397C4 | .rdata:0x00239E2C,1,1,covered-function-start
0x00160660,2,.rdata:0x002397C0 | .rdata:0x00239E28,1,1,covered-function-start
0x00160960,2,.rdata:0x002397BC | .rdata:0x00239E24,1,1,covered-function-start
0x00160CA0,2,.rdata:0x002397B8 | .rdata:0x00239E20,1,1,covered-function-start
0x001612A0,1,.rdata:0x00239E88,1,1,covered-function-start
0x00161360,1,.rdata:0x00239E8C,1,1,covered-function-start
0x00161520,2,.rdata:0x00239E4C | .rdata:0x00239E94,1,1,covered-function-start
0x00161580,1,.rdata:0x00239E90,1,1,covered-function-start
0x00161740,4,.rdata:0x00239DE4 | .rdata:0x00239E04 | .rdata:0x00239EBC | .rdata:0x00239EDC,1,1,covered-function-start
0x00161770,1,.rdata:0x00239EB8,1,1,covered-function-start
0x001618E0,1,.rdata:0x00239EB0,1,1,covered-function-start
0x00161BF0,1,.rdata:0x00239EB4,1,1,covered-function-start
0x00161F10,1,.rdata:0x00239EAC,1,1,covered-function-start
0x00162690,1,.rdata:0x00239ECC,1,1,covered-function-start
0x001626F0,1,.rdata:0x00239ED0,1,1,covered-function-start
0x00162750,1,.rdata:0x00239ED8,1,1,covered-function-start
0x00162810,1,.rdata:0x00239EA8,0,0,internal-target-candidate
0x00162840,1,.rdata:0x00239ED4,1,1,covered-function-start
0x00162930,1,.rdata:0x00239EC8,1,1,covered-function-start
0x00162A50,4,.rdata:0x00239D8C | .rdata:0x00239DAC | .rdata:0x00239F00 | .rdata:0x00239F20,1,1,covered-function-start
0x00162B20,2,.rdata:0x00238354 | .rdata:0x00239EF0,1,1,covered-function-start
0x00162BE0,1,.rdata:0x00239EF4,1,1,covered-function-start
0x00162CA0,1,.rdata:0x00239EF8,1,1,covered-function-start
0x00162D60,1,.rdata:0x00239EFC,1,1,covered-function-start
0x00162E10,1,.rdata:0x00239F08,0,0,internal-target-candidate
0x00162F10,1,.rdata:0x00239F10,1,1,covered-function-start
0x00162F90,1,.rdata:0x00239F14,1,1,covered-function-start
0x00163020,1,.rdata:0x00239F1C,1,1,covered-function-start
0x001630B0,1,.rdata:0x00239F28,1,1,covered-function-start
0x001631F0,1,.rdata:0x00239F18,1,1,covered-function-start
0x00163620,3,.rdata:0x00237B0C | .rdata:0x00237BE0 | .rdata:0x0023A2B8,1,1,covered-function-start
0x0016362A,1,.rdata:0x0023BD88,0,0,internal-target-candidate
0x00163630,2,.rdata:0x00237B08 | .rdata:0x00237BDC,0,1,internal-target-covered
0x00163640,1,.rdata:0x00237B14,1,1,covered-function-start
0x00163660,1,.rdata:0x00237B18,1,1,covered-function-start
0x00163700,1,.rdata:0x0023A1BC,1,1,covered-function-start
0x00163710,9,.rdata:0x00230FE0 | .rdata:0x00231068 | .rdata:0x0023A1C0 | .rdata:0x0023A248 | .rdata:0x0023A3C4 | .rdata:0x0023A568 | .rdata:0x0023A8D8 | .rdata:0x0023A940 | .rdata:0x00240224,1,1,covered-function-start
0x00163720,2,.rdata:0x00237B00 | .rdata:0x00237BD4,1,1,covered-function-start
0x00163730,1,.rdata:0x0023A1B0,1,1,covered-function-start
0x00163790,1,.rdata:0x0023A1B4,1,1,covered-function-start
0x001637E0,1,.rdata:0x0023A220,0,0,internal-target-candidate
0x00163800,1,.rdata:0x0023A218,1,1,covered-function-start
0x00163A20,1,.rdata:0x0023A210,1,1,covered-function-start
0x00163B10,1,.rdata:0x0023A21C,1,1,covered-function-start
0x00163BF0,1,.rdata:0x0023A244,1,1,covered-function-start
0x00163C00,1,.rdata:0x0023A204,1,1,covered-function-start
0x00163C10,1,.rdata:0x0023A238,1,1,covered-function-start
0x00163C90,1,.rdata:0x0023A23C,1,1,covered-function-start
0x00163CF0,1,.rdata:0x0023A240,1,1,covered-function-start
0x00163E20,1,.rdata:0x0023A2B4,1,1,covered-function-start
0x00163E30,1,.rdata:0x0023A2C8,1,1,covered-function-start
0x00163E60,1,.rdata:0x0023A2CC,1,1,covered-function-start
0x00163E90,1,.rdata:0x0023A2D0,1,1,covered-function-start
0x00163F90,1,.rdata:0x0023A2C0,1,1,covered-function-start
0x00163FD0,1,.rdata:0x0023A2C4,1,1,covered-function-start
0x00164010,1,.rdata:0x0023A26C,1,1,covered-function-start
0x00164040,1,.rdata:0x0023A2A0,1,1,covered-function-start
0x001641E0,1,.rdata:0x0023A308,1,1,covered-function-start
0x00164290,1,.rdata:0x0023A310,1,1,covered-function-start
0x001642E0,1,.rdata:0x0023A30C,1,1,covered-function-start
0x00164410,2,.rdata:0x00238410 | .rdata:0x0023A2F0,1,1,covered-function-start
0x00164BC0,1,.rdata:0x0023A2D8,1,1,covered-function-start
0x00164C30,2,.rdata:0x00238458 | .rdata:0x0023A330,1,1,covered-function-start
0x00164CB0,2,.rdata:0x00238468 | .rdata:0x0023A340,1,1,covered-function-start
0x00164CC0,2,.rdata:0x00238470 | .rdata:0x0023A348,1,1,covered-function-start
0x00164CE0,2,.rdata:0x00238474 | .rdata:0x0023A34C,1,1,covered-function-start
0x00164CF0,2,.rdata:0x00238478 | .rdata:0x0023A350,1,1,covered-function-start
0x00164D20,2,.rdata:0x0023847C | .rdata:0x0023A354,1,1,covered-function-start
0x00165010,1,.rdata:0x0023A318,1,1,covered-function-start
0x00165040,1,.rdata:0x0023A370,1,1,covered-function-start
0x001650F0,1,.rdata:0x0023A374,1,1,covered-function-start
0x00165130,1,.rdata:0x0023A35C,1,1,covered-function-start
0x001651B0,1,.rdata:0x0023A378,1,1,covered-function-start
0x001652B0,1,.rdata:0x0023A37C,1,1,covered-function-start
0x001653F0,1,.rdata:0x0023A380,1,1,covered-function-start
0x00165590,33,.rdata:0x00238324 | .rdata:0x00238368 | .rdata:0x00239710 | .rdata:0x002397CC | .rdata:0x002397EC | .rdata:0x00239830 | .rdata:0x00239874 | .rdata:0x002398DC | .rdata:0x00239920 | .rdata:0x00239940 | .rdata:0x00239994 | .rdata:0x002399B4 | .rdata:0x00239A04 | .rdata:0x00239A34 | .rdata:0x00239A54 | .rdata:0x00239A84 | .rdata:0x00239AA4 | .rdata:0x00239ADC | .rdata:0x00239AFC | .rdata:0x00239B2C | .rdata:0x00239B5C | .rdata:0x00239B8C | .rdata:0x00239C04 | .rdata:0x00239D08 | .rdata:0x00239D4C | .rdata:0x00239D90 | .rdata:0x00239DE8 | .rdata:0x00239E34 | .rdata:0x00239EC0 | .rdata:0x00239F04 | .rdata:0x0023D890 | .rdata:0x0023D978 | .rdata:0x0023E430,1,1,covered-function-start
0x001655A0,1,.rdata:0x0023834C,1,1,covered-function-start
0x001655C0,1,.rdata:0x0023833C,1,1,covered-function-start
0x00165640,1,.rdata:0x00238344,1,1,covered-function-start
0x001656C0,1,.rdata:0x002383E0,1,1,covered-function-start
0x00165710,2,.rdata:0x00230EC8 | .rdata:0x002383F0,1,1,covered-function-start
0x00165720,1,.rdata:0x002383D0,1,1,covered-function-start
0x001657C0,1,.rdata:0x002383E4,1,1,covered-function-start
0x00165800,1,.rdata:0x002383D8,1,1,covered-function-start
0x00165B50,1,.rdata:0x002383E8,1,1,covered-function-start
0x00165C10,1,.rdata:0x0023A3C0,1,1,covered-function-start
0x00165C20,1,.rdata:0x002383C4,1,1,covered-function-start
0x00165C30,1,.rdata:0x0023A3B8,1,1,covered-function-start
0x00165CA0,1,.rdata:0x0023A3B4,1,1,covered-function-start
0x00165D00,2,.rdata:0x00238420 | .rdata:0x0023A300,1,1,covered-function-start
0x00165D30,4,.rdata:0x00238418 | .rdata:0x00238460 | .rdata:0x0023A2F8 | .rdata:0x0023A338,1,1,covered-function-start
0x00165E80,4,.rdata:0x00238414 | .rdata:0x0023845C | .rdata:0x0023A2F4 | .rdata:0x0023A334,1,1,covered-function-start
0x00165F50,4,.rdata:0x0023841C | .rdata:0x00238464 | .rdata:0x0023A2FC | .rdata:0x0023A33C,1,1,covered-function-start
0x001660B0,1,.rdata:0x0023A558,1,1,covered-function-start
0x00166110,1,.rdata:0x0023A564,0,0,internal-target-candidate
0x00166120,2,.rdata:0x00238404 | .rdata:0x0023A2E4,1,1,covered-function-start
0x00166200,1,.rdata:0x0023A55C,1,1,covered-function-start
0x00166460,1,.rdata:0x0023A560,1,1,covered-function-start
0x00166470,1,.rdata:0x0023A718,0,0,internal-target-candidate
0x00166480,1,.rdata:0x0023A71C,1,1,covered-function-start
0x00166490,2,.rdata:0x0023844C | .rdata:0x0023A324,1,1,covered-function-start
0x001664A0,1,.rdata:0x0023A70C,1,1,covered-function-start
0x00166500,1,.rdata:0x0023A710,1,1,covered-function-start
0x001665F0,1,.rdata:0x0023A714,1,1,covered-function-start
0x00167120,17,.rdata:0x002398D0 | .rdata:0x00239914 | .rdata:0x00239934 | .rdata:0x00239988 | .rdata:0x002399A8 | .rdata:0x002399F8 | .rdata:0x00239A28 | .rdata:0x00239A48 | .rdata:0x00239A78 | .rdata:0x00239A98 | .rdata:0x00239AD0 | .rdata:0x00239AF0 | .rdata:0x00239B20 | .rdata:0x00239B50 | .rdata:0x00239B80 | .rdata:0x00239BF8 | .rdata:0x0023E424,1,1,covered-function-start
0x0016C509,1,.rdata:0x0023D184,0,0,internal-target-candidate
0x0016D074,1,.rdata:0x0023CD0C,0,0,internal-target-candidate
0x0016E2DB,1,.rdata:0x0023BCA0,0,0,internal-target-candidate
0x0016F7C0,1,.rdata:0x0023A278,1,1,covered-function-start
0x0016F7D0,1,.rdata:0x0023A8D4,1,1,covered-function-start
0x0016F7E0,1,.rdata:0x0023A2AC,1,1,covered-function-start
0x0016F7F0,1,.rdata:0x0023A8C8,1,1,covered-function-start
0x0016F850,1,.rdata:0x0023A8CC,1,1,covered-function-start
0x00170790,1,.rdata:0x0023A93C,1,1,covered-function-start
0x001707A0,1,.rdata:0x0023A368,1,1,covered-function-start
0x001707D0,1,.rdata:0x0023A930,1,1,covered-function-start
0x00170830,1,.rdata:0x0023A934,0,0,internal-target-candidate
0x0017BCED,1,.rdata:0x0023BD8C,0,0,internal-target-candidate
0x00181120,3,.rdata:0x0023D760 | .rdata:0x0023D85C | .rdata:0x0023D870,1,1,covered-function-start
0x00181190,1,.rdata:0x0023D76C,1,1,covered-function-start
0x00181200,1,.rdata:0x0023D770,1,1,covered-function-start
0x00181250,1,.rdata:0x0023D768,1,1,covered-function-start
0x00181270,1,.rdata:0x0023D774,1,1,covered-function-start
0x00181290,1,.rdata:0x0023D778,1,1,covered-function-start
0x001812A0,1,.rdata:0x0023D77C,1,1,covered-function-start
0x001812C0,1,.rdata:0x0023D784,1,1,covered-function-start
0x00181320,3,.rdata:0x00236B2C | .rdata:0x00236BE4 | .rdata:0x0023D788,1,1,covered-function-start
0x00181390,1,.rdata:0x0023D764,1,1,covered-function-start
0x00181470,1,.rdata:0x0023D7AC,1,1,covered-function-start
0x00181500,2,.rdata:0x0023D7BC | .rdata:0x0023D7C4,1,1,covered-function-start
0x00181520,2,.rdata:0x0023D7B8 | .rdata:0x0023D7C8,1,1,covered-function-start
0x00181540,1,.rdata:0x0023D7CC,1,1,covered-function-start
0x00181560,1,.rdata:0x0023D7C0,1,1,covered-function-start
0x00181580,1,.rdata:0x0023D7D8,1,1,covered-function-start
0x001816E0,1,.rdata:0x0023D868,1,1,covered-function-start
0x001816F0,1,.rdata:0x0023D86C,1,1,covered-function-start
0x00181700,1,.rdata:0x0023D864,1,1,covered-function-start
0x00181780,1,.rdata:0x0023D874,0,1,internal-target-covered
0x001817B0,1,.rdata:0x0023D880,1,1,covered-function-start
0x001817E0,1,.rdata:0x0023D878,1,1,covered-function-start
0x00181900,1,.rdata:0x0023D8B4,1,1,covered-function-start
0x00181920,1,.rdata:0x0023D8B8,1,1,covered-function-start
0x00181930,1,.rdata:0x0023D8A8,1,1,covered-function-start
0x00181960,1,.rdata:0x0023D8A4,1,1,covered-function-start
0x00181970,1,.rdata:0x0023D8C0,1,1,covered-function-start
0x00181990,1,.rdata:0x0023D8C4,1,1,covered-function-start
0x001819A0,1,.rdata:0x0023D8A0,1,1,covered-function-start
0x00181A00,1,.rdata:0x0023D87C,1,1,covered-function-start
0x00181AE0,1,.rdata:0x0023D8D4,0,0,internal-target-candidate
0x00181B50,1,.rdata:0x0023D8D8,1,1,covered-function-start
0x00181B60,1,.rdata:0x0023D8D0,1,1,covered-function-start
0x00181B80,1,.rdata:0x0023D8E0,1,1,covered-function-start
0x00181BA0,1,.rdata:0x0023D8E4,1,1,covered-function-start
0x00181BB0,1,.rdata:0x0023D8CC,1,1,covered-function-start
0x00181C10,1,.rdata:0x0023D888,1,1,covered-function-start
0x00181EF0,1,.data:0x0025A828,1,1,covered-function-start
0x00181F80,1,.data:0x0025A82C,1,1,covered-function-start
0x00181FB0,1,.rdata:0x0023D924,1,1,covered-function-start
0x00181FF0,1,.rdata:0x0023D91C,1,1,covered-function-start
0x00182190,1,.rdata:0x0023D920,1,1,covered-function-start
0x001821C0,1,.rdata:0x0023D900,1,1,covered-function-start
0x00182210,2,.rdata:0x0023D8F0 | .rdata:0x0023D8F4,1,1,covered-function-start
0x00182350,1,.rdata:0x0023D8F8,1,1,covered-function-start
0x001823A0,1,.rdata:0x0023D8FC,1,1,covered-function-start
0x00182500,1,.rdata:0x0023D8EC,1,1,covered-function-start
0x00182660,3,.rdata:0x0023D904 | .rdata:0x0023D908 | .rdata:0x0023D90C,1,1,covered-function-start
0x001826C0,3,.rdata:0x0023D910 | .rdata:0x0023D914 | .rdata:0x0023D918,1,1,covered-function-start
0x001827A0,1,.data:0x0025A824,1,1,covered-function-start
0x00182AC0,1,.rdata:0x0023D960,1,1,covered-function-start
0x00182B60,1,.rdata:0x0023D964,1,1,covered-function-start
0x00182C30,1,.rdata:0x0023D970,1,1,covered-function-start
0x00182CF0,1,.rdata:0x0023D974,1,1,covered-function-start
0x00182D00,1,.rdata:0x0023D96C,0,0,internal-target-candidate
0x00182DC0,1,.rdata:0x0023D968,1,1,covered-function-start
0x00182EF0,2,.rdata:0x0023D894 | .rdata:0x0023D97C,0,0,internal-target-candidate
0x00182F00,1,.rdata:0x0023D8AC,1,1,covered-function-start
0x00183050,1,.rdata:0x0023D98C,0,0,internal-target-candidate
0x001830E0,1,.rdata:0x0023D990,1,1,covered-function-start
0x00183130,1,.rdata:0x0023D988,1,1,covered-function-start
0x00183170,1,.rdata:0x0023D994,1,1,covered-function-start
0x00183190,1,.rdata:0x0023D998,1,1,covered-function-start
0x001831B0,1,.rdata:0x0023D99C,1,1,covered-function-start
0x001831D0,1,.rdata:0x0023D9A0,1,1,covered-function-start
0x00183210,1,.rdata:0x0023D9A4,1,1,covered-function-start
0x00183230,1,.rdata:0x0023D9A8,0,0,internal-target-candidate
0x001832C0,1,.rdata:0x0023D984,1,1,covered-function-start
0x00183469,1,.rdata:0x0023BF64,0,0,internal-target-candidate
0x001835E0,3,.rdata:0x0023D9DC | .rdata:0x0023DA20 | .rdata:0x0023DA64,1,1,covered-function-start
0x00183650,1,.rdata:0x0023D9C4,1,1,covered-function-start
0x00183760,1,.rdata:0x0023DA3C,1,1,covered-function-start
0x00183870,1,.rdata:0x0023DA30,1,1,covered-function-start
0x00183980,1,.rdata:0x0023DA34,1,1,covered-function-start
0x001839D0,1,.rdata:0x0023DA38,1,1,covered-function-start
0x00183A20,1,.rdata:0x0023DA28,1,1,covered-function-start
0x00183AD0,1,.rdata:0x0023DA2C,1,1,covered-function-start
0x00183B20,1,.rdata:0x0023DA24,0,0,internal-target-candidate
0x00183D00,1,.rdata:0x0023DA08,1,1,covered-function-start
0x00183D30,1,.rdata:0x0023DA80,1,1,covered-function-start
0x00183DA0,1,.rdata:0x0023DA74,1,1,covered-function-start
0x00183ED0,1,.rdata:0x0023DA78,1,1,covered-function-start
0x00183F40,1,.rdata:0x0023DA7C,1,1,covered-function-start
0x00183FB0,1,.rdata:0x0023DA6C,1,1,covered-function-start
0x00184040,1,.rdata:0x0023DA68,1,1,covered-function-start
0x001841A0,1,.rdata:0x0023DA4C,1,1,covered-function-start
0x001841D0,1,.rdata:0x0023DA88,1,1,covered-function-start
0x00184230,2,.rdata:0x0023DA94 | .rdata:0x0023DAC8,1,1,covered-function-start
0x00184240,2,.rdata:0x0023DA98 | .rdata:0x0023DACC,1,1,covered-function-start
0x00184250,1,.rdata:0x0023DA14,1,1,covered-function-start
0x00184270,1,.rdata:0x0023DA8C,1,1,covered-function-start
0x001842B0,1,.rdata:0x0023DABC,1,1,covered-function-start
0x00184310,1,.rdata:0x0023DA58,1,1,covered-function-start
0x00184320,1,.rdata:0x0023DAC0,1,1,covered-function-start
0x00184410,1,.rdata:0x0023DB14,1,1,covered-function-start
0x00184420,1,.rdata:0x0023DB18,0,0,internal-target-candidate
0x00184430,1,.rdata:0x0023DB28,0,1,internal-target-covered
0x00184440,1,.rdata:0x0023DB1C,0,0,internal-target-candidate
0x00184460,1,.rdata:0x0023DB20,1,1,covered-function-start
0x00184470,1,.rdata:0x0023DAF0,1,1,covered-function-start
0x00184530,1,.rdata:0x0023DB00,1,1,covered-function-start
0x001845C0,1,.rdata:0x0023DB24,1,1,covered-function-start
0x00184870,1,.rdata:0x0023DB5C,1,1,covered-function-start
0x00184930,1,.rdata:0x0023DB48,1,1,covered-function-start
0x00184940,2,.rdata:0x0023A20C | .rdata:0x0023DB4C,1,1,covered-function-start
0x00184950,1,.rdata:0x0023DB50,1,1,covered-function-start
0x00184D50,1,.rdata:0x0023DB58,1,1,covered-function-start
0x00185080,1,.rdata:0x0023DBF8,1,1,covered-function-start
0x001850E0,1,.rdata:0x0023DC04,1,1,covered-function-start
0x001850F0,1,.rdata:0x0023DC08,1,1,covered-function-start
0x00185100,1,.rdata:0x0023DFBC,1,1,covered-function-start
0x00185160,1,.rdata:0x0023DBFC,1,1,covered-function-start
0x00185270,1,.rdata:0x0023DC00,1,1,covered-function-start
0x00185280,1,.rdata:0x0023D9D0,0,0,internal-target-candidate
0x001852C0,1,.rdata:0x0023DD48,1,1,covered-function-start
0x00185320,1,.rdata:0x0023DD54,1,1,covered-function-start
0x00185330,1,.rdata:0x0023DD58,1,1,covered-function-start
0x00185340,1,.rdata:0x0023DD4C,1,1,covered-function-start
0x001853A0,1,.rdata:0x0023DB0C,1,1,covered-function-start
0x00185420,1,.rdata:0x0023DE98,1,1,covered-function-start
0x00185480,1,.rdata:0x0023DEA4,1,1,covered-function-start
0x00185490,1,.rdata:0x0023DEA8,1,1,covered-function-start
0x001854A0,1,.rdata:0x0023DE9C,1,1,covered-function-start
0x001854E0,1,.rdata:0x0023DB40,1,1,covered-function-start
0x00185530,1,.rdata:0x0023DFD8,1,1,covered-function-start
0x00185910,3,.rdata:0x00238454 | .rdata:0x0023A32C | .rdata:0x0023DFD0,1,1,covered-function-start
0x00186750,1,.rdata:0x0023DFC4,0,0,internal-target-candidate
0x00186760,1,.rdata:0x0023DFC8,1,1,covered-function-start
0x00186770,1,.rdata:0x0023DFD4,1,1,covered-function-start
0x001868A0,1,.rdata:0x0023DFA0,1,1,covered-function-start
0x00186A00,1,.rdata:0x0023DFB0,1,1,covered-function-start
0x00187000,1,.rdata:0x0023CE20,0,0,internal-target-candidate
0x00187030,1,.rdata:0x0023DFE4,1,1,covered-function-start
0x001870B0,1,.rdata:0x0023DFE8,1,1,covered-function-start
0x00187990,1,.rdata:0x0023DFF0,1,1,covered-function-start
0x00187D00,1,.rdata:0x0023DFEC,1,1,covered-function-start
0x00187D30,1,.rdata:0x0023E008,1,1,covered-function-start
0x00187F40,1,.rdata:0x0023DFF4,1,1,covered-function-start
0x00188020,2,.rdata:0x0023E014 | .rdata:0x0023E034,1,1,covered-function-start
0x00188030,3,.rdata:0x0023E018 | .rdata:0x0023E038 | .rdata:0x0023E3E0,1,1,covered-function-start
0x00188170,1,.rdata:0x0023E010,1,1,covered-function-start
0x00188750,2,.rdata:0x0023E030 | .rdata:0x0023E3D8,0,1,internal-target-covered
0x00188960,1,.rdata:0x0023E03C,1,1,covered-function-start
0x00188A80,1,.rdata:0x0023E040,0,0,internal-target-candidate
0x00188B40,2,.rdata:0x0023DFF8 | .rdata:0x0023E04C,1,1,covered-function-start
0x00188B70,2,.rdata:0x0023DFFC | .rdata:0x0023E050,1,1,covered-function-start
0x00188BB0,2,.rdata:0x0023E000 | .rdata:0x0023E054,1,1,covered-function-start
0x00188BC0,1,.rdata:0x0023E05C,1,1,covered-function-start
0x00188C00,2,.rdata:0x0023E00C | .rdata:0x0023E060,1,1,covered-function-start
0x00188DE0,1,.rdata:0x0023E048,1,1,covered-function-start
0x00188E10,2,.rdata:0x0023E004 | .rdata:0x0023E058,1,1,covered-function-start
0x00188ED0,1,.rdata:0x0023E068,1,1,covered-function-start
0x00189060,1,.rdata:0x0023E064,1,1,covered-function-start
0x00189090,1,.rdata:0x0023E070,1,1,covered-function-start
0x001890A0,1,.rdata:0x0023E074,0,1,internal-target-covered
0x001890D0,1,.rdata:0x0023E078,1,1,covered-function-start
0x00189100,1,.rdata:0x0023E07C,1,1,covered-function-start
0x00189210,1,.rdata:0x0023E06C,1,1,covered-function-start
0x001894E0,1,.rdata:0x0023E084,1,1,covered-function-start
0x00189510,2,.rdata:0x0023E088 | .rdata:0x0023E448,1,1,covered-function-start
0x00189730,2,.rdata:0x0023E08C | .rdata:0x0023E44C,1,1,covered-function-start
0x001898B0,1,.rdata:0x0023E090,1,1,covered-function-start
0x00189E70,1,.rdata:0x00237340,1,1,covered-function-start
0x00189FA0,1,.rdata:0x00237344,1,1,covered-function-start
0x0018A230,1,.rdata:0x0023E0F0,1,1,covered-function-start
0x0018A7B0,1,.rdata:0x0023E0C8,1,1,covered-function-start
0x0018A880,1,.rdata:0x0023E0B8,1,1,covered-function-start
0x0018A950,1,.rdata:0x0023E0F8,1,1,covered-function-start
0x0018AD60,1,.rdata:0x0023E0EC,1,1,covered-function-start
0x0018B320,1,.rdata:0x0023E0C4,1,1,covered-function-start
0x0018BA70,1,.rdata:0x0023E0D4,1,1,covered-function-start
0x0018C390,1,.rdata:0x0023E0E8,1,1,covered-function-start
0x0018CAA0,1,.rdata:0x0023E0F4,1,1,covered-function-start
0x0018CAF0,1,.rdata:0x0023E1C8,1,1,covered-function-start
0x0018CB50,1,.rdata:0x0023E1D4,1,1,covered-function-start
0x0018CB60,1,.rdata:0x0023E1D8,1,1,covered-function-start
0x0018CB70,1,.rdata:0x0023E0E0,1,1,covered-function-start
0x0018CBD0,1,.rdata:0x0023E1CC,0,0,internal-target-candidate
0x0018D540,1,.rdata:0x0023E2F8,1,1,covered-function-start
0x0018D550,1,.rdata:0x0023E2FC,1,1,covered-function-start
0x0018D560,1,.rdata:0x0023E32C,1,1,covered-function-start
0x0018D610,1,.rdata:0x0023E320,1,1,covered-function-start
0x0018D640,1,.rdata:0x0023E2EC,1,1,covered-function-start
0x0018D6A0,1,.rdata:0x0023E2F0,1,1,covered-function-start
0x0018D750,1,.rdata:0x0023E2F4,0,0,internal-target-candidate
0x0018D830,1,.rdata:0x0023E398,1,1,covered-function-start
0x0018D840,1,.rdata:0x0023E390,1,1,covered-function-start
0x0018D8B0,1,.rdata:0x0023E394,1,1,covered-function-start
0x0018D910,1,.rdata:0x0023E374,1,1,covered-function-start
0x0018D920,1,.rdata:0x0023E378,1,1,covered-function-start
0x0018D9A0,1,.rdata:0x0023E380,1,1,covered-function-start
0x0018D9C0,1,.rdata:0x0023E3A0,1,1,covered-function-start
0x0018DA00,1,.rdata:0x0023E388,1,1,covered-function-start
0x0018DA10,1,.rdata:0x0023E38C,0,0,internal-target-candidate
0x0018DA20,1,.rdata:0x0023E360,0,1,internal-target-covered
0x0018DCC0,1,.rdata:0x0023E3DC,1,1,covered-function-start
0x0018DF50,1,.rdata:0x0023E438,1,1,covered-function-start
0x0018E250,1,.rdata:0x0023E428,1,1,covered-function-start
0x0018E540,1,.rdata:0x0023E41C,1,1,covered-function-start
0x0018EB90,1,.rdata:0x0023E444,1,1,covered-function-start
0x0018EC30,1,.rdata:0x0023E450,1,1,covered-function-start
0x0018F5B0,1,.rdata:0x0023E498,1,1,covered-function-start
0x0018F610,1,.rdata:0x0023E4A4,1,1,covered-function-start
0x0018F620,1,.rdata:0x0023E4A8,1,1,covered-function-start
0x0018F630,1,.rdata:0x0023E49C,1,1,covered-function-start
0x0018F690,1,.rdata:0x0023E36C,1,1,covered-function-start
0x0018F6C0,1,.rdata:0x0023E538,1,1,covered-function-start
0x0018F720,1,.rdata:0x0023E544,1,1,covered-function-start
0x0018F730,1,.rdata:0x0023E548,1,1,covered-function-start
0x0018F740,1,.rdata:0x0023E53C,1,1,covered-function-start
0x0018F7C0,1,.rdata:0x0023E780,1,1,covered-function-start
0x0018F7D0,1,.rdata:0x0023E5A8,1,1,covered-function-start
0x0018F830,1,.rdata:0x0023E5B4,1,1,covered-function-start
0x0018F840,1,.rdata:0x0023E5B8,1,1,covered-function-start
0x0018F850,1,.rdata:0x0023E7C4,1,1,covered-function-start
0x0018F860,1,.rdata:0x0023E5AC,1,1,covered-function-start
0x0018F940,1,.rdata:0x0023E5B0,0,0,internal-target-candidate
0x0018F950,1,.rdata:0x0023E6A8,0,0,internal-target-candidate
0x0018F9B0,1,.rdata:0x0023E6B4,1,1,covered-function-start
0x0018F9C0,1,.rdata:0x0023E6B8,1,1,covered-function-start
0x0018F9D0,1,.rdata:0x0023E6AC,1,1,covered-function-start
0x0018FA30,1,.rdata:0x0023E7F8,1,1,covered-function-start
0x0018FA40,1,.rdata:0x0023E714,1,1,covered-function-start
0x0018FAA0,1,.rdata:0x0023E720,1,1,covered-function-start
0x0018FAB0,1,.rdata:0x0023E724,1,1,covered-function-start
0x0018FAC0,1,.rdata:0x0023E834,1,1,covered-function-start
0x0018FAD0,1,.rdata:0x0023E718,1,1,covered-function-start
0x0018FB90,1,.rdata:0x0023E788,1,1,covered-function-start
0x0018FD00,1,.rdata:0x0023E764,1,1,covered-function-start
0x0018FD10,1,.rdata:0x0023E774,0,1,internal-target-covered
0x0018FD50,1,.rdata:0x0023E7B4,0,0,internal-target-candidate
0x0018FDB0,1,.rdata:0x0023E79C,1,1,covered-function-start
0x0018FFE0,1,.rdata:0x0023E7B0,1,1,covered-function-start
0x0018FFF0,1,.rdata:0x0023E7A8,0,0,internal-target-candidate
0x00190000,1,.rdata:0x0023E794,0,0,internal-target-candidate
0x001902A0,1,.rdata:0x0023E7B8,1,1,covered-function-start
0x001905A0,1,.rdata:0x0023E7E8,1,1,covered-function-start
0x001905D0,1,.rdata:0x0023E7E0,1,1,covered-function-start
0x00190620,1,.rdata:0x0023E7D8,1,1,covered-function-start
0x00190650,1,.rdata:0x0023E7D4,1,1,covered-function-start
0x00190700,1,.rdata:0x0023E824,1,1,covered-function-start
0x001907B0,1,.rdata:0x0023E80C,1,1,covered-function-start
0x00190890,1,.rdata:0x0023E820,1,1,covered-function-start
0x001908A0,1,.rdata:0x0023E818,0,0,internal-target-candidate
0x001908B0,1,.rdata:0x0023E804,0,0,internal-target-candidate
0x00190A90,1,.rdata:0x0023E828,1,1,covered-function-start
0x00195991,1,.rdata:0x0023CD08,0,0,internal-target-candidate
0x0019924F,1,.rdata:0x0023D070,0,0,internal-target-candidate
0x0019EE10,1,.rdata:0x0023FF54,1,1,covered-function-start
0x0019EE60,1,.rdata:0x0023FF58,1,1,covered-function-start
0x0019EEC0,1,.rdata:0x0023FF5C,1,1,covered-function-start
0x0019EF10,1,.rdata:0x0023FF64,1,1,covered-function-start
0x0019EF30,1,.rdata:0x0023FF70,1,1,covered-function-start
0x0019F0E0,1,.rdata:0x0023FF60,1,1,covered-function-start
0x001A0040,1,.rdata:0x0023FFA0,1,1,covered-function-start
0x001A0160,1,.rdata:0x0023FFC8,1,1,covered-function-start
0x001A02A0,1,.rdata:0x0023FFBC,1,1,covered-function-start
0x001A02D0,1,.rdata:0x0023FFC0,1,1,covered-function-start
0x001A0650,1,.rdata:0x0023FFC4,1,1,covered-function-start
0x001A07F0,1,.rdata:0x0023FFE0,1,1,covered-function-start
0x001A0B60,1,.rdata:0x0023FFEC,1,1,covered-function-start
0x001A1570,1,.rdata:0x0023FFE8,1,1,covered-function-start
0x001A1670,1,.rdata:0x0023FFFC,1,1,covered-function-start
0x001A18E0,1,.rdata:0x00240028,0,1,internal-target-covered
0x001A1920,1,.rdata:0x0024001C,1,1,covered-function-start
0x001A1A40,1,.rdata:0x0024003C,1,1,covered-function-start
0x001A1A60,1,.rdata:0x00240054,1,1,covered-function-start
0x001A1B60,1,.rdata:0x0024006C,1,1,covered-function-start
0x001A1B70,1,.rdata:0x00240068,1,1,covered-function-start
0x001A21B0,1,.rdata:0x00240064,1,1,covered-function-start
0x001A2210,1,.rdata:0x00240080,1,1,covered-function-start
0x001A2230,1,.rdata:0x00240090,1,1,covered-function-start
0x001A2850,1,.rdata:0x00240094,1,1,covered-function-start
0x001A2BD0,1,.rdata:0x0024008C,1,1,covered-function-start
0x001A2E40,1,.rdata:0x002400B8,0,0,internal-target-candidate
0x001A30E0,1,.rdata:0x002400C4,1,1,covered-function-start
0x001A33E0,1,.rdata:0x002400C0,1,1,covered-function-start
0x001A3740,1,.rdata:0x00240024,1,1,covered-function-start
0x001A3E30,1,.rdata:0x00240044,1,1,covered-function-start
0x001A4140,2,.rdata:0x00240040 | .rdata:0x0024010C,1,1,covered-function-start
0x001A4160,1,.rdata:0x00240108,1,1,covered-function-start
0x001A5AE0,1,.rdata:0x00240220,1,1,covered-function-start
0x001A5AF0,1,.rdata:0x002403BC,1,1,covered-function-start
0x001A5B00,1,.rdata:0x00240214,1,1,covered-function-start
0x001A5B60,1,.rdata:0x00240218,1,1,covered-function-start
0x001A5C50,1,.rdata:0x0024021C,1,1,covered-function-start
0x001A5C60,1,.rdata:0x00240270,0,0,internal-target-candidate
0x001A5CC0,1,.rdata:0x0024027C,1,1,covered-function-start
0x001A5CD0,1,.rdata:0x00240280,1,1,covered-function-start
0x001A5CE0,1,.rdata:0x00240414,1,1,covered-function-start
0x001A5CF0,1,.rdata:0x00240274,1,1,covered-function-start
0x001A5D50,2,.rdata:0x0023E71C | .rdata:0x00240278,1,1,covered-function-start
0x001A5D60,1,.rdata:0x00240358,0,0,internal-target-candidate
0x001A5DC0,1,.rdata:0x00240364,1,1,covered-function-start
0x001A5DD0,1,.rdata:0x00240368,1,1,covered-function-start
0x001A5DE0,1,.rdata:0x00240440,1,1,covered-function-start
0x001A5DF0,1,.rdata:0x0024035C,1,1,covered-function-start
0x001A5E50,1,.rdata:0x002403C4,1,1,covered-function-start
0x001A5E60,1,.rdata:0x002403D8,1,1,covered-function-start
0x001A5E80,1,.rdata:0x002403E8,1,1,covered-function-start
0x001A5EB0,1,.rdata:0x002403E0,1,1,covered-function-start
0x001A6080,1,.rdata:0x002403E4,0,1,internal-target-covered
0x001A6210,1,.rdata:0x002403D0,1,1,covered-function-start
0x001A6460,1,.rdata:0x002403DC,1,1,covered-function-start
0x001A65D0,1,.rdata:0x002403C8,1,1,covered-function-start
0x001A6B70,1,.rdata:0x002403B0,1,1,covered-function-start
0x001A6C40,1,.rdata:0x00240404,1,1,covered-function-start
0x001A6C90,1,.rdata:0x002403FC,1,1,covered-function-start
0x001A6CF0,1,.rdata:0x002403F4,1,1,covered-function-start
0x001A6D50,1,.rdata:0x002403F0,1,1,covered-function-start
0x001A6ED0,1,.rdata:0x00240400,1,1,covered-function-start
0x001A6EE0,1,.rdata:0x002403F8,0,1,internal-target-covered
0x001A6FE0,1,.rdata:0x00240408,1,1,covered-function-start
0x001A7070,1,.rdata:0x00240420,1,1,covered-function-start
0x001A70D0,1,.rdata:0x00240430,1,1,covered-function-start
0x001A7120,1,.rdata:0x00240428,1,1,covered-function-start
0x001A71E0,1,.rdata:0x0024041C,1,1,covered-function-start
0x001A72A0,3,.rdata:0x00231694 | .rdata:0x0023E7E4 | .rdata:0x0024042C,0,1,internal-target-covered
0x001A72B0,3,.rdata:0x0023168C | .rdata:0x0023E7DC | .rdata:0x00240424,0,1,internal-target-covered
0x001A9CB0,1,.rdata:0x00240508,1,1,covered-function-start
0x001A9D10,1,.rdata:0x00240514,1,1,covered-function-start
0x001A9D20,1,.rdata:0x00240518,1,1,covered-function-start
0x001A9D30,1,.rdata:0x0024050C,1,1,covered-function-start
0x001A9D70,1,.rdata:0x00240710,1,1,covered-function-start
0x001A9D80,1,.rdata:0x002405F0,1,1,covered-function-start
0x001A9DE0,1,.rdata:0x002405FC,1,1,covered-function-start
0x001A9DF0,1,.rdata:0x00240600,1,1,covered-function-start
0x001A9E00,1,.rdata:0x002405F4,1,1,covered-function-start
0x001A9E80,1,.rdata:0x00240750,1,1,covered-function-start
0x001A9E90,1,.rdata:0x00240640,1,1,covered-function-start
0x001A9EF0,1,.rdata:0x0024064C,1,1,covered-function-start
0x001A9F00,1,.rdata:0x00240650,1,1,covered-function-start
0x001A9F10,1,.rdata:0x00240644,1,1,covered-function-start
0x001A9F80,1,.rdata:0x00240780,1,1,covered-function-start
0x001A9F90,1,.rdata:0x002406C0,1,1,covered-function-start
0x001AA050,2,.rdata:0x0023E76C | .rdata:0x002406AC,1,1,covered-function-start
0x001AA0F0,1,.rdata:0x002406A4,0,0,internal-target-candidate
0x001AA100,1,.rdata:0x002406D0,0,0,internal-target-candidate
0x001AA110,1,.rdata:0x002406E0,0,0,internal-target-candidate
0x001AA140,1,.rdata:0x002406B4,1,1,covered-function-start
0x001AA170,2,.rdata:0x0023E78C | .rdata:0x002406CC,1,1,covered-function-start
0x001AA300,1,.rdata:0x0024072C,1,1,covered-function-start
0x001AA330,1,.rdata:0x00240718,1,1,covered-function-start
0x001AA3E0,1,.rdata:0x00240720,1,1,covered-function-start
0x001AA600,1,.rdata:0x00240728,1,1,covered-function-start
0x001AA930,1,.rdata:0x0024076C,1,1,covered-function-start
0x001AA960,1,.rdata:0x00240760,1,1,covered-function-start
0x001AAB40,4,.rdata:0x0023DB34 | .rdata:0x00240704 | .rdata:0x00240744 | .rdata:0x00240774,1,1,covered-function-start
0x001AABC0,1,.rdata:0x00240768,1,1,covered-function-start
0x001AAD90,1,.rdata:0x0024079C,1,1,covered-function-start
0x001AADC0,1,.rdata:0x00240788,1,1,covered-function-start
0x001AADD0,1,.rdata:0x00240798,1,1,covered-function-start
0x001AAE20,22,.rdata:0x00232938 | .rdata:0x00238388 | .rdata:0x0023980C | .rdata:0x00239850 | .rdata:0x00239894 | .rdata:0x002398FC | .rdata:0x00239C24 | .rdata:0x00239D28 | .rdata:0x00239D6C | .rdata:0x00239DB0 | .rdata:0x00239E08 | .rdata:0x00239E54 | .rdata:0x00239E9C | .rdata:0x00239EE0 | .rdata:0x00239F24 | .rdata:0x0023D780 | .rdata:0x0023D884 | .rdata:0x0023D8B0 | .rdata:0x0023D8BC | .rdata:0x0023D8DC | .rdata:0x0023DFCC | .rdata:0x00240790,1,1,covered-function-start
0x001AAE80,1,.rdata:0x00240734,1,1,covered-function-start
0x001AE330,1,.data:0x002441B4,1,1,covered-function-start
0x001AE390,1,.data:0x002441B8,1,1,covered-function-start
0x001AE3C0,1,.data:0x002441BC,1,1,covered-function-start
0x001AE3F0,1,.data:0x002441C0,1,1,covered-function-start
0x001AE400,1,.data:0x002441C4,1,1,covered-function-start
0x001AE410,1,.data:0x002441C8,1,1,covered-function-start
0x001AE420,1,.data:0x002441CC,1,1,covered-function-start
0x001AE430,1,.data:0x002441D0,1,1,covered-function-start
0x001AE4B0,1,.data:0x002441D4,1,1,covered-function-start
0x001AE530,1,.data:0x002441D8,1,1,covered-function-start
0x001AE5B0,1,.data:0x002441DC,1,1,covered-function-start
0x001AE5D0,1,.data:0x002441E0,1,1,covered-function-start
0x001AE600,1,.data:0x002441E4,1,1,covered-function-start
0x001AE620,1,.data:0x002441E8,1,1,covered-function-start
0x001AE630,1,.data:0x002441EC,1,1,covered-function-start
0x001AE6E0,1,.data:0x002441F0,1,1,covered-function-start
0x001AE6F0,1,.data:0x002441F4,1,1,covered-function-start
0x001AE720,1,.data:0x002441F8,1,1,covered-function-start
0x001AE760,1,.data:0x002441FC,1,1,covered-function-start
0x001AE7A0,1,.data:0x00244200,1,1,covered-function-start
0x001AE7F0,1,.data:0x00244204,1,1,covered-function-start
0x001AE850,1,.data:0x00244208,1,1,covered-function-start
0x001AE890,1,.data:0x0024420C,1,1,covered-function-start
0x001AE8B0,1,.data:0x00244210,1,1,covered-function-start
0x001AE8D0,1,.data:0x00244214,1,1,covered-function-start
0x001AE900,1,.data:0x00244218,1,1,covered-function-start
0x001AE930,1,.data:0x0024421C,1,1,covered-function-start
0x001AE949,1,.rdata:0x0023CD04,0,0,internal-target-candidate
0x001AE960,1,.data:0x00244220,1,1,covered-function-start
0x001AE990,1,.data:0x00244224,1,1,covered-function-start
0x001AE9C0,1,.data:0x00244228,1,1,covered-function-start
0x001AE9E0,1,.data:0x0024422C,1,1,covered-function-start
0x001AEA10,1,.data:0x00244230,1,1,covered-function-start
0x001AEA40,1,.data:0x00244234,1,1,covered-function-start
0x001AEA70,1,.data:0x00244238,1,1,covered-function-start
0x001AEAA0,1,.data:0x0024423C,1,1,covered-function-start
0x001AEAE0,1,.data:0x00244240,1,1,covered-function-start
0x001AEB20,1,.data:0x00244244,1,1,covered-function-start
0x001AEB50,1,.data:0x00244248,1,1,covered-function-start
0x001AEB80,1,.data:0x0024424C,1,1,covered-function-start
0x001AEBA0,1,.data:0x00244250,1,1,covered-function-start
0x001AEBD0,1,.data:0x00244254,1,1,covered-function-start
0x001AEC10,1,.data:0x00244258,1,1,covered-function-start
0x001AEC50,1,.data:0x0024425C,1,1,covered-function-start
0x001AEC90,1,.data:0x00244260,1,1,covered-function-start
0x001AECB0,1,.data:0x00244264,1,1,covered-function-start
0x001AECE0,1,.data:0x00244268,1,1,covered-function-start
0x001AED20,1,.data:0x0024426C,1,1,covered-function-start
0x001AED60,1,.data:0x00244270,1,1,covered-function-start
0x001AEDA0,1,.data:0x00244274,1,1,covered-function-start
0x001AEDD0,1,.data:0x00244278,1,1,covered-function-start
0x001AEE00,1,.data:0x0024427C,1,1,covered-function-start
0x001AEE30,1,.data:0x00244280,1,1,covered-function-start
0x001AEE60,1,.data:0x00244284,1,1,covered-function-start
0x001AEE90,1,.data:0x00244288,1,1,covered-function-start
0x001AEEC0,1,.data:0x0024428C,1,1,covered-function-start
0x001AEF00,1,.data:0x00244290,1,1,covered-function-start
0x001AEF30,1,.data:0x00244294,1,1,covered-function-start
0x001AEF40,1,.data:0x00244298,1,1,covered-function-start
0x001AEF50,1,.data:0x0024429C,1,1,covered-function-start
0x001AEF60,1,.data:0x002442A0,1,1,covered-function-start
0x001AEF80,1,.data:0x002442A4,1,1,covered-function-start
0x001AEFA0,1,.data:0x002442A8,1,1,covered-function-start
0x001AEFC0,1,.data:0x002442AC,1,1,covered-function-start
0x001AEFF0,1,.data:0x002442B0,1,1,covered-function-start
0x001AF000,1,.data:0x002442B4,1,1,covered-function-start
0x001AF010,1,.data:0x002442B8,1,1,covered-function-start
0x001AF020,1,.data:0x002442BC,1,1,covered-function-start
0x001AF030,1,.data:0x002442C0,1,1,covered-function-start
0x001AF040,1,.data:0x002442C4,1,1,covered-function-start
0x001AF060,1,.data:0x002442C8,1,1,covered-function-start
0x001AF130,1,.data:0x002442CC,1,1,covered-function-start
0x001AF1D0,1,.data:0x002442E0,1,1,covered-function-start
0x001AF200,1,.data:0x002442E4,1,1,covered-function-start
0x001AF230,1,.data:0x002442E8,1,1,covered-function-start
0x001AF250,1,.data:0x002442EC,1,1,covered-function-start
0x001AF290,1,.data:0x002442F0,1,1,covered-function-start
0x001AF2D0,1,.data:0x002442F4,1,1,covered-function-start
0x001AF310,1,.data:0x002442F8,1,1,covered-function-start
0x001AF350,1,.data:0x002442FC,1,1,covered-function-start
0x001AF390,1,.data:0x00244300,1,1,covered-function-start
0x001AF3C0,1,.data:0x00244304,1,1,covered-function-start
0x001AF400,1,.data:0x00244308,1,1,covered-function-start
0x001AF430,1,.data:0x0024430C,1,1,covered-function-start
0x001AF470,1,.data:0x00244310,1,1,covered-function-start
0x001AF480,1,.data:0x00244314,1,1,covered-function-start
0x001AF490,1,.data:0x00244318,1,1,covered-function-start
0x001AF4B0,1,.data:0x0024431C,1,1,covered-function-start
0x001AF4D0,1,.data:0x00244320,1,1,covered-function-start
0x001AF4F0,1,.data:0x00244324,1,1,covered-function-start
0x001AF520,1,.data:0x00244328,1,1,covered-function-start
0x001AF550,1,.data:0x0024432C,1,1,covered-function-start
0x001AF590,1,.data:0x00244330,1,1,covered-function-start
0x001AF5C0,1,.data:0x00244334,1,1,covered-function-start
0x001AF600,1,.data:0x00244338,1,1,covered-function-start
0x001AF630,1,.data:0x0024433C,1,1,covered-function-start
0x001AF670,1,.data:0x00244340,1,1,covered-function-start
0x001AF6A0,1,.data:0x00244344,1,1,covered-function-start
0x001AF6E0,1,.data:0x00244348,1,1,covered-function-start
0x001AF700,1,.data:0x0024434C,1,1,covered-function-start
0x001AF740,1,.data:0x00244350,1,1,covered-function-start
0x001AF760,1,.data:0x00244354,1,1,covered-function-start
0x001AF7A0,1,.data:0x00244358,1,1,covered-function-start
0x001AF7E0,1,.data:0x0024435C,1,1,covered-function-start
0x001AF820,1,.data:0x00244360,1,1,covered-function-start
0x001AF860,1,.data:0x00244364,1,1,covered-function-start
0x001AF8A0,1,.data:0x00244368,1,1,covered-function-start
0x001AF8E0,1,.data:0x0024436C,1,1,covered-function-start
0x001AF920,1,.data:0x00244370,1,1,covered-function-start
0x001AF960,1,.data:0x00244374,1,1,covered-function-start
0x001AF9A0,1,.data:0x00244378,1,1,covered-function-start
0x001AF9E0,1,.data:0x0024437C,1,1,covered-function-start
0x001AFA20,1,.data:0x00244380,1,1,covered-function-start
0x001CBF8F,1,.rdata:0x0023BF68,0,0,internal-target-candidate
0x001E11A5,1,.rdata:0x0023D06C,0,0,internal-target-candidate
0x001EC7AC,10,.rdata:0x00239480 | .rdata:0x00239490 | .rdata:0x002394DC | .rdata:0x002394EC | .rdata:0x002394FC | .rdata:0x00239524 | .rdata:0x00239534 | .rdata:0x00239560 | .rdata:0x00239570 | .rdata:0x00239598,1,1,covered-function-start
0x001EC7B9,13,.rdata:0x00239478 | .rdata:0x00239488 | .rdata:0x00239498 | .rdata:0x002394A8 | .rdata:0x002394B8 | .rdata:0x002394E4 | .rdata:0x002394F4 | .rdata:0x00239504 | .rdata:0x0023952C | .rdata:0x0023953C | .rdata:0x00239568 | .rdata:0x00239578 | .rdata:0x002395A0,0,1,internal-target-covered
0x001EC7CA,10,.rdata:0x00239484 | .rdata:0x00239494 | .rdata:0x002394E0 | .rdata:0x002394F0 | .rdata:0x00239500 | .rdata:0x00239528 | .rdata:0x00239538 | .rdata:0x00239564 | .rdata:0x00239574 | .rdata:0x0023959C,1,1,covered-function-start
0x001ECE37,2,.rdata:0x00239470 | .rdata:0x002394A0,0,1,internal-target-covered
0x001ECE7E,1,.rdata:0x002394A4,0,1,internal-target-covered
0x001ED229,1,.rdata:0x002394BC,0,0,internal-target-candidate
0x001ED270,1,.rdata:0x002394C0,0,1,internal-target-covered
0x001ED2BE,1,.rdata:0x002394C4,0,0,internal-target-candidate
0x001ED325,1,.rdata:0x002394D0,0,0,internal-target-candidate
0x001ED372,1,.rdata:0x002394D4,0,1,internal-target-covered
0x001ED3BD,1,.rdata:0x002394C8,0,1,internal-target-covered
0x001ED40E,1,.rdata:0x002394CC,1,1,covered-function-start
0x001ED858,1,.rdata:0x002394B0,0,0,internal-target-candidate
0x001ED862,1,.rdata:0x002394B4,0,0,internal-target-candidate
0x001ED86C,1,.rdata:0x002394F8,0,0,internal-target-candidate
0x001EDD7F,1,.rdata:0x0023946C,0,0,internal-target-candidate
0x001EDF62,1,.rdata:0x0023948C,0,0,internal-target-candidate
0x001EE1DE,1,.rdata:0x0023949C,0,1,internal-target-covered
0x001EE850,1,.rdata:0x00239474,1,1,covered-function-start
0x001EEED4,1,.rdata:0x0023947C,0,0,internal-target-candidate
0x001EF162,1,.rdata:0x002394E8,0,1,internal-target-covered
0x001EF685,1,.rdata:0x002394D8,0,1,internal-target-covered
0x001EFC95,1,.data:0x002442D0,1,1,covered-function-start
0x001EFCA0,1,.data:0x002442D4,1,1,covered-function-start
0x001F145E,1,.rdata:0x00239520,0,0,internal-target-candidate
0x001F1C82,1,.rdata:0x0023954C,0,1,internal-target-covered
0x001F1CB1,1,.rdata:0x00239550,1,1,covered-function-start
0x001F2178,1,.rdata:0x00239548,0,1,internal-target-covered
0x001F225D,1,.rdata:0x00239544,0,1,internal-target-covered
0x001F24A8,1,.rdata:0x00239554,0,1,internal-target-covered
0x001F24F3,1,.rdata:0x00239530,0,1,internal-target-covered
0x001F2A5B,1,.rdata:0x00239558,0,0,internal-target-candidate
0x001F2B61,1,.rdata:0x0023955C,0,0,internal-target-candidate
0x001F2C60,1,.data:0x002442D8,1,1,covered-function-start
0x001F2C6B,1,.data:0x002442DC,1,1,covered-function-start
0x001F2CB4,3,.rdata:0x00239540 | .rdata:0x0023957C | .rdata:0x002395A4,1,1,covered-function-start
0x001F2CFF,1,.rdata:0x00239580,1,1,covered-function-start
0x001F44CD,1,.rdata:0x0023956C,0,0,internal-target-candidate
0x001F49F9,1,.rdata:0x002395AC,0,1,internal-target-covered
0x001F4ADB,1,.rdata:0x002395B0,0,1,internal-target-covered
0x001F4B0A,1,.rdata:0x002395B4,1,1,covered-function-start
0x001F4FE5,1,.rdata:0x002395A8,0,1,internal-target-covered
0x001F50FF,1,.rdata:0x002395B8,0,1,internal-target-covered
0x001F514E,1,.rdata:0x00239594,0,1,internal-target-covered
0x001FBE78,1,.rdata:0x0023BCA4,0,0,internal-target-candidate
0x0021692A,1,.rdata:0x0023D068,0,0,internal-target-candidate
